date,Close,Volume
2016-01-04,992,98338
2016-01-05,999,29216
2016-01-06,1010,182160
2016-01-07,999,74815
2016-01-08,962,264149
2016-01-11,937,133519
2016-01-12,950,53612
2016-01-13,960,99491
2016-01-14,952,52795
2016-01-15,954,64230
2016-01-18,952,24095
2016-01-19,970,82071
2016-01-20,937,109347
2016-01-21,959,39671
2016-01-22,958,25697
2016-01-25,972,23509
2016-01-26,934,93005
2016-01-27,947,35969
2016-01-28,948,23407
2016-01-29,947,26771
2016-02-01,938,34214
2016-02-02,934,33649
2016-02-03,924,40971
2016-02-04,923,78718
2016-02-05,912,36512
2016-02-11,829,423396
2016-02-12,711,635235
2016-02-15,756,190676
2016-02-16,785,102720
2016-02-17,794,87498
2016-02-18,820,94654
2016-02-19,821,53624
2016-02-22,818,46398
2016-02-23,822,19375
2016-02-24,827,179434
2016-02-25,838,66729
2016-02-26,858,45786
2016-02-29,832,110754
2016-03-02,871,91011
2016-03-03,984,3268555
2016-03-04,968,424502
2016-03-07,973,308119
2016-03-08,960,1800744
2016-03-09,910,432271
2016-03-10,903,268752
2016-03-11,902,111902
2016-03-14,920,95154
2016-03-15,907,85749
2016-03-16,906,78021
2016-03-17,910,78905
2016-03-18,924,113345
2016-03-21,922,25257
2016-03-22,917,101603
2016-03-23,920,16223
2016-03-24,915,49585
2016-03-25,910,107058
2016-03-28,902,200197
2016-03-29,904,57375
2016-03-30,904,53139
2016-03-31,904,237214
2016-04-01,912,75424
2016-04-04,919,66246
2016-04-05,916,69433
2016-04-06,915,78826
2016-04-07,936,152721
2016-04-08,960,204699
2016-04-11,970,185336
2016-04-12,970,116114
2016-04-14,959,168431
2016-04-15,950,104407
2016-04-18,950,139250
2016-04-19,954,58384
2016-04-20,965,67754
2016-04-21,968,212443
2016-04-22,988,275577
2016-04-25,1005,372783
2016-04-26,997,111176
2016-04-27,981,124158
2016-04-28,979,102567
2016-04-29,963,211397
2016-05-02,961,69032
2016-05-03,961,31760
2016-05-04,955,88031
2016-05-09,953,59867
2016-05-10,950,119033
2016-05-11,992,583222
2016-05-12,983,109144
2016-05-13,981,116407
2016-05-16,997,94623
2016-05-17,991,114801
2016-05-18,976,124225
2016-05-19,980,93285
2016-05-20,984,82248
2016-05-23,989,128483
2016-05-24,978,128816
2016-05-25,1005,292939
2016-05-26,1010,207060
2016-05-27,1150,5390149
2016-05-30,1105,1466692
2016-05-31,1180,4835407
2016-06-01,1160,895064
2016-06-02,1100,1039436
2016-06-03,1115,1183412
2016-06-07,1120,425132
2016-06-08,1120,436491
2016-06-09,1075,565085
2016-06-10,1100,238134
2016-06-13,1080,172166
2016-06-14,1095,170945
2016-06-15,1145,740213
2016-06-16,1100,538870
2016-06-17,1155,3044104
2016-06-20,1185,1220729
2016-06-21,1190,1014978
2016-06-22,1165,1101833
2016-06-23,1140,568950
2016-06-24,1030,1703702
2016-06-27,1025,459416
2016-06-28,1070,1521830
2016-06-29,1075,291027
2016-06-30,1100,530078
2016-07-01,1105,264214
2016-07-04,1100,245883
2016-07-05,1135,875783
2016-07-06,1140,565415
2016-07-07,1155,373882
2016-07-08,1165,424775
2016-07-11,1190,540342
2016-07-12,1175,655425
2016-07-13,1180,237621
2016-07-14,1225,1697877
2016-07-15,1195,426000
2016-07-18,1325,10672785
2016-07-19,1285,1958397
2016-07-20,1220,1806746
2016-07-21,1275,1065564
2016-07-22,1245,846997
2016-07-25,1205,679664
2016-07-26,1265,839440
2016-07-27,1255,884353
2016-07-28,1305,2410417
2016-07-29,1490,35565523
2016-08-01,1530,13695463
2016-08-02,1410,5970958
2016-08-03,1365,3235000
2016-08-04,1305,4418441
2016-08-05,1300,1549779
2016-08-08,1325,1293553
2016-08-09,1315,853508
2016-08-10,1280,1034860
2016-08-11,1275,1451406
2016-08-12,1290,687622
2016-08-16,1285,331971
2016-08-17,1245,630213
2016-08-18,1270,536510
2016-08-19,1295,646896
2016-08-22,1265,341385
2016-08-23,1290,311016
2016-08-24,1280,484057
2016-08-25,1275,360453
2016-08-26,1285,421796
2016-08-29,1205,804751
2016-08-30,1225,494588
2016-08-31,1180,790043
2016-09-01,1200,277688
2016-09-02,1205,178182
2016-09-05,1260,312280
2016-09-06,1260,314292
2016-09-07,1260,325153
2016-09-08,1245,611719
2016-09-09,1205,199713
2016-09-12,1170,292961
2016-09-13,1205,108733
2016-09-19,1235,212010
2016-09-20,1270,292157
2016-09-21,1270,551492
2016-09-22,1295,339094
2016-09-23,1295,286552
2016-09-26,1310,850010
2016-09-27,1280,1174461
2016-09-28,1285,233366
2016-09-29,1310,499927
2016-09-30,1300,409394
2016-10-04,1310,193515
2016-10-05,1325,1670992
2016-10-06,1395,5241457
2016-10-07,1485,5788369
2016-10-10,1450,2989182
2016-10-11,1395,2278026
2016-10-12,1360,1784481
2016-10-13,1310,1598440
2016-10-14,1265,1462000
2016-10-17,1235,618610
2016-10-18,1245,431403
2016-10-19,1260,862220
2016-10-20,1230,570316
2016-10-21,1210,352426
2016-10-24,1220,168934
2016-10-25,1185,544787
2016-10-26,1110,1059140
2016-10-27,1155,377686
2016-10-28,1145,223346
2016-10-31,1080,487382
2016-11-01,1135,354976
2016-11-02,1140,1328788
2016-11-03,1200,725636
2016-11-04,1175,335820
2016-11-07,1175,329434
2016-11-08,1215,500027
2016-11-09,1060,1944931
2016-11-10,1140,475558
2016-11-11,1145,430248
2016-11-14,1185,339663
2016-11-15,1180,463316
2016-11-16,1210,364616
2016-11-17,1205,244415
2016-11-18,1190,345460
2016-11-21,1140,379967
2016-11-22,1165,132118
2016-11-23,1135,73287
2016-11-24,1120,156326
2016-11-25,1135,126068
2016-11-28,1145,153733
2016-11-29,1130,176428
2016-11-30,1125,85392
2016-12-01,1090,176758
2016-12-02,1095,76356
2016-12-05,1065,105797
2016-12-06,1095,94319
2016-12-07,1100,250224
2016-12-08,1095,139281
2016-12-09,1100,79105
2016-12-12,1135,102027
2016-12-13,1160,137769
2016-12-14,1150,110707
2016-12-15,1165,186418
2016-12-16,1185,135931
2016-12-19,1190,270824
2016-12-20,1185,154550
2016-12-21,1175,170639
2016-12-22,1180,105782
2016-12-23,1175,90414
2016-12-26,1170,96229
2016-12-27,1165,90151
2016-12-28,1215,517576
2016-12-29,1200,194393
2017-01-02,1220,183392
2017-01-03,1225,197573
2017-01-04,1230,235859
2017-01-05,1260,258551
2017-01-06,1260,226307
2017-01-09,1230,108870
2017-01-10,1275,479578
2017-01-11,1280,285205
2017-01-12,1265,143498
2017-01-13,1250,125153
2017-01-16,1230,141191
2017-01-17,1220,100386
2017-01-18,1240,72894
2017-01-19,1250,311254
2017-01-20,1215,126624
2017-01-23,1200,310612
2017-01-24,1160,471896
2017-01-25,1160,205660
2017-01-26,1265,1251316
2017-01-31,1305,1024863
2017-02-01,1300,759498
2017-02-02,1245,537058
2017-02-03,1260,359069
2017-02-06,1260,244392
2017-02-07,1250,374343
2017-02-08,1220,173082
2017-02-09,1235,133790
2017-02-10,1245,171203
2017-02-13,1225,146679
2017-02-14,1225,230092
2017-02-15,1250,628328
2017-02-16,1225,192590
2017-02-17,1245,165635
2017-02-20,1255,229003
2017-02-21,1270,187848
2017-02-22,1250,171716
2017-02-23,1240,720338
2017-02-24,1235,269877
2017-02-27,1230,217460
2017-02-28,1220,195061
2017-03-02,1235,105501
2017-03-03,1175,509058
2017-03-06,1210,130865
2017-03-07,1215,73418
2017-03-08,1220,102377
2017-03-09,1235,104227
2017-03-10,1220,171991
2017-03-13,1250,186289
2017-03-14,1255,246586
2017-03-15,1245,188529
2017-03-16,1255,152835
2017-03-17,1250,112075
2017-03-20,1240,129430
2017-03-21,1240,69903
2017-03-22,1215,194274
2017-03-23,1220,186982
2017-03-24,1200,168705
2017-03-27,1180,278119
2017-03-28,1220,120370
2017-03-29,1190,187488
2017-03-30,1175,122880
2017-03-31,1200,147469
2017-04-03,1240,321965
2017-04-04,1240,197583
2017-04-05,1245,188664
2017-04-06,1245,60294
2017-04-07,1235,104903
2017-04-10,1200,251238
2017-04-11,1180,304602
2017-04-12,1185,157286
2017-04-13,1210,169977
2017-04-14,1160,337022
2017-04-17,1195,131001
2017-04-18,1215,121470
2017-04-19,1190,83974
2017-04-20,1200,195430
2017-04-21,1195,120648
2017-04-24,1165,246948
2017-04-25,1190,32802
2017-04-26,1200,218670
2017-04-27,1195,140971
2017-04-28,1180,169232
2017-05-02,1240,881453
2017-05-04,1235,432334
2017-05-08,1280,1523239
2017-05-10,1260,276783
2017-05-11,1290,2740018
2017-05-12,1280,481824
2017-05-15,1270,473559
2017-05-16,1255,361728
2017-05-17,1255,316375
2017-05-18,1255,152035
2017-05-19,1260,427982
2017-05-22,1270,337559
2017-05-23,1270,271383
2017-05-24,1270,169622
2017-05-25,1255,219874
2017-05-26,1245,192388
2017-05-29,1250,125278
2017-05-30,1275,346817
2017-05-31,1275,360758
2017-06-01,1280,267765
2017-06-02,1300,403628
2017-06-05,1295,358830
2017-06-07,1275,287920
2017-06-08,1260,295551
2017-06-09,1280,281847
2017-06-12,1265,157841
2017-06-13,1270,141186
2017-06-14,1260,216116
2017-06-15,1265,186201
2017-06-16,1280,305654
2017-06-19,1340,2352373
2017-06-20,1320,762183
2017-06-21,1305,375973
2017-06-22,1300,825394
2017-06-23,1335,566983
2017-06-26,1315,3612633
2017-06-27,1335,1003289
2017-06-28,1305,495666
2017-06-29,1335,807940
2017-06-30,1375,1486624
2017-07-03,1360,685630
2017-07-04,1295,3083478
2017-07-05,1285,335034
2017-07-06,1270,598098
2017-07-07,1265,260834
2017-07-10,1270,211911
2017-07-11,1270,223865
2017-07-12,1220,538046
2017-07-13,1220,212622
2017-07-14,1210,196556
2017-07-17,1225,117989
2017-07-18,1235,209908
2017-07-19,1225,155210
2017-07-20,1215,169409
2017-07-21,1215,315456
2017-07-24,1205,113450
2017-07-25,1220,110510
2017-07-26,1195,241637
2017-07-27,1170,337063
2017-07-28,1145,250760
2017-07-31,1110,207438
2017-08-01,1145,119069
2017-08-02,1175,181703
2017-08-03,1150,170133
2017-08-04,1155,69038
2017-08-07,1165,103068
2017-08-08,1170,136075
2017-08-09,1125,275007
2017-08-10,1120,241716
2017-08-11,1100,118816
2017-08-14,1075,133034
2017-08-16,1095,53950
2017-08-17,1120,91293
2017-08-18,1125,38397
2017-08-21,1120,90788
2017-08-22,1145,215413
2017-08-23,1155,749673
2017-08-24,1170,124425
2017-08-25,1165,102744
2017-08-28,1170,93905
2017-08-29,1170,141211
2017-08-30,1180,138021
2017-08-31,1175,82703
2017-09-01,1185,84164
2017-09-04,1150,112196
2017-09-05,1140,93474
2017-09-06,1145,50517
2017-09-07,1135,130038
2017-09-08,1100,296435
2017-09-11,1115,84928
2017-09-12,1145,416624
2017-09-13,1180,471784
2017-09-14,1160,173282
2017-09-15,1135,160499
2017-09-18,1150,135556
2017-09-19,1140,1025338
2017-09-20,1105,227705
2017-09-21,1095,177109
2017-09-22,1020,283409
2017-09-25,1000,312048
2017-09-26,1010,148736
2017-09-27,1010,83664
2017-09-28,1000,40566
2017-09-29,1035,95303
2017-10-10,1040,78471
2017-10-11,1045,124102
2017-10-12,1035,25454
2017-10-13,1020,142667
2017-10-16,999,157556
2017-10-17,1000,189307
2017-10-18,991,47220
2017-10-19,1010,610634
2017-10-20,1010,29855
2017-10-23,1030,38306
2017-10-24,1035,88287
2017-10-25,1030,57315
2017-10-26,1020,84266
2017-10-27,1030,118611
2017-10-30,1035,51545
2017-10-31,1040,63281
2017-11-01,1035,49837
2017-11-02,1030,51433
2017-11-03,1045,243301
2017-11-06,1050,69078
2017-11-07,1060,72860
2017-11-08,1050,51632
2017-11-09,1050,42880
2017-11-10,1065,76964
2017-11-13,1075,145298
2017-11-14,1085,407714
2017-11-15,1055,119151
2017-11-16,1075,80438
2017-11-17,1060,90867
2017-11-20,1055,161635
2017-11-21,1055,69864
2017-11-22,1040,86543
2017-11-23,1080,202447
2017-11-24,1150,1026210
2017-11-27,1120,333488
2017-11-28,1105,385692
2017-11-29,1090,316592
2017-11-30,1090,2211514
2017-12-01,1085,467424
2017-12-04,1050,279388
2017-12-05,1035,228167
2017-12-06,1055,140772
2017-12-07,1030,248946
2017-12-08,1025,107421
2017-12-11,1035,106535
2017-12-12,1030,59650
2017-12-13,1030,60845
2017-12-14,1025,66069
2017-12-15,1020,185965
2017-12-18,1015,208417
2017-12-19,990,492188
2017-12-20,982,116323
2017-12-21,926,355065
2017-12-22,950,179748
2017-12-26,930,61827
2017-12-27,945,60082
2017-12-28,956,63114
2018-01-02,988,133818
2018-01-03,999,86102
2018-01-04,988,133135
2018-01-05,986,137759
2018-01-08,976,149357
2018-01-09,945,614443
2018-01-10,960,121202
2018-01-11,972,731191
2018-01-12,950,370686
2018-01-15,928,251495
2018-01-16,882,1038883
2018-01-17,883,221378
2018-01-18,900,134302
2018-01-19,892,626279
2018-01-22,920,218871
2018-01-23,930,156845
2018-01-24,952,319651
2018-01-25,964,257783
2018-01-26,988,263458
2018-01-29,991,271069
2018-01-30,985,210168
2018-01-31,977,115548
2018-02-01,994,220828
2018-02-02,972,168740
2018-02-05,967,157264
2018-02-06,917,630770
2018-02-07,921,155218
2018-02-08,933,89732
2018-02-09,926,148938
2018-02-12,927,56033
2018-02-13,928,42843
2018-02-14,928,46542
2018-02-19,938,72249
2018-02-20,943,71880
2018-02-21,948,71717
2018-02-22,942,68390
2018-02-23,938,81851
2018-02-26,941,195708
2018-02-27,940,69790
2018-02-28,939,148917
2018-03-02,942,177095
2018-03-05,938,157619
2018-03-06,940,199288
2018-03-07,956,736162
2018-03-08,972,157048
2018-03-09,974,267201
2018-03-12,984,131847
2018-03-13,980,111891
2018-03-14,982,78967
2018-03-15,985,144224
2018-03-16,977,126690
2018-03-19,970,180707
2018-03-20,983,154489
2018-03-21,1005,1231377
2018-03-22,998,627525
2018-03-23,1005,2946479
2018-03-26,1090,3387233
2018-03-27,1055,1881313
2018-03-28,1100,1772651
2018-03-29,1050,671110
2018-03-30,1065,541020
2018-04-02,1030,506834
2018-04-03,1035,431742
2018-04-04,1000,385934
2018-04-05,1010,329995
2018-04-06,999,236766
2018-04-09,980,400167
2018-04-10,970,270316
2018-04-11,974,130555
2018-04-12,991,285239
2018-04-13,1020,349802
2018-04-16,1035,363073
2018-04-17,1040,273060
2018-04-18,1035,167593
2018-04-19,1130,1745900
2018-04-20,1465,17473593
2018-04-23,1315,17616614
2018-04-24,1290,3312995
2018-04-25,1215,2818922
2018-04-26,1215,1097098
2018-04-27,1190,947747
2018-04-30,1235,3110262
2018-05-02,1275,2187232
2018-05-03,1225,1035881
2018-05-04,1250,1075715
2018-05-08,1200,895095
2018-05-09,1180,1042713
2018-05-10,1235,580460
2018-05-11,1250,624594
2018-05-14,1295,785441
2018-05-15,1310,905208
2018-05-16,1200,1486764
2018-05-17,1210,665596
2018-05-18,1220,13841294
2018-05-21,1205,1218567
2018-05-23,1180,935354
2018-05-24,1145,734729
2018-05-25,1090,889459
2018-05-28,1165,1043379
2018-05-29,1165,416164
2018-05-30,1120,511728
2018-05-31,1130,630706
2018-06-01,1165,677359
2018-06-04,1165,284785
2018-06-05,1190,366048
2018-06-07,1240,952892
2018-06-08,1200,586578
2018-06-11,1200,586285
2018-06-12,1155,453610
2018-06-14,1100,400768
2018-06-15,1120,301031
2018-06-18,1090,420593
2018-06-19,1225,6503845
2018-06-20,1260,2156963
2018-06-21,1170,1167265
2018-06-22,1245,2954108
2018-06-25,1255,921507
2018-06-26,1215,931037
2018-06-27,1200,710279
2018-06-28,1295,4371256
2018-06-29,1240,1732826
2018-07-02,1120,1345571
2018-07-03,1060,1159835
2018-07-04,1050,660643
2018-07-05,1005,594464
2018-07-06,1065,2657814
2018-07-09,1095,517194
2018-07-10,1095,604529
2018-07-11,1075,262755
2018-07-12,1115,535560
2018-07-13,1115,288437
2018-07-16,1140,812512
2018-07-17,1110,399299
2018-07-18,1165,7175787
2018-07-19,1140,824618
2018-07-20,1085,700486
2018-07-23,1040,609793
2018-07-24,1085,318818
2018-07-25,1070,190279
2018-07-26,1110,204819
2018-07-27,1115,145651
2018-07-30,1120,1719410
2018-07-31,1140,287708
2018-08-01,1135,176564
2018-08-02,1115,214286
2018-08-03,1150,105088
2018-08-06,1155,96514
2018-08-07,1140,149887
2018-08-08,1195,563361
2018-08-09,1200,489419
2018-08-10,1180,259415
2018-08-13,1120,225965
2018-08-14,1120,216403
2018-08-16,1145,327300
2018-08-17,1145,185517
2018-08-20,1145,170667
2018-08-21,1165,5794472
2018-08-22,1150,907039
2018-08-23,1130,641987
2018-08-24,1130,470511
2018-08-27,1120,280882
2018-08-28,1120,304629
2018-08-29,1180,2755232
2018-08-30,1175,625105
2018-08-31,1180,506337
2018-09-03,1190,521169
2018-09-04,1175,401424
2018-09-05,1225,1180039
2018-09-06,1190,539050
2018-09-07,1175,365718
2018-09-10,1170,244370
2018-09-11,1210,398977
2018-09-12,1185,376178
2018-09-13,1190,221982
2018-09-14,1175,358484
2018-09-17,1210,461462
2018-09-18,1120,1231997
2018-09-19,1100,639583
2018-09-20,1095,435415
2018-09-21,1110,223273
2018-09-27,1115,143807
2018-09-28,1095,251788
2018-10-01,1110,192609
2018-10-02,1100,220870
2018-10-04,1070,381599
2018-10-05,1060,151435
2018-10-08,1030,198192
2018-10-10,996,636597
2018-10-11,900,697483
2018-10-12,916,454540
2018-10-15,923,252669
2018-10-16,960,195026
2018-10-17,957,71486
2018-10-18,957,73929
2018-10-19,960,61886
2018-10-22,962,79148
2018-10-23,934,170411
2018-10-24,894,338558
2018-10-25,864,209855
2018-10-26,845,141763
2018-10-29,744,390938
2018-10-30,781,151271
2018-10-31,816,86206
2018-11-01,847,91072
2018-11-02,886,104947
2018-11-05,860,51484
2018-11-06,881,105346
2018-11-07,856,60889
2018-11-08,880,74062
2018-11-09,898,42709
2018-11-12,883,34765
2018-11-13,869,46072
2018-11-14,906,58366
2018-11-15,903,64576
2018-11-16,919,47669
2018-11-19,908,56018
2018-11-20,896,43171
2018-11-21,900,75590
2018-11-22,901,54312
2018-11-23,880,48507
2018-11-26,876,55479
2018-11-27,874,40975
2018-11-28,894,60628
2018-11-29,897,51137
2018-11-30,894,50935
2018-12-03,901,43452
2018-12-04,898,66925
2018-12-05,895,54632
2018-12-06,861,113508
2018-12-07,863,37811
2018-12-10,859,61958
2018-12-11,835,81553
2018-12-12,841,38208
2018-12-13,870,69913
2018-12-14,882,440699
2018-12-17,878,63947
2018-12-18,886,80538
2018-12-19,913,209016
2018-12-20,915,82685
2018-12-21,912,77157
2018-12-24,905,49063
2018-12-26,872,124738
2018-12-27,875,27245
2018-12-28,890,52913
2019-01-02,918,128266
2019-01-03,920,47047
2019-01-04,914,27553
2019-01-07,925,88852
2019-01-08,923,50792
2019-01-09,928,50153
2019-01-10,932,78489
2019-01-11,930,94100
2019-01-14,919,90621
2019-01-15,919,63813
2019-01-16,959,270641
2019-01-17,971,132188
2019-01-18,974,276522
2019-01-21,1020,317670
2019-01-22,983,265463
2019-01-23,977,67119
2019-01-24,972,80334
2019-01-25,966,274972
2019-01-28,970,122804
2019-01-29,945,212988
2019-01-30,953,99138
2019-01-31,955,88254
2019-02-01,968,77958
2019-02-07,990,170657
2019-02-08,970,125072
2019-02-11,969,81559
2019-02-12,985,76644
2019-02-13,983,82429
2019-02-14,983,72615
2019-02-15,988,115863
2019-02-18,1010,170487
2019-02-19,1005,141822
2019-02-20,995,71039
2019-02-21,997,118248
2019-02-22,1005,192861
2019-02-25,1010,268699
2019-02-26,995,108253
2019-02-27,990,90835
2019-02-28,960,266444
2019-03-04,970,78905
2019-03-05,941,162824
2019-03-06,1065,10847909
2019-03-07,1000,1496674
2019-03-08,982,666006
2019-03-11,972,470349
2019-03-12,960,409438
2019-03-13,953,205234
2019-03-14,971,212880
2019-03-15,958,258338
2019-03-18,959,228284
2019-03-19,960,125485
2019-03-20,955,171519
2019-03-21,947,75077
2019-03-22,951,539346
2019-03-25,951,176221
2019-03-26,995,465868
2019-03-27,972,9390034
2019-03-28,960,590207
2019-03-29,969,445531
2019-04-01,986,251431
2019-04-02,984,196826
2019-04-03,985,249309
2019-04-04,997,316265
2019-04-05,1010,240070
2019-04-08,1005,160943
2019-04-09,996,278677
2019-04-10,990,202824
2019-04-11,1020,249117
2019-04-12,1025,2261409
2019-04-15,1035,361980
2019-04-16,1005,360981
2019-04-17,1020,167580
2019-04-18,1025,179314
2019-04-19,1040,4647534
2019-04-22,1120,1636074
2019-04-23,1120,739726
2019-04-24,1105,619132
2019-04-25,1100,724379
2019-04-26,1095,399136
2019-04-29,1100,255151
2019-04-30,1075,380806
2019-05-02,1085,203454
2019-05-03,1100,216290
2019-05-07,1110,477523
2019-05-08,1135,628500
2019-05-09,1045,773140
2019-05-10,1030,282349
2019-05-13,1020,198784
2019-05-14,1015,174319
2019-05-15,1030,278844
2019-05-16,1040,176847
2019-05-17,1055,104784
2019-05-20,1030,152815
2019-05-21,1020,198373
2019-05-22,1035,118945
2019-05-23,1015,136051
2019-05-24,1000,172401
2019-05-27,1015,85535
2019-05-28,1010,127643
2019-05-29,985,158069
2019-05-30,963,262621
2019-05-31,978,92535
2019-06-03,980,81786
2019-06-04,980,85086
2019-06-05,1000,120925
2019-06-07,1005,130014
2019-06-10,1015,106666
2019-06-11,1010,131966
2019-06-12,1010,128366
2019-06-13,1010,113135
2019-06-14,1005,65453
2019-06-17,1015,108758
2019-06-18,1010,69685
2019-06-19,1015,119747
2019-06-20,1045,167072
2019-06-21,1035,739680
2019-06-24,1020,159917
2019-06-25,1010,134808
2019-06-26,1005,141651
2019-06-27,1000,112983
2019-06-28,1010,71785
2019-07-01,1015,76858
2019-07-02,1045,333392
2019-07-03,1035,301640
2019-07-04,1035,888183
2019-07-05,1005,284344
2019-07-08,980,298132
2019-07-09,953,204703
2019-07-10,971,82270
2019-07-11,976,78986
2019-07-12,979,20916
2019-07-15,965,87131
2019-07-16,962,87094
2019-07-17,924,248379
2019-07-18,913,101734
2019-07-19,925,17822
2019-07-22,927,35458
2019-07-23,924,72253
2019-07-24,923,64416
2019-07-25,908,182418
2019-07-26,888,111080
2019-07-29,810,504307
2019-07-30,834,56008
2019-07-31,849,36027
2019-08-01,825,43011
2019-08-02,843,44786
2019-08-05,739,251900
2019-08-06,717,466059
2019-08-07,745,155676
2019-08-08,777,92797
2019-08-09,789,143246
2019-08-12,795,42369
2019-08-13,797,32347
2019-08-14,815,70824
2019-08-16,801,65980
2019-08-19,810,50350
2019-08-20,816,59490
2019-08-21,831,128892
2019-08-22,828,74648
2019-08-23,823,53002
2019-08-26,797,77977
2019-08-27,801,110917
2019-08-28,818,40099
2019-08-29,809,109842
2019-08-30,820,94302
2019-09-02,834,48542
2019-09-03,840,26566
2019-09-04,847,63485
2019-09-05,853,52969
2019-09-06,850,49071
2019-09-09,839,79338
2019-09-10,830,45102
2019-09-11,840,68926
2019-09-16,850,46423
2019-09-17,850,47248
2019-09-18,857,104590
2019-09-19,867,51339
2019-09-20,863,70429
2019-09-23,875,75093
2019-09-24,874,45873
2019-09-25,854,95159
2019-09-26,853,49243
2019-09-27,861,23217
2019-09-30,855,40419
2019-10-01,852,25560
2019-10-02,850,48720
2019-10-04,843,16511
2019-10-07,826,129469
2019-10-08,826,25366
2019-10-10,823,84687
2019-10-11,828,14084
2019-10-14,840,46171
2019-10-15,840,42669
2019-10-16,848,27649
2019-10-17,847,50053
2019-10-18,848,44239
2019-10-21,859,54940
2019-10-22,859,46641
2019-10-23,859,39867
2019-10-24,848,41205
2019-10-25,847,31903
2019-10-28,848,29325
2019-10-29,847,39326
2019-10-30,840,59932
2019-10-31,837,15244
2019-11-01,850,41214
2019-11-04,873,90778
2019-11-05,880,45703
2019-11-06,868,49495
2019-11-07,870,21150
2019-11-08,872,15490
2019-11-11,872,36608
2019-11-12,881,54986
2019-11-13,878,30268
2019-11-14,876,70575
2019-11-15,855,64878
2019-11-18,857,33692
2019-11-19,849,37500
2019-11-20,844,26242
2019-11-21,834,63054
2019-11-22,831,58686
2019-11-25,828,14752
2019-11-26,835,22752
2019-11-27,832,18171
2019-11-28,827,23444
2019-11-29,828,29509
2019-12-02,822,31104
2019-12-03,828,52222
2019-12-04,819,65058
2019-12-05,815,41585
2019-12-06,804,59283
2019-12-09,812,26656
2019-12-10,812,37192
2019-12-11,811,21189
2019-12-12,813,14822
2019-12-13,817,21276
2019-12-16,817,26196
2019-12-17,816,57310
2019-12-18,815,30579
2019-12-19,812,62511
2019-12-20,813,25541
2019-12-23,809,23383
2019-12-24,806,32679
2019-12-26,812,66897
2019-12-27,813,75083
2019-12-30,823,33298
2020-01-02,823,22403
2020-01-03,821,51576
2020-01-06,811,76661
2020-01-07,817,48115
2020-01-08,806,60577
2020-01-09,810,57235
2020-01-10,822,25083
2020-01-13,833,45352
2020-01-14,831,12597
2020-01-15,832,69573
2020-01-16,834,20438
2020-01-17,839,37135
2020-01-20,849,42106
2020-01-21,833,35538
2020-01-22,830,26465
2020-01-23,829,32099
2020-01-28,803,90535
2020-01-29,808,57861
2020-01-30,797,44403
2020-01-31,801,30661
2020-02-03,799,48159
2020-02-04,798,99335
2020-02-05,801,15921
2020-02-06,813,18064
2020-02-07,805,74147
2020-02-10,786,81865
2020-02-11,802,27287
2020-02-12,799,43817
2020-02-13,805,89767
2020-02-14,814,32229
2020-02-17,803,104777
2020-02-18,793,54627
2020-02-19,789,79637
2020-02-20,789,88225
2020-02-21,789,62398
2020-02-24,760,72892
2020-02-25,764,23751
2020-02-26,784,84372
2020-02-27,770,44930
2020-02-28,730,236297
2020-03-02,743,66408
2020-03-03,753,41683
2020-03-04,758,6973
2020-03-05,749,37269
2020-03-06,753,32910
2020-03-09,735,187174
2020-03-10,715,63077
2020-03-11,660,90446
2020-03-12,614,150562
2020-03-13,495,750427
2020-03-16,442,819590
2020-03-17,421,501574
2020-03-18,405,274382
2020-03-19,371,416766
2020-03-20,399,983109
2020-03-23,396,242516
2020-03-24,450,185461
2020-03-25,495,101594
2020-03-26,493,142222
2020-03-27,492,223195
2020-03-30,495,264159
2020-03-31,486,230129
2020-04-01,480,146744
2020-04-02,494,34543
2020-04-03,493,51543
2020-04-06,504,127727
2020-04-07,524,220906
2020-04-08,541,1740513
2020-04-09,554,372842
2020-04-10,567,193823
2020-04-13,535,145047
2020-04-14,560,126527
2020-04-16,558,70272
2020-04-17,565,190768
2020-04-20,568,177097
2020-04-21,551,206461
2020-04-22,524,344563
2020-04-23,536,103091
2020-04-24,530,107767
2020-04-27,540,67829
2020-04-28,546,39798
2020-04-29,556,73675
2020-05-04,555,231031
2020-05-06,567,75102
2020-05-07,575,124920
2020-05-08,587,225653
2020-05-11,607,839263
2020-05-12,605,152319
2020-05-13,602,54770
2020-05-14,591,66719
2020-05-15,579,80632
2020-05-18,579,54596
2020-05-19,602,222501
2020-05-20,607,70203
2020-05-21,629,513913
2020-05-22,619,115026
2020-05-25,617,85892
2020-05-26,618,94550
2020-05-27,617,62591
2020-05-28,600,114439
2020-05-29,605,26278
2020-06-01,610,90452
2020-06-02,623,102896
2020-06-03,634,204182
2020-06-04,637,110848
2020-06-05,644,91058
2020-06-08,638,134951
2020-06-09,640,107696
2020-06-10,637,71216
2020-06-11,632,66159
2020-06-12,602,154594
2020-06-15,588,112366
2020-06-16,592,78665
2020-06-17,573,87371
2020-06-18,587,55936
2020-06-19,580,87503
2020-06-22,580,15862
2020-06-23,571,82760
2020-06-24,579,29913
2020-06-25,564,88069
2020-06-26,573,55286
2020-06-29,568,50865
2020-06-30,599,111725
2020-07-01,627,337150
2020-07-02,643,229917
2020-07-03,645,365685
2020-07-06,703,421563
2020-07-07,698,240357
2020-07-08,732,385359
2020-07-09,750,240131
2020-07-10,745,259619
2020-07-13,727,601746
2020-07-14,725,147589
2020-07-15,744,145108
2020-07-16,732,434244
2020-07-17,744,28693
2020-07-20,750,50435
2020-07-21,740,56026
2020-07-22,734,246528
2020-07-23,718,301764
2020-07-24,699,214606
2020-07-27,699,33817
2020-07-28,701,139885
2020-07-29,709,37193
2020-07-30,737,74730
2020-07-31,734,71922
2020-08-03,725,98559
2020-08-04,742,126665
2020-08-05,750,114082
2020-08-06,745,720939
2020-08-07,777,166575
2020-08-10,789,156547
2020-08-11,789,94011
2020-08-12,771,103257
2020-08-13,790,183467
2020-08-14,793,766463
2020-08-18,802,5008276
2020-08-19,825,1830181
2020-08-20,734,863975
2020-08-21,732,541780
2020-08-24,716,276323
2020-08-25,740,281375
2020-08-26,749,137149
2020-08-27,730,164049
2020-08-28,751,175435
2020-08-31,788,666235
2020-09-01,825,393214
2020-09-02,847,468249
2020-09-03,866,326968
2020-09-04,866,257572
2020-09-07,906,435379
2020-09-08,890,268467
2020-09-09,861,171564
2020-09-10,866,111489
2020-09-11,848,161744
2020-09-14,871,104652
2020-09-15,866,113516
2020-09-16,855,265386
2020-09-17,845,165320
2020-09-18,940,11197350
2020-09-21,891,1404238
2020-09-22,898,2269303
2020-09-23,1020,2287723
2020-09-24,936,13103887
2020-09-25,931,2233055
2020-09-28,895,3503842
2020-09-29,905,750651
2020-10-05,934,610775
2020-10-06,929,399156
2020-10-07,990,1644455
2020-10-08,985,674643
2020-10-12,990,415940
2020-10-13,1065,1771686
2020-10-14,1020,716523
2020-10-15,1115,2305270
2020-10-16,1030,1412896
2020-10-19,995,565060
2020-10-20,995,452459
2020-10-21,1020,283260
2020-10-22,1005,292529
2020-10-23,1000,284195
2020-10-26,992,521044
2020-10-27,985,337338
2020-10-28,1025,230428
2020-10-29,1040,420959
2020-10-30,982,14850524
2020-11-02,1005,1021376
2020-11-03,1005,740030
2020-11-04,1060,3345703
2020-11-05,1375,55741444
2020-11-06,1220,17603049
2020-11-09,1285,9798890
2020-11-10,1300,7699599
2020-11-11,1305,5558030
2020-11-12,1305,8816553
2020-11-13,1270,2964613
2020-11-16,1285,1917509
2020-11-17,1155,5207160
2020-11-18,1170,3068780
2020-11-19,1160,2175467
2020-11-20,1220,4790777
2020-11-23,1245,3277390
2020-11-24,1280,2763165
2020-11-25,1660,22267683
2020-11-26,1860,85903816
2020-11-27,1740,12537633
2020-11-30,1755,7498361
2020-12-01,1725,5274025
2020-12-02,1690,3963725
2020-12-03,1655,46504789
2020-12-04,1635,5823867
2020-12-07,1515,6215238
2020-12-08,1540,4789062
2020-12-09,1610,5975172
2020-12-10,1610,2313298
2020-12-11,1575,1804479
2020-12-14,1590,2298930
2020-12-15,1545,1408322
2020-12-16,1570,5563441
2020-12-17,1675,15156968
2020-12-18,1650,5303767
2020-12-21,1665,1826853
2020-12-22,1600,2158894
2020-12-23,1535,2123582
2020-12-24,1455,2312278
2020-12-28,1430,1831966
2020-12-29,1465,938032
2020-12-30,1525,1361438
2021-01-04,1550,952584
2021-01-05,1635,2948329
2021-01-06,1600,2207873
2021-01-07,1550,1476961
2021-01-08,1500,1741349
2021-01-11,1515,3479804
2021-01-12,1530,5811279
2021-01-13,1530,1397001
2021-01-14,1515,1514853
2021-01-15,1480,1275270
2021-01-18,1470,847692
2021-01-19,1580,3097557
2021-01-20,1590,2876185
2021-01-21,1700,7876353
2021-01-22,1700,4080266
2021-01-25,1810,6745111
2021-01-26,1755,1917390
2021-01-27,1660,3011465
2021-01-28,1680,3627220
2021-01-29,1550,1924095
2021-02-01,1595,1257638
2021-02-02,1640,1290656
2021-02-03,1630,817460
2021-02-04,1635,874038
2021-02-05,1680,3030737
2021-02-08,1660,910372
2021-02-09,1660,797939
2021-02-10,1675,708113
2021-02-15,1815,3967351
2021-02-16,1805,5629420
2021-02-17,1815,2425496
2021-02-18,1880,14839903
2021-02-19,1960,9735650
2021-02-22,1890,2341165
2021-02-23,1845,2673461
2021-02-24,1735,7357484
2021-02-25,1790,1437065
2021-02-26,1695,2113944
2021-03-02,1650,1260796
2021-03-03,1745,2974356
2021-03-04,1770,2056205
2021-03-05,1830,51941576
2021-03-08,1785,7007675
2021-03-09,1695,3289017
2021-03-10,1670,2130234
2021-03-11,1670,1328419
2021-03-12,1705,1071908
2021-03-15,1790,3523956
2021-03-16,1780,1812145
2021-03-17,1765,1213708
2021-03-18,1760,1221983
2021-03-19,1730,1709320
2021-03-22,1745,6122742
2021-03-23,1720,1323146
2021-03-24,1720,1818594
2021-03-25,1725,962067
2021-03-26,1770,1679927
2021-03-29,1805,3131605
2021-03-30,1895,2421834
2021-03-31,1860,28175292
2021-04-01,1830,2510966
2021-04-02,1840,2084298
2021-04-05,1890,8159797
2021-04-06,1900,5246467
2021-04-07,2070,17357710
2021-04-08,2005,4272845
2021-04-09,1935,2887663
2021-04-12,1940,1483596
2021-04-13,1895,1596002
2021-04-14,1955,2953090
2021-04-15,1935,2262465
2021-04-16,1930,1022972
2021-04-19,1955,1426290
2021-04-20,1940,1590709
2021-04-21,1920,1091169
2021-04-22,1920,683059
2021-04-23,1895,939591
2021-04-26,1870,1162686
2021-04-27,1860,708862
2021-04-28,1870,1040228
2021-04-29,1855,634426
2021-04-30,1835,606314
2021-05-03,1850,4996896
2021-05-04,1845,587289
2021-05-06,1845,501832
2021-05-07,1845,480185
2021-05-10,1890,603117
2021-05-11,1860,506530
2021-05-12,1800,894773
2021-05-13,1790,493905
2021-05-14,1780,414940
2021-05-17,1780,526582
2021-05-18,1695,1454962
2021-05-20,1665,740622
2021-05-21,1615,1028065
2021-05-24,1540,1153728
2021-05-25,1585,419741
2021-05-26,1575,356672
2021-05-27,1575,481131
2021-05-28,1565,591184
2021-05-31,1575,560665
2021-06-01,1635,693730
2021-06-02,1615,381930
2021-06-03,1615,334119
2021-06-04,1610,362499
2021-06-07,1595,441605
2021-06-08,1575,871261
2021-06-09,1525,683538
2021-06-10,1525,370420
2021-06-11,1540,345898
2021-06-14,1540,339987
2021-06-15,1540,331562
2021-06-16,1565,366636
2021-06-17,1600,653715
2021-06-18,1640,1773382
2021-06-21,1620,463321
2021-06-22,1810,7842614
2021-06-23,1815,2274763
2021-06-24,1845,2251909
2021-06-25,1905,3735582
2021-06-28,1880,1050007
2021-06-29,1830,831064
2021-06-30,1895,943181
2021-07-01,1865,740740
2021-07-02,1870,680836
2021-07-05,1810,871134
2021-07-06,1810,577912
2021-07-07,1700,3022623
2021-07-08,1655,1341176
2021-07-09,1660,731033
2021-07-12,1675,369462
2021-07-13,1675,348813
2021-07-14,1720,764851
2021-07-15,1720,1230362
2021-07-16,1700,370376
2021-07-19,1690,218149
2021-07-20,1785,11492369
2021-07-21,1735,1286240
2021-07-22,2065,92239610
2021-07-23,2075,15849597
2021-07-26,1935,11958937
2021-07-27,1860,5716552
2021-07-28,1850,3925162
2021-07-29,1905,8274022
2021-07-30,1815,2631501
2021-08-02,1850,1277189
2021-08-03,1810,999863
2021-08-04,1860,2842094
2021-08-05,1900,8352975
2021-08-06,1865,1512095
2021-08-09,1940,4370714
2021-08-10,1900,1744475
2021-08-11,1840,1954625
2021-08-12,1810,1233592
2021-08-13,1785,1587491
2021-08-17,1710,1267403
2021-08-18,1730,694926
2021-08-19,1640,1262426
2021-08-20,1580,978804
2021-08-23,1615,503257
2021-08-24,1655,379610
2021-08-25,1700,591483
2021-08-26,1680,223997
2021-08-27,1670,276177
2021-08-30,1680,434668
2021-08-31,1680,295493
2021-09-01,1725,719514
2021-09-02,1720,252502
2021-09-03,1780,540585
2021-09-06,1780,390160
2021-09-07,1775,352142
2021-09-08,1775,1231701
2021-09-09,1750,405510
2021-09-10,1780,424911
2021-09-13,1755,334861
2021-09-14,1745,343355
2021-09-15,1815,6127046
2021-09-16,1765,968507
2021-09-17,1750,400787
2021-09-23,1700,511118
2021-09-24,1710,450697
2021-09-27,1705,181350
2021-09-28,1690,315558
2021-09-29,1665,632208
2021-09-30,1635,432237
2021-10-01,1620,543945
2021-10-05,1560,671159
2021-10-06,1510,510634
2021-10-07,1545,338704
2021-10-08,1545,225452
2021-10-12,1530,331011
2021-10-13,1545,283929
2021-10-14,1600,440721
2021-10-15,1625,395698
2021-10-18,1630,157040
2021-10-19,1600,342382
2021-10-20,1665,3882446
2021-10-21,1690,1188290
2021-10-22,1655,485130
2021-10-25,1645,272010
2021-10-26,1655,526065
2021-10-27,1675,569675
2021-10-28,1675,281877
2021-10-29,1655,237270
2021-11-01,1690,555062
2021-11-02,1700,359776
2021-11-03,1675,277365
2021-11-04,1650,248567
2021-11-05,1615,363627
2021-11-08,1620,343812
2021-11-09,1610,228770
2021-11-10,1570,352234
2021-11-11,1540,343114
2021-11-12,1575,194671
2021-11-15,1620,215601
2021-11-16,1585,408886
2021-11-17,1565,272782
2021-11-18,1585,580690
2021-11-19,1565,251608
2021-11-22,1640,3193276
2021-11-23,1605,423140
2021-11-24,1590,321215
2021-11-25,1560,226812
2021-11-26,1525,527569
2021-11-29,1480,397920
2021-11-30,1400,760408
2021-12-01,1430,299426
2021-12-02,1455,245602
2021-12-03,1465,168551
2021-12-06,1455,158155
2021-12-07,1530,575882
2021-12-08,1520,504973
2021-12-09,1540,296527
2021-12-10,1610,4790177
2021-12-13,1625,883802
2021-12-14,1595,606121
2021-12-15,1590,391797
2021-12-16,1600,255712
2021-12-17,1610,237437
2021-12-20,1570,248323
2021-12-21,1590,348858
2021-12-22,1570,200793
2021-12-23,1590,278986
2021-12-24,1580,244006
2021-12-27,1580,230396
2021-12-28,1585,288554
2021-12-29,1610,1293872
2021-12-30,1595,276805
2022-01-03,1610,256962
2022-01-04,1625,370719
2022-01-05,1645,4207184
2022-01-06,1605,666648
2022-01-07,1685,1778150
2022-01-10,1680,594436
2022-01-11,1875,34596533
2022-01-12,1780,10668937
2022-01-13,1720,8216667
2022-01-14,1715,2913186
2022-01-17,1735,2859145
2022-01-18,1695,2124608
2022-01-19,1735,78002629
2022-01-20,1765,9607959
2022-01-21,1710,5076663
2022-01-24,1700,6509997
2022-01-25,1580,5157979
2022-01-26,1515,2098831
2022-01-27,1450,1739777
2022-01-28,1505,978249
2022-02-03,1540,897659
2022-02-04,1680,32400906
2022-02-07,1695,6613151
2022-02-08,1710,5944940
2022-02-09,1695,3300508
2022-02-10,1690,1682981
2022-02-11,1655,1411503
2022-02-14,1590,1488527
2022-02-15,1555,1109508
2022-02-16,1605,692980
2022-02-17,1605,1784889
2022-02-18,1615,496622
2022-02-21,1595,494661
2022-02-22,1535,788575
2022-02-23,1560,1180614
2022-02-24,1480,1365619
2022-02-25,1505,530533
2022-02-28,1510,343205
2022-03-02,1515,500275
2022-03-03,1555,452551
2022-03-04,1530,352158
2022-03-07,1505,356106
2022-03-08,1485,323622
2022-03-10,1500,199840
2022-03-11,1495,295391
2022-03-14,1480,343763
2022-03-15,1485,294938
2022-03-16,1505,388243
2022-03-17,1520,513987
2022-03-18,1520,266357
2022-03-21,1595,10576238
2022-03-22,1585,829839
2022-03-23,1570,822024
2022-03-24,1560,377930
2022-03-25,1545,436736
2022-03-28,1550,448855
2022-03-29,1555,377348
2022-03-30,1550,516917
2022-03-31,1550,514624
2022-04-01,1560,3797201
2022-04-04,1585,591970
2022-04-05,1620,1562156
2022-04-06,1610,645273
2022-04-07,1565,1257204
2022-04-08,1570,315213
2022-04-11,1555,1088312
2022-04-12,1550,432986
2022-04-13,1575,281299
2022-04-14,1580,656778
2022-04-15,1565,314001
2022-04-18,1550,571037
2022-04-19,1570,248608
2022-04-20,1590,733757
2022-04-21,1580,371389
2022-04-22,1580,2338987
2022-04-25,1555,438615
2022-04-26,1575,352555
2022-04-27,1570,322231
2022-04-28,1570,257601
2022-04-29,1590,569981
2022-05-02,1600,352456
2022-05-03,1630,986040
2022-05-04,1610,709316
2022-05-06,1610,407207
2022-05-09,1560,528110
2022-05-10,1590,422086
2022-05-11,1615,472117
2022-05-12,1555,525921
2022-05-13,1575,220601
2022-05-16,1605,586152
2022-05-17,1665,1451359
2022-05-18,1645,1101990
2022-05-19,1630,982132
2022-05-20,1630,394507
2022-05-23,1625,464067
2022-05-24,1615,802060
2022-05-25,1620,292648
2022-05-26,1625,374294
2022-05-27,1640,736508
2022-05-30,1630,271597
2022-05-31,1620,298336
2022-06-02,1620,197092
2022-06-03,1620,207187
2022-06-07,1615,3802701
2022-06-08,1615,1100479
2022-06-09,1605,437399
2022-06-10,1600,323069
2022-06-13,1520,577166
2022-06-14,1475,491914
2022-06-15,1420,490158
2022-06-16,1425,213395
2022-06-17,1450,2202054
2022-06-20,1430,912341
2022-06-21,1450,1007018
2022-06-22,1405,363568
2022-06-23,1350,602929
2022-06-24,1425,345681
2022-06-27,1485,206389
2022-06-28,1500,300019
2022-06-29,1505,258812
2022-06-30,1490,150194
2022-07-01,1460,282365
2022-07-04,1445,213666
2022-07-05,1500,167963
2022-07-06,1500,165646
2022-07-07,1505,77069
2022-07-08,1505,84490
2022-07-11,1500,78613
2022-07-12,1460,361814
2022-07-13,1455,84293
2022-07-14,1455,72118
2022-07-15,1445,161069
2022-07-18,1475,129645
2022-07-19,1485,236572
2022-07-20,1485,181558
2022-07-21,1470,89184
2022-07-22,1500,242177
2022-07-25,1500,225700
2022-07-26,1485,72165
2022-07-27,1505,635580
2022-07-28,1510,139643
2022-07-29,1505,124428
2022-08-01,1515,112793
2022-08-02,1520,93517
2022-08-03,1510,4058918
2022-08-04,1525,276426
2022-08-05,1510,279750
2022-08-08,1500,215156
2022-08-09,1505,165212
2022-08-10,1480,191473
2022-08-11,1485,110777
2022-08-12,1490,192071
2022-08-16,1480,130646
2022-08-17,1470,165420
2022-08-18,1480,117945
2022-08-19,1480,134303
2022-08-22,1460,152631
2022-08-23,1460,210480
2022-08-24,1460,156152
2022-08-25,1465,71187
2022-08-26,1460,705955
2022-08-29,1450,174133
2022-08-30,1465,87744
2022-08-31,1465,78362
2022-09-01,1450,86182
2022-09-02,1445,94368
2022-09-05,1435,120139
2022-09-06,1535,11747845
2022-09-07,1600,5150054
2022-09-08,1500,2506896
2022-09-13,1510,1126895
2022-09-14,1490,728390
2022-09-15,1580,3201816
2022-09-16,1575,1588082
2022-09-19,1530,1480006
2022-09-20,1570,1099402
2022-09-21,1570,594485
2022-09-22,1585,913207
2022-09-23,1670,3111516
2022-09-26,1605,1934989
2022-09-27,1660,8536531
2022-09-28,1570,2594782
2022-09-29,1475,1546262
2022-09-30,1405,1586180
2022-10-04,1440,1106072
2022-10-05,1425,789842
2022-10-06,1450,283070
2022-10-07,1440,242442
2022-10-11,1410,424295
2022-10-12,1405,390354
2022-10-13,1360,599706
2022-10-14,1415,225069
2022-10-17,1460,385019
2022-10-18,1455,158945
2022-10-19,1435,131751
2022-10-20,1410,198917
2022-10-21,1395,197667
2022-10-24,1405,172209
2022-10-25,1395,164719
2022-10-26,1395,216087
2022-10-27,1390,249721
2022-10-28,1390,126679
2022-10-31,1390,192335
2022-11-01,1385,202609
2022-11-02,1380,181759
2022-11-03,1375,387864
2022-11-04,1395,1837553
2022-11-07,1405,157341
2022-11-08,1400,255462
2022-11-09,1410,150761
2022-11-10,1400,618790
2022-11-11,1410,237717
2022-11-14,1405,268697
2022-11-15,1405,239879
2022-11-16,1395,266780
2022-11-17,1390,249150
2022-11-18,1400,136576
2022-11-21,1390,174524
2022-11-22,1390,340129
2022-11-23,1375,159923
2022-11-24,1375,134029
2022-11-25,1390,1037253
2022-11-28,1375,236086
2022-11-29,1380,159806
2022-11-30,1380,110109
2022-12-01,1380,165123
2022-12-02,1370,230113
2022-12-05,1355,193344
2022-12-06,1340,318949
2022-12-07,1315,329246
2022-12-08,1305,279907
2022-12-09,1305,76623
2022-12-12,1310,90338
2022-12-13,1330,84001
2022-12-14,1330,647906
2022-12-15,1325,86346
2022-12-16,1325,135885
2022-12-19,1320,58955
2022-12-20,1300,158546
2022-12-21,1280,105552
2022-12-22,1290,72088
2022-12-23,1250,176087
2022-12-26,1215,192362
2022-12-27,1215,283567
2022-12-28,1195,177564
2022-12-29,1185,172958
2023-01-02,1170,217502
2023-01-03,1185,100259
2023-01-04,1195,81682
2023-01-05,1240,499185
2023-01-06,1250,123303
2023-01-09,1270,82060
2023-01-10,1270,69456
2023-01-11,1275,41465
2023-01-12,1285,34459
2023-01-13,1290,1631317
2023-01-16,1270,139983
2023-01-17,1245,225152
2023-01-18,1245,59148
2023-01-19,1255,70521
2023-01-20,1250,68185
2023-01-25,1268,179927
2023-01-26,1272,85457
2023-01-27,1280,84531
2023-01-30,1290,91937
2023-01-31,1278,67700
2023-02-01,1299,99292
2023-02-02,1299,93694
2023-02-03,1279,98551
2023-02-06,1282,54018
2023-02-07,1280,78515
2023-02-08,1295,178937
2023-02-09,1307,78337
2023-02-10,1286,102801
2023-02-13,1284,72943
2023-02-14,1309,1422871
2023-02-15,1275,220717
2023-02-16,1331,535507
2023-02-17,1301,212293
2023-02-20,1333,1487458
2023-02-21,1370,803912
2023-02-22,1317,621029
2023-02-23,1304,232108
2023-02-24,1290,404900
2023-02-27,1255,169897
2023-02-28,1248,92855
2023-03-02,1218,135494
2023-03-03,1222,83372
2023-03-06,1229,99828
2023-03-07,1245,460884
2023-03-08,1228,144994
2023-03-09,1216,81253
2023-03-10,1187,203743
2023-03-13,1163,174938
2023-03-14,1119,175288
2023-03-15,1161,82833
2023-03-16,1124,90258
2023-03-17,1150,88851
2023-03-20,1160,70632
2023-03-21,1150,42417
2023-03-22,1131,74794
2023-03-23,1115,203927
2023-03-24,1118,250863
2023-03-27,1080,139166
2023-03-28,1105,229785
2023-03-29,1130,149629
2023-03-30,1126,64799
2023-03-31,1122,113648
2023-04-03,1138,111599
2023-04-04,1138,133939
2023-04-05,1143,155318
2023-04-06,1135,108670
2023-04-07,1113,113335
2023-04-10,1085,166700
2023-04-11,1104,224412
2023-04-12,1125,173456
2023-04-13,1138,115473
2023-04-14,1141,166198
2023-04-17,1165,181780
2023-04-18,1152,117433
2023-04-19,1164,92791
2023-04-20,1174,296055
2023-04-21,1140,184584
2023-04-24,1133,107136
2023-04-25,1115,93047
2023-04-26,1154,153026
2023-04-27,1189,364005
2023-04-28,1198,211601
2023-05-02,1207,84985
2023-05-03,1228,209697
2023-05-04,1596,18174894
2023-05-08,1670,109688378
2023-05-09,1590,57727829
2023-05-10,1671,53701517
2023-05-11,1553,3086674
2023-05-12,1537,1808875
2023-05-15,1529,1720411
2023-05-16,1646,48460484
2023-05-17,1646,7744919
2023-05-18,1762,52916470
2023-05-19,1709,5148537
2023-05-22,1701,9052657
2023-05-23,1659,2752811
2023-05-24,1617,2475115
2023-05-25,1662,17125680
2023-05-26,1727,18951314
2023-05-30,1796,40667216
2023-05-31,1714,3937405
2023-06-01,1745,5811255
2023-06-02,1720,3187154
2023-06-05,1978,52216113
2023-06-07,1795,7314267
2023-06-08,1788,3520629
2023-06-09,1759,1821909
2023-06-12,1775,2005682
2023-06-13,1778,1802131
2023-06-14,1733,4936457
2023-06-15,1674,2163100
2023-06-16,1667,1125170
2023-06-19,1723,1278960
2023-06-20,1665,788369
2023-06-21,1680,602958
2023-06-22,1674,784836
2023-06-23,1660,665361
2023-06-26,1693,1185792
2023-06-27,1671,471638
2023-06-28,1667,578728
2023-06-29,1631,453629
2023-06-30,1664,500981
2023-07-03,1704,472817
2023-07-04,1714,690481
2023-07-05,1716,455063
2023-07-06,1687,719149
2023-07-07,1669,443441
2023-07-10,1690,796959
2023-07-11,1699,563800
2023-07-12,1702,436028
2023-07-13,1673,1527218
2023-07-14,1673,669168
2023-07-17,1679,552819
2023-07-18,1573,1263630
2023-07-19,1600,573050
2023-07-20,1642,311777
2023-07-21,1610,217633
2023-07-24,1605,398257
2023-07-25,1550,496432
2023-07-26,1489,678542
2023-07-27,1523,252664
2023-07-28,1560,254057
2023-07-31,1581,283839
2023-08-01,1577,312892
2023-08-02,1550,230730
2023-08-03,1546,232359
2023-08-04,1584,608535
2023-08-07,1616,290356
2023-08-08,1576,322844
2023-08-09,1609,145334
2023-08-10,1607,250581
2023-08-11,1647,384178
2023-08-14,1656,1512997
2023-08-16,1600,5830686
2023-08-17,1645,1225978
2023-08-18,1668,1167646
2023-08-21,1685,1163036
2023-08-22,1673,526891
2023-08-23,1666,501001
2023-08-24,1686,1980821
2023-08-25,1658,528327
2023-08-28,1677,687302
2023-08-29,1730,1632387
2023-08-30,1797,1331731
2023-08-31,1773,604467
2023-09-01,1730,545479
2023-09-04,1748,396286
2023-09-05,1763,447538
2023-09-06,1759,436158
2023-09-07,1739,440107
2023-09-08,1750,244560
2023-09-11,1752,407773
2023-09-12,1733,353978
2023-09-13,1710,664793
2023-09-14,1716,179146
2023-09-15,1728,165044
2023-09-18,1685,312362
2023-09-19,1667,302855
2023-09-20,1689,295867
2023-09-21,1666,266090
2023-09-22,1666,162034
2023-09-25,1669,172326
2023-09-26,1639,267429
2023-09-27,1643,136521
2023-10-04,1580,428740
2023-10-05,1590,427064
2023-10-06,1629,113342
2023-10-10,1610,114437
2023-10-11,1653,114205
2023-10-12,1668,187045
2023-10-13,1655,152563
2023-10-16,1630,211623
2023-10-17,1644,310837
2023-10-18,1655,671092
2023-10-19,1616,311388
2023-10-20,1610,270678
2023-10-23,1571,238797
2023-10-24,1610,274758
2023-10-25,1656,293809
2023-10-26,1595,286404
2023-10-27,1566,260479
2023-10-30,1545,189838
2023-10-31,1520,218092
2023-11-01,1536,97380
2023-11-02,1579,138429
2023-11-03,1576,132911
2023-11-06,1601,278540
2023-11-07,1586,206641
2023-11-08,1620,304868
2023-11-09,1599,135976
2023-11-10,1598,139696
2023-11-13,1595,266776
2023-11-14,1508,778293
2023-11-15,1585,460111
2023-11-16,1578,231050
2023-11-17,1542,229777
2023-11-20,1525,179176
2023-11-21,1492,501074
2023-11-22,1486,257727
2023-11-23,1472,195839
2023-11-24,1470,232214
2023-11-27,1443,460959
2023-11-28,1437,247762
2023-11-29,1423,239804
2023-11-30,1427,128808
2023-12-01,1419,110058
2023-12-04,1415,352193
2023-12-05,1364,495921
2023-12-06,1379,194027
2023-12-07,1340,262808
2023-12-08,1399,263740
2023-12-11,1397,256240
2023-12-12,1400,267672
2023-12-13,1400,145590
2023-12-14,1390,136687
2023-12-15,1414,206241
2023-12-18,1385,175697
2023-12-19,1390,134115
2023-12-20,1385,133217
2023-12-21,1383,116655
2023-12-22,1391,139862
2023-12-26,1382,111963
2023-12-27,1376,99817
2023-12-28,1399,200310
2024-01-02,1430,214884
2024-01-03,1430,217927
2024-01-04,1399,193045
2024-01-05,1409,130105
2024-01-08,1414,87374
2024-01-09,1469,537177
2024-01-10,1440,256942
2024-01-11,1441,194594
2024-01-12,1399,190251
2024-01-15,1427,82288
2024-01-16,1443,197492
2024-01-17,1413,171102
2024-01-18,1430,153374
2024-01-19,1520,1976215
2024-01-22,1550,652282
2024-01-23,1558,286983
2024-01-24,1548,403222
2024-01-25,1524,268924
2024-01-26,1579,884836
2024-01-29,1520,365127
2024-01-30,1531,301552
2024-01-31,1515,165775
2024-02-01,1464,336761
2024-02-02,1490,102569
2024-02-05,1486,193956
2024-02-06,1430,226989
2024-02-07,1437,124371
2024-02-08,1425,137749
2024-02-13,1448,156982
2024-02-14,1458,99028
2024-02-15,1457,84069
2024-02-16,1443,150413
2024-02-19,1433,189876
2024-02-20,1412,261021
2024-02-21,1420,186470
2024-02-22,1402,214130
2024-02-23,1412,322833
2024-02-26,1406,204367
2024-02-27,1583,11652022
2024-02-28,1588,2050385
2024-02-29,1542,829572
2024-03-04,1529,524556
2024-03-05,1499,469603
2024-03-06,1476,422206
2024-03-07,1451,312317
2024-03-08,1490,258850
2024-03-11,1475,209275
2024-03-12,1486,244419
2024-03-13,1502,226796
2024-03-14,1506,287826
2024-03-15,1484,232442
2024-03-18,1510,347083
2024-03-19,1493,151296
2024-03-20,1517,768110
2024-03-21,1530,222170
2024-03-22,1516,207622
2024-03-25,1900,23828167
2024-03-26,2150,37297513
2024-03-27,2150,7291462
2024-03-28,2200,19541984
2024-03-29,2135,3731040
2024-04-01,2130,3828868
2024-04-02,2070,2036809
2024-04-03,1987,2738066
2024-04-04,2075,4130123
2024-04-05,1929,1949872
2024-04-08,1840,1470662
2024-04-09,1792,1368199
2024-04-11,1762,903581
2024-04-12,1784,1314838
2024-04-15,1853,5595794
2024-04-16,1755,1416373
2024-04-17,1759,1444891
2024-04-18,1803,1501644
2024-04-19,1698,3565235
2024-04-22,1583,7165826
2024-04-23,1612,1492833
2024-04-24,1682,1744753
2024-04-25,1610,1070992
2024-04-26,1601,1041032
2024-04-29,1612,1104561
2024-04-30,1604,1086233
2024-05-02,1600,975891
2024-05-03,1860,43060235
2024-05-07,1897,13422532
2024-05-08,2045,23945971
2024-05-09,1977,3911172
2024-05-10,2125,24091416
2024-05-13,2055,4038775
2024-05-14,1983,3907548
2024-05-16,2245,26924723
2024-05-17,2140,4134223
2024-05-20,2180,4355901
2024-05-21,2175,3795895
2024-05-22,2045,3849846
2024-05-23,2000,2326033
2024-05-24,1938,1990637
2024-05-27,1867,2015777
2024-05-28,1819,1624964
2024-05-29,1782,1373296
2024-05-30,1723,1126203
2024-05-31,1754,918440
2024-06-03,1799,971955
2024-06-04,1809,1041834
2024-06-05,1733,897217
2024-06-07,1721,780935
2024-06-10,1751,537100
2024-06-11,1710,652188
2024-06-12,1760,746563
2024-06-13,1746,511056
2024-06-14,1734,925822
2024-06-17,1730,572413
2024-06-18,1726,510516
2024-06-19,1820,4934987
2024-06-20,1758,1249762
2024-06-21,1733,772773
2024-06-24,1702,613517
2024-06-25,1720,456928
2024-06-26,1734,456896
2024-06-27,1700,482489
2024-06-28,1682,657362
2024-07-01,1686,514225
2024-07-02,1658,682579
2024-07-03,1614,682605
2024-07-04,1664,461083
2024-07-05,1659,302330
2024-07-08,1703,460702
2024-07-09,1695,238788
2024-07-10,1708,315432
2024-07-11,1696,529574
2024-07-12,1690,239544
2024-07-15,1739,472027
2024-07-16,1696,508207
2024-07-17,1659,3646472
2024-07-18,1642,492827
2024-07-19,1639,271218
2024-07-22,1629,452746
2024-07-23,1639,286551
2024-07-24,1620,190064
2024-07-25,1606,255509
2024-07-26,1611,221290
2024-07-29,1628,116161
2024-07-30,1595,291991
2024-07-31,1610,351894
2024-08-01,1629,184458
2024-08-02,1540,572128
2024-08-05,1361,874562
2024-08-06,1407,629066
2024-08-07,1460,2036379
2024-08-08,1430,200022
2024-08-09,1517,931503
2024-08-12,1527,392016
2024-08-13,1540,228666
2024-08-14,1613,608356
2024-08-16,1745,11727891
2024-08-19,1714,2444644
2024-08-20,1828,3360280
2024-08-21,1813,1247506
2024-08-22,1729,1088515
2024-08-23,1694,734221
2024-08-26,1651,631979
2024-08-27,1634,265087
2024-08-28,1616,336164
2024-08-29,1585,606512
2024-08-30,1598,506524
2024-09-02,1600,396058
2024-09-03,1622,629504
2024-09-04,1555,531767
2024-09-05,1572,405565
2024-09-06,1538,255636
2024-09-09,1630,554444
2024-09-10,1578,369508
2024-09-11,1577,380921
2024-09-12,1625,227493
2024-09-13,1624,173794
2024-09-19,1642,258177
2024-09-20,1651,598005
2024-09-23,1661,331306
2024-09-24,1649,251144
2024-09-25,1620,337344
2024-09-26,1676,491836
2024-09-27,1664,302169
2024-09-30,1610,476328
2024-10-02,1582,188737
2024-10-04,1570,223558
2024-10-07,1636,740175
2024-10-08,1637,252907
2024-10-10,1623,211634
2024-10-11,1597,298453
2024-10-14,1620,414442
2024-10-15,1618,224293
2024-10-16,1596,216880
2024-10-17,1586,286925
2024-10-18,1550,611385
2024-10-21,1575,151555
2024-10-22,1540,349510
2024-10-23,1565,206395
2024-10-24,1545,155978
2024-10-25,1525,183650
2024-10-28,1542,187645
2024-10-29,1535,190586
2024-10-30,1510,186292
2024-10-31,1521,220081
2024-11-01,1485,304551
2024-11-04,1499,156031
2024-11-05,1523,159896
2024-11-06,1514,194003
2024-11-07,1491,212579
2024-11-08,1488,196289
2024-11-11,1426,457734
2024-11-12,1357,468912
2024-11-13,1316,384802
2024-11-14,1263,531816
2024-11-15,1282,550828
2024-11-18,1260,559773
2024-11-19,1321,683808
2024-11-20,1240,791287
2024-11-21,1209,481725
2024-11-22,1193,511216
2024-11-25,1210,373553
2024-11-26,1231,984496
2024-11-27,1232,553998
2024-11-28,1205,222591
2024-11-29,1170,319276
2024-12-02,1132,446058
2024-12-03,1160,220171
2024-12-04,1136,390921
2024-12-05,1185,590876
2024-12-06,1120,964164
2024-12-09,1031,519577
2024-12-10,1095,350713
2024-12-11,1175,330148
2024-12-12,1160,223830
2024-12-13,1163,155415
2024-12-16,1196,338745
2024-12-17,1190,118280
2024-12-18,1190,109283
2024-12-19,1191,238718
2024-12-20,1150,139638
2024-12-23,1184,162606
2024-12-24,1180,98843
2024-12-26,1183,236357
2024-12-27,1126,2563560
2024-12-30,1121,274570
2025-01-02,1136,144127
2025-01-03,1173,199142
2025-01-06,1213,297868
2025-01-07,1195,242409
2025-01-08,1196,188587
2025-01-09,1197,171517
2025-01-10,1202,140985
2025-01-13,1199,160130
2025-01-14,1213,199307
2025-01-15,1234,436684
2025-01-16,1240,270523
2025-01-17,1237,160882
2025-01-20,1215,224812
2025-01-21,1217,144864
2025-01-22,1214,127057
2025-01-23,1171,249433
2025-01-24,1184,139100
2025-01-31,1173,165629
2025-02-03,1132,245945
2025-02-04,1149,135941
2025-02-05,1164,119186
2025-02-06,1168,140534
2025-02-07,1166,63400
2025-02-10,1170,140587
2025-02-11,1173,152883
2025-02-12,1178,153209
2025-02-13,1194,133963
2025-02-14,1199,167188
2025-02-17,1219,120337
2025-02-18,1253,201079
2025-02-19,1231,210866
2025-02-20,1233,156412
2025-02-21,1223,126721
2025-02-24,1218,117643
2025-02-25,1221,97792
2025-02-26,1239,260359
2025-02-27,1214,195884
2025-02-28,1158,432236
2025-03-04,1147,146441
2025-03-05,1174,157715
2025-03-06,1152,201063
2025-03-07,1141,167789
2025-03-10,1143,89895
2025-03-11,1126,163107
2025-03-12,1135,89693
2025-03-13,1125,102829
2025-03-14,1124,99945
2025-03-17,1132,91491
2025-03-18,1127,144409
2025-03-19,1115,373396
2025-03-20,1100,461899
2025-03-21,1064,321251
2025-03-24,1069,159565
2025-03-25,1069,128202
2025-03-26,1069,65038
2025-03-27,1042,160803
2025-03-28,1008,197790
2025-03-31,994,203069
2025-04-01,1012,91565
2025-04-02,1005,134740
2025-04-03,1003,166162
2025-04-04,1010,246244
2025-04-07,949,742392
2025-04-08,961,446211
2025-04-09,909,382659
2025-04-10,967,180129
2025-04-11,984,145744
2025-04-14,1022,201081
2025-04-15,1035,133686
2025-04-16,1015,58474
2025-04-17,1105,8535553
2025-04-18,1064,1221493
2025-04-21,1059,516861
2025-04-22,1048,559420
2025-04-23,1051,245612
2025-04-24,1104,10679047
2025-04-25,1139,2135703
2025-04-28,1204,10692960
2025-04-29,1206,1984095
2025-04-30,1252,5481720
2025-05-02,1229,801594
2025-05-07,1220,688137
2025-05-08,1205,417279
2025-05-09,1220,244626
2025-05-12,1210,267663
2025-05-13,1183,326210
2025-05-14,1200,172959
2025-05-15,1184,362088
2025-05-16,1169,318836
2025-05-19,1166,178746
2025-05-20,1148,173286
2025-05-21,1178,171436
2025-05-22,1156,123581
2025-05-23,1134,159713
2025-05-26,1140,985617
2025-05-27,1159,169831
2025-05-28,1169,151839
2025-05-29,1152,135746
2025-05-30,1139,199873
2025-06-02,1135,222161
2025-06-04,1210,19319701
2025-06-05,1200,1579761
2025-06-09,1192,920127
2025-06-10,1190,935292
2025-06-11,1197,321474
2025-06-12,1199,2523055
2025-06-13,1174,523067
2025-06-16,1182,395987
2025-06-17,1184,422228
2025-06-18,1186,300612
2025-06-19,1177,228787
2025-06-20,1179,302037
2025-06-23,1156,422967
2025-06-24,1177,234858
2025-06-25,1177,254562
2025-06-26,1157,209204
2025-06-27,1150,181643
2025-06-30,1156,229222
2025-07-01,1178,334550
2025-07-02,1165,185243
2025-07-03,1183,227924
2025-07-04,1164,196850
2025-07-07,1162,86561
2025-07-08,1167,211264
2025-07-09,1170,561310
2025-07-10,1174,188487
2025-07-11,1174,156619
2025-07-14,1170,134326
2025-07-15,1167,215900
2025-07-16,1155,137101
2025-07-17,1153,115063
2025-07-18,1156,63712
2025-07-21,1155,186824
2025-07-22,1141,183430
2025-07-23,1140,288982
2025-07-24,1131,250231
2025-07-25,1120,161053
2025-07-28,1085,247334
2025-07-29,1088,185361
2025-07-30,1103,129181
2025-07-31,1104,123027
2025-08-01,1046,254201
2025-08-04,1059,81846
2025-08-05,1071,110944
2025-08-06,1064,60467
2025-08-07,1065,30752
2025-08-08,1080,98084
2025-08-11,1065,84468
2025-08-12,1065,85138
2025-08-13,1079,120403
2025-08-14,1076,38096
2025-08-18,1055,110513
2025-08-19,1053,242390
2025-08-20,1037,98834
2025-08-21,1039,57714
2025-08-22,1039,49732
2025-08-25,1053,102979
2025-08-26,1052,85712
2025-08-27,1053,57358
2025-08-28,1052,32064
2025-08-29,1053,54594
2025-09-01,1027,190252
2025-09-02,1055,6995515
2025-09-03,1068,414899
2025-09-04,1073,239658
2025-09-05,1081,137118
2025-09-08,1086,226436
2025-09-09,1078,170551
2025-09-10,1085,217508
2025-09-11,1086,80797
2025-09-12,1093,202025
2025-09-15,1085,88170
2025-09-16,1074,109873
2025-09-17,1059,202344
2025-09-18,1076,179809
2025-09-19,1075,129647
2025-09-22,1078,93368
2025-09-23,1070,96600
2025-09-24,1053,169301
2025-09-25,1047,79541
2025-09-26,1039,77717
2025-09-29,1035,47221
2025-09-30,1036,68553
2025-10-01,1038,35945
2025-10-02,1042,112075
2025-10-10,1145,11268787
2025-10-13,1277,7577766
2025-10-14,1490,13855464
2025-10-15,1491,2778399
2025-10-16,1436,1001297
2025-10-17,1440,1090559
2025-10-20,1382,1010595
2025-10-21,1408,517818
2025-10-22,1573,4999681
2025-10-23,1707,4824686
2025-10-24,1779,1887109
2025-10-27,1879,2163158
2025-10-28,1887,643157
2025-10-29,1896,1504420
2025-10-30,1905,1073397
2025-10-31,2010,1770914
2025-11-03,2085,939189
2025-11-04,2085,703481
2025-11-05,1976,1133814
2025-11-06,2115,1021468
2025-11-07,2120,794528
2025-11-10,2100,993438
2025-11-11,2085,1022961
2025-11-12,2130,950878
2025-11-13,2210,1144056
2025-11-14,2240,823568
2025-11-17,2345,971304
2025-11-18,2295,983601
2025-11-19,2220,960968
2025-11-20,2225,642350
2025-11-21,2010,389024
2025-11-24,2145,1607285
2025-11-25,2160,482236
2025-11-26,2250,762403
2025-11-27,2370,1390070
2025-11-28,2450,786755
2025-12-01,2630,1888636
2025-12-02,2855,1192986
2025-12-03,2905,741634
2025-12-04,2900,897689
2025-12-05,2970,874725
2025-12-08,3860,14944802
2025-12-09,5010,3887647
2025-12-10,6250,21049529
2025-12-11,5230,4519913
2025-12-12,5420,3259615
2025-12-15,5510,2419648
2025-12-16,5750,1635721
2025-12-17,6450,3801677
2025-12-18,6380,2407592
2025-12-19,7340,3844698
2025-12-22,7940,3297004
2025-12-23,8110,3649589
2025-12-24,7760,1548753
2025-12-26,7850,2816631
2025-12-29,9410,5800554
2025-12-30,9240,4853488
2026-01-02,10800,1740394
2026-01-05,12490,3048924
2026-01-06,12550,1926166
2026-01-07,11190,2106203
2026-01-08,11260,2109438
2026-01-09,11170,1111758
2026-01-12,13800,3879216
2026-01-13,13660,2194671
2026-01-14,14980,5368179
2026-01-15,14880,1396034
2026-01-16,13090,2093344
2026-01-19,13180,1696925
2026-01-20,13400,1216471
2026-01-21,12980,803438
2026-01-22,12810,1003596
2026-01-23,13230,782026
2026-01-26,13040,565833
2026-01-27,13240,474187
2026-01-28,14950,1753602
2026-01-29,16800,2658042
2026-01-30,17390,1701390
2026-02-02,16840,1282969
2026-02-03,19590,2311448
2026-02-04,21950,2250015
2026-02-05,22400,1640817
2026-02-06,21200,1672974
2026-02-09,27550,3388309
2026-02-10,26750,2520511
2026-02-11,24650,1338372
2026-02-12,22900,1678743
2026-02-13,21700,3369897
2026-02-19,21100,1856349
2026-02-20,23000,4882285
2026-02-23,24600,4057497
2026-02-24,25600,2476727
2026-02-25,26000,1727001
2026-02-26,26200,1897521
2026-02-27,25850,1048587
2026-03-03,28350,4444195
2026-03-04,25650,3358081
2026-03-05,30900,2376911
2026-03-06,37600,4560871
2026-03-09,38500,2932711
2026-03-10,49400,6654875
2026-03-11,48000,8452141
2026-03-12,49400,2951536
2026-03-13,50400,1513696
2026-03-16,46800,1465906
2026-03-17,42300,1593506
2026-03-18,42500,1353045
2026-03-19,40000,996807
2026-03-20,45000,2260722
2026-03-23,42550,764111
2026-03-24,43500,650335
2026-03-25,48500,1005391
2026-03-26,47450,500939
2026-03-27,46100,761049
