date,Close
2013-11-26,4190
2013-11-27,4150
2013-11-28,4340
2013-11-29,4305
2013-12-02,4440
2013-12-03,4460
2013-12-04,4465
2013-12-05,4470
2013-12-06,4420
2013-12-09,4380
2013-12-10,4300
2013-12-11,4450
2013-12-12,4415
2013-12-13,4595
2013-12-16,4585
2013-12-17,4675
2013-12-18,4600
2013-12-19,4525
2013-12-20,4555
2013-12-23,4410
2013-12-24,4410
2013-12-26,4600
2013-12-27,4600
2013-12-30,4610
2014-01-02,4450
2014-01-03,4380
2014-01-06,4435
2014-01-07,4565
2014-01-08,4840
2014-01-09,4820
2014-01-10,4750
2014-01-13,4990
2014-01-14,4930
2014-01-15,4905
2014-01-16,4910
2014-01-17,4845
2014-01-20,5100
2014-01-21,4970
2014-01-22,5010
2014-01-23,4850
2014-01-24,4915
2014-01-27,4890
2014-01-28,4930
2014-01-29,4985
2014-02-03,4995
2014-02-04,5020
2014-02-05,4900
2014-02-06,4785
2014-02-07,4855
2014-02-10,4915
2014-02-11,4855
2014-02-12,4920
2014-02-13,4845
2014-02-14,4795
2014-02-17,4680
2014-02-18,4670
2014-02-19,4605
2014-02-20,4465
2014-02-21,4555
2014-02-24,4705
2014-02-25,4775
2014-02-26,4730
2014-02-27,4640
2014-02-28,4595
2014-03-03,4770
2014-03-04,4795
2014-03-05,4820
2014-03-06,4900
2014-03-07,4890
2014-03-10,4810
2014-03-11,4925
2014-03-12,4810
2014-03-13,4935
2014-03-14,5120
2014-03-17,4850
2014-03-18,4875
2014-03-19,4970
2014-03-20,4895
2014-03-21,5060
2014-03-24,5080
2014-03-25,5300
2014-03-26,5280
2014-03-27,5370
2014-03-28,5400
2014-03-31,5220
2014-04-01,5300
2014-04-02,5500
2014-04-03,5400
2014-04-04,5460
2014-04-07,5300
2014-04-08,5190
2014-04-09,5050
2014-04-10,5130
2014-04-11,5080
2014-04-14,5190
2014-04-15,5110
2014-04-16,5250
2014-04-17,5200
2014-04-18,5210
2014-04-21,5150
2014-04-22,5200
2014-04-23,5270
2014-04-24,5170
2014-04-25,5170
2014-04-28,5180
2014-04-29,5610
2014-04-30,6000
2014-05-02,6260
2014-05-07,6260
2014-05-08,6330
2014-05-09,6340
2014-05-12,6480
2014-05-13,6380
2014-05-14,6500
2014-05-15,6760
2014-05-16,6710
2014-05-19,6750
2014-05-20,6920
2014-05-21,6990
2014-05-22,6500
2014-05-23,6830
2014-05-26,6760
2014-05-27,6750
2014-05-28,6720
2014-05-29,7350
2014-05-30,7170
2014-06-02,7000
2014-06-03,6950
2014-06-05,7090
2014-06-09,7220
2014-06-10,7360
2014-06-11,7210
2014-06-12,7240
2014-06-13,7510
2014-06-16,7380
2014-06-17,7490
2014-06-18,7400
2014-06-19,7270
2014-06-20,7270
2014-06-23,7050
2014-06-24,7450
2014-06-25,7500
2014-06-26,7680
2014-06-27,7870
2014-06-30,8030
2014-07-01,8330
2014-07-02,8530
2014-07-03,8950
2014-07-04,8760
2014-07-07,8960
2014-07-08,9500
2014-07-09,9390
2014-07-10,9640
2014-07-11,9750
2014-07-14,10500
2014-07-15,10450
2014-07-16,9850
2014-07-17,9980
2014-07-18,9660
2014-07-21,9760
2014-07-22,9490
2014-07-23,9540
2014-07-24,9330
2014-07-25,9850
2014-07-28,9650
2014-07-29,8600
2014-07-30,8810
2014-07-31,9230
2014-08-01,9190
2014-08-04,9200
2014-08-05,9360
2014-08-06,9200
2014-08-07,9430
2014-08-08,9240
2014-08-11,8880
2014-08-12,8970
2014-08-13,8900
2014-08-14,9500
2014-08-18,9640
2014-08-19,9430
2014-08-20,8870
2014-08-21,8730
2014-08-22,8950
2014-08-25,8780
2014-08-26,8800
2014-08-27,8700
2014-08-28,8700
2014-08-29,8230
2014-09-01,8240
2014-09-02,8550
2014-09-03,8310
2014-09-04,8100
2014-09-05,8440
2014-09-11,8570
2014-09-12,8400
2014-09-15,8240
2014-09-16,8190
2014-09-17,8270
2014-09-18,8600
2014-09-19,8550
2014-09-22,8240
2014-09-23,8260
2014-09-24,8710
2014-09-25,8940
2014-09-26,9490
2014-09-29,9630
2014-09-30,9890
2014-10-01,9830
2014-10-02,10200
2014-10-06,10250
2014-10-07,9880
2014-10-08,11150
2014-10-10,11500
2014-10-13,10450
2014-10-14,10650
2014-10-15,10650
2014-10-16,11750
2014-10-17,11650
2014-10-20,11300
2014-10-21,11700
2014-10-22,11350
2014-10-23,11450
2014-10-24,11950
2014-10-27,12050
2014-10-28,12750
2014-10-29,12950
2014-10-30,12300
2014-10-31,12000
2014-11-03,12850
2014-11-04,12500
2014-11-05,11850
2014-11-06,10900
2014-11-07,11150
2014-11-10,10200
2014-11-11,10450
2014-11-12,10450
2014-11-13,10300
2014-11-14,10400
2014-11-17,9950
2014-11-18,10650
2014-11-19,10450
2014-11-20,10800
2014-11-21,10600
2014-11-24,10100
2014-11-25,10100
2014-11-26,11600
2014-11-27,12000
2014-11-28,11200
2014-12-01,10900
2014-12-02,11100
2014-12-03,10900
2014-12-04,11350
2014-12-05,11550
2014-12-08,11050
2014-12-09,11000
2014-12-10,11200
2014-12-11,10300
2014-12-12,10450
2014-12-15,10450
2014-12-16,10050
2014-12-17,10300
2014-12-18,9700
2014-12-19,10000
2014-12-22,9850
2014-12-23,9400
2014-12-24,9550
2014-12-26,9380
2014-12-29,9570
2014-12-30,9800
2015-01-02,10050
2015-01-05,10550
2015-01-06,10550
2015-01-07,10450
2015-01-08,10800
2015-01-09,10500
2015-01-12,10600
2015-01-13,10700
2015-01-14,10450
2015-01-15,10550
2015-01-16,10150
2015-01-19,9970
2015-01-20,9960
2015-01-21,9880
2015-01-22,10350
2015-01-23,10300
2015-01-26,10900
2015-01-27,11250
2015-01-28,11400
2015-01-29,11200
2015-01-30,10850
2015-02-02,10900
2015-02-03,10750
2015-02-04,10800
2015-02-05,11250
2015-02-06,11300
2015-02-09,10450
2015-02-10,10600
2015-02-11,10850
2015-02-12,10650
2015-02-13,10950
2015-02-16,10550
2015-02-17,10500
2015-02-23,10700
2015-02-24,10500
2015-02-25,10150
2015-02-26,10100
2015-02-27,10250
2015-03-02,10200
2015-03-03,10300
2015-03-04,10400
2015-03-05,10150
2015-03-06,10350
2015-03-09,10500
2015-03-10,10600
2015-03-11,10400
2015-03-12,10950
2015-03-13,11650
2015-03-16,11850
2015-03-17,12050
2015-03-18,11550
2015-03-19,11750
2015-03-20,12900
2015-03-23,12350
2015-03-24,12250
2015-03-25,12450
2015-03-26,12650
2015-03-27,12250
2015-03-30,12250
2015-03-31,11900
2015-04-01,12400
2015-04-02,12000
2015-04-03,12000
2015-04-06,12700
2015-04-07,12550
2015-04-08,12250
2015-04-09,12800
2015-04-10,12750
2015-04-13,12750
2015-04-14,12200
2015-04-15,12150
2015-04-16,12300
2015-04-17,12900
2015-04-20,13000
2015-04-21,12700
2015-04-22,12450
2015-04-23,11950
2015-04-24,11850
2015-04-27,12200
2015-04-28,12100
2015-04-29,11750
2015-04-30,11750
2015-05-04,11200
2015-05-06,11400
2015-05-07,11400
2015-05-08,11750
2015-05-11,11650
2015-05-12,12600
2015-05-13,12450
2015-05-14,12750
2015-05-15,11850
2015-05-18,12250
2015-05-19,12450
2015-05-20,12700
2015-05-21,12400
2015-05-22,12300
2015-05-26,12800
2015-05-27,12250
2015-05-28,11900
2015-05-29,11800
2015-06-01,12050
2015-06-02,11750
2015-06-03,11400
2015-06-04,11500
2015-06-05,11100
2015-06-08,11300
2015-06-09,11450
2015-06-10,10950
2015-06-11,10850
2015-06-12,10700
2015-06-15,10950
2015-06-16,11100
2015-06-17,10950
2015-06-18,11400
2015-06-19,11100
2015-06-22,11250
2015-06-23,11600
2015-06-24,12300
2015-06-25,12350
2015-06-26,12050
2015-06-29,11300
2015-06-30,11450
2015-07-01,11550
2015-07-02,11550
2015-07-03,13250
2015-07-06,13150
2015-07-07,11850
2015-07-08,11200
2015-07-09,11350
2015-07-10,11250
2015-07-13,11600
2015-07-14,11800
2015-07-15,11800
2015-07-16,11600
2015-07-17,11300
2015-07-20,11550
2015-07-21,11300
2015-07-22,11300
2015-07-23,11550
2015-07-24,12400
2015-07-27,12150
2015-07-28,11850
2015-07-29,11150
2015-07-30,10250
2015-07-31,10150
2015-08-03,9900
2015-08-04,10250
2015-08-05,10550
2015-08-06,10650
2015-08-07,10650
2015-08-10,10500
2015-08-11,10000
2015-08-12,9840
2015-08-13,10050
2015-08-17,10000
2015-08-18,9740
2015-08-19,9240
2015-08-20,9030
2015-08-21,8450
2015-08-24,8450
2015-08-25,8790
2015-08-26,9160
2015-08-27,9170
2015-08-28,9250
2015-08-31,9160
2015-09-01,8980
2015-09-02,8810
2015-09-03,8720
2015-09-04,8320
2015-09-07,8500
2015-09-08,8170
2015-09-09,8470
2015-09-10,8580
2015-09-11,8680
2015-09-14,8620
2015-09-15,8820
2015-09-16,9380
2015-09-17,9470
2015-09-18,9600
2015-09-21,9500
2015-09-22,9560
2015-09-23,9310
2015-09-24,9300
2015-09-25,9470
2015-09-30,9180
2015-10-01,9220
2015-10-02,9160
2015-10-05,9230
2015-10-06,9230
2015-10-07,9040
2015-10-08,8850
2015-10-12,9000
2015-10-13,9030
2015-10-14,8990
2015-10-15,9010
2015-10-16,9100
2015-10-19,9300
2015-10-20,9300
2015-10-21,9350
2015-10-22,9340
2015-10-23,9350
2015-10-26,9300
2015-10-27,9140
2015-10-28,9060
2015-10-29,9550
2015-10-30,9860
2015-11-02,9860
2015-11-03,9920
2015-11-04,9840
2015-11-05,9940
2015-11-06,9900
2015-11-09,9420
2015-11-10,9290
2015-11-11,9940
2015-11-12,9710
2015-11-13,9500
2015-11-16,9360
2015-11-17,9740
2015-11-18,9840
2015-11-19,9830
2015-11-20,10000
2015-11-23,10050
2015-11-24,9890
2015-11-25,9750
2015-11-26,9820
2015-11-27,9770
2015-11-30,9690
2015-12-01,9560
2015-12-02,9600
2015-12-03,9530
2015-12-04,9390
2015-12-07,9360
2015-12-08,9100
2015-12-09,9110
2015-12-10,8920
2015-12-11,8630
2015-12-14,8360
2015-12-15,8700
2015-12-16,8860
2015-12-17,9050
2015-12-18,9070
2015-12-21,9000
2015-12-22,9010
2015-12-23,9000
2015-12-24,9020
2015-12-28,9000
2015-12-29,9120
2015-12-30,9180
2016-01-04,9010
2016-01-05,8990
2016-01-06,9250
2016-01-07,9170
2016-01-08,9150
2016-01-11,9400
2016-01-12,9150
2016-01-13,9150
2016-01-14,9000
2016-01-15,8900
2016-01-18,8910
2016-01-19,8950
2016-01-20,8920
2016-01-21,9040
2016-01-22,8970
2016-01-25,9020
2016-01-26,9060
2016-01-27,9020
2016-01-28,9100
2016-01-29,9090
2016-02-01,9150
2016-02-02,9090
2016-02-03,9090
2016-02-04,9160
2016-02-05,9320
2016-02-11,8650
2016-02-12,7540
2016-02-15,7760
2016-02-16,8170
2016-02-17,8010
2016-02-18,8130
2016-02-19,8380
2016-02-22,8390
2016-02-23,8090
2016-02-24,8090
2016-02-25,8090
2016-02-26,8120
2016-02-29,8230
2016-03-02,8640
2016-03-03,8550
2016-03-04,8560
2016-03-07,8410
2016-03-08,8400
2016-03-09,8420
2016-03-10,8410
2016-03-11,8340
2016-03-14,8510
2016-03-15,8560
2016-03-16,8520
2016-03-17,8620
2016-03-18,8600
2016-03-21,8800
2016-03-22,8810
2016-03-23,8640
2016-03-24,8560
2016-03-25,8550
2016-03-28,8420
2016-03-29,8440
2016-03-30,8440
2016-03-31,8440
2016-04-01,8570
2016-04-04,8810
2016-04-05,8990
2016-04-06,8850
2016-04-07,8760
2016-04-08,8830
2016-04-11,8690
2016-04-12,8920
2016-04-14,8710
2016-04-15,9010
2016-04-18,9060
2016-04-19,9080
2016-04-20,9010
2016-04-21,9140
2016-04-22,9120
2016-04-25,8990
2016-04-26,9060
2016-04-27,8960
2016-04-28,8940
2016-04-29,8950
2016-05-02,8910
2016-05-03,8800
2016-05-04,8800
2016-05-09,8740
2016-05-10,9050
2016-05-11,9180
2016-05-12,9080
2016-05-13,9400
2016-05-16,9360
2016-05-17,9260
2016-05-18,9070
2016-05-19,9250
2016-05-20,9900
2016-05-23,10050
2016-05-24,10150
2016-05-25,9850
2016-05-26,10000
2016-05-27,10100
2016-05-30,9560
2016-05-31,9830
2016-06-01,9800
2016-06-02,10000
2016-06-03,9870
2016-06-07,9800
2016-06-08,10450
2016-06-09,10150
2016-06-10,10150
2016-06-13,10200
2016-06-14,10000
2016-06-15,10250
2016-06-16,10300
2016-06-17,10050
2016-06-20,9990
2016-06-21,10300
2016-06-22,10250
2016-06-23,9850
2016-06-24,9300
2016-06-27,9710
2016-06-28,9990
2016-06-29,9980
2016-06-30,10550
2016-07-01,10550
2016-07-04,10800
2016-07-05,10850
2016-07-06,10600
2016-07-07,10700
2016-07-08,10550
2016-07-11,10900
2016-07-12,10550
2016-07-13,10800
2016-07-14,10650
2016-07-15,10400
2016-07-18,10400
2016-07-19,10150
2016-07-20,10200
2016-07-21,10200
2016-07-22,10050
2016-07-25,10450
2016-07-26,10250
2016-07-27,9900
2016-07-28,10050
2016-07-29,9850
2016-08-01,9690
2016-08-02,9830
2016-08-03,9760
2016-08-04,9840
2016-08-05,9810
2016-08-08,9900
2016-08-09,9990
2016-08-10,10000
2016-08-11,10050
2016-08-12,9930
2016-08-16,10200
2016-08-17,10050
2016-08-18,9830
2016-08-19,9820
2016-08-22,9520
2016-08-23,9800
2016-08-24,9800
2016-08-25,9500
2016-08-26,9410
2016-08-29,9110
2016-08-30,9230
2016-08-31,8950
2016-09-01,9060
2016-09-02,9060
2016-09-05,9240
2016-09-06,9140
2016-09-07,9180
2016-09-08,8950
2016-09-09,8950
2016-09-12,8800
2016-09-13,8850
2016-09-19,8850
2016-09-20,9350
2016-09-21,9380
2016-09-22,9270
2016-09-23,9410
2016-09-26,9460
2016-09-27,9400
2016-09-28,9390
2016-09-29,9480
2016-09-30,9220
2016-10-04,9280
2016-10-05,9230
2016-10-06,9260
2016-10-07,9150
2016-10-10,9100
2016-10-11,9300
2016-10-12,9790
2016-10-13,9720
2016-10-14,9720
2016-10-17,9350
2016-10-18,9500
2016-10-19,9700
2016-10-20,9800
2016-10-21,9770
2016-10-24,9780
2016-10-25,9690
2016-10-26,9840
2016-10-27,9930
2016-10-28,9750
2016-10-31,9910
2016-11-01,9920
2016-11-02,9550
2016-11-03,9340
2016-11-04,9600
2016-11-07,9580
2016-11-08,9620
2016-11-09,9220
2016-11-10,9580
2016-11-11,9780
2016-11-14,9770
2016-11-15,9620
2016-11-16,9620
2016-11-17,9500
2016-11-18,9220
2016-11-21,9400
2016-11-22,9360
2016-11-23,9280
2016-11-24,9200
2016-11-25,9170
2016-11-28,9050
2016-11-29,9040
2016-11-30,8780
2016-12-01,8710
2016-12-02,8650
2016-12-05,8460
2016-12-06,8950
2016-12-07,8940
2016-12-08,9170
2016-12-09,9510
2016-12-12,10100
2016-12-13,10150
2016-12-14,11900
2016-12-15,12150
2016-12-16,11850
2016-12-19,12050
2016-12-20,11750
2016-12-21,11850
2016-12-22,11650
2016-12-23,11600
2016-12-26,11500
2016-12-27,11750
2016-12-28,12100
2016-12-29,11700
2017-01-02,11850
2017-01-03,11500
2017-01-04,12000
2017-01-05,12650
2017-01-06,12400
2017-01-09,12450
2017-01-10,12450
2017-01-11,12350
2017-01-12,12250
2017-01-13,12350
2017-01-16,12000
2017-01-17,11900
2017-01-18,12200
2017-01-19,12200
2017-01-20,11950
2017-01-23,11950
2017-01-24,11500
2017-01-25,11550
2017-01-26,12300
2017-01-31,12100
2017-02-01,12850
2017-02-02,12600
2017-02-03,12700
2017-02-06,12700
2017-02-07,13400
2017-02-08,13450
2017-02-09,13050
2017-02-10,13400
2017-02-13,13750
2017-02-14,13950
2017-02-15,14100
2017-02-16,13950
2017-02-17,13950
2017-02-20,13800
2017-02-21,14000
2017-02-22,13850
2017-02-23,13700
2017-02-24,13650
2017-02-27,14250
2017-02-28,14100
2017-03-02,14100
2017-03-03,13850
2017-03-06,13650
2017-03-07,13700
2017-03-08,13500
2017-03-09,13500
2017-03-10,13800
2017-03-13,14050
2017-03-14,14550
2017-03-15,14550
2017-03-16,15000
2017-03-17,14400
2017-03-20,14650
2017-03-21,14700
2017-03-22,14650
2017-03-23,14200
2017-03-24,14250
2017-03-27,14400
2017-03-28,14450
2017-03-29,14450
2017-03-30,14200
2017-03-31,14100
2017-04-03,14900
2017-04-04,15300
2017-04-05,15250
2017-04-06,15050
2017-04-07,14900
2017-04-10,14350
2017-04-11,14750
2017-04-12,14450
2017-04-13,14500
2017-04-14,14500
2017-04-17,14900
2017-04-18,15000
2017-04-19,14700
2017-04-20,14800
2017-04-21,14700
2017-04-24,14600
2017-04-25,14550
2017-04-26,14300
2017-04-27,14100
2017-04-28,14100
2017-05-02,13500
2017-05-04,13650
2017-05-08,14600
2017-05-10,14700
2017-05-11,14500
2017-05-12,14650
2017-05-15,14700
2017-05-16,14150
2017-05-17,14000
2017-05-18,13650
2017-05-19,13950
2017-05-22,13800
2017-05-23,13750
2017-05-24,13850
2017-05-25,13750
2017-05-26,13800
2017-05-29,13400
2017-05-30,13600
2017-05-31,14300
2017-06-01,14200
2017-06-02,14950
2017-06-05,15300
2017-06-07,15400
2017-06-08,15750
2017-06-09,15900
2017-06-12,15900
2017-06-13,16250
2017-06-14,16200
2017-06-15,16100
2017-06-16,15750
2017-06-19,16000
2017-06-20,15150
2017-06-21,14950
2017-06-22,14750
2017-06-23,14800
2017-06-26,14500
2017-06-27,14850
2017-06-28,14600
2017-06-29,14600
2017-06-30,15050
2017-07-03,15350
2017-07-04,14900
2017-07-05,14750
2017-07-06,14800
2017-07-07,15000
2017-07-10,14650
2017-07-11,14550
2017-07-12,14150
2017-07-13,14000
2017-07-14,13850
2017-07-17,14100
2017-07-18,14450
2017-07-19,14100
2017-07-20,14100
2017-07-21,14050
2017-07-24,14100
2017-07-25,13900
2017-07-26,14000
2017-07-27,13900
2017-07-28,13400
2017-07-31,13700
2017-08-01,13600
2017-08-02,13500
2017-08-03,13050
2017-08-04,12900
2017-08-07,13200
2017-08-08,13200
2017-08-09,13950
2017-08-10,13350
2017-08-11,12700
2017-08-14,12850
2017-08-16,12700
2017-08-17,12600
2017-08-18,12550
2017-08-21,12400
2017-08-22,12150
2017-08-23,12350
2017-08-24,12300
2017-08-25,12700
2017-08-28,13350
2017-08-29,13200
2017-08-30,13050
2017-08-31,12950
2017-09-01,13500
2017-09-04,13050
2017-09-05,12700
2017-09-06,12800
2017-09-07,13350
2017-09-08,13100
2017-09-11,12900
2017-09-12,12950
2017-09-13,12650
2017-09-14,13500
2017-09-15,13300
2017-09-18,13550
2017-09-19,13350
2017-09-20,13300
2017-09-21,12900
2017-09-22,12550
2017-09-25,12350
2017-09-26,12400
2017-09-27,12650
2017-09-28,12450
2017-09-29,12550
2017-10-10,12600
2017-10-11,13050
2017-10-12,13400
2017-10-13,13400
2017-10-16,12950
2017-10-17,12650
2017-10-18,13450
2017-10-19,13300
2017-10-20,13100
2017-10-23,13150
2017-10-24,13200
2017-10-25,13100
2017-10-26,13000
2017-10-27,13100
2017-10-30,13150
2017-10-31,13050
2017-11-01,12950
2017-11-02,12700
2017-11-03,12850
2017-11-06,14200
2017-11-07,14250
2017-11-08,14350
2017-11-09,14100
2017-11-10,13800
2017-11-13,14650
2017-11-14,14850
2017-11-15,14800
2017-11-16,14500
2017-11-17,14050
2017-11-20,14000
2017-11-21,14100
2017-11-22,13350
2017-11-23,13550
2017-11-24,13100
2017-11-27,13200
2017-11-28,12850
2017-11-29,12950
2017-11-30,12650
2017-12-01,13200
2017-12-04,13250
2017-12-05,13100
2017-12-06,13950
2017-12-07,14500
2017-12-08,14200
2017-12-11,14900
2017-12-12,15150
2017-12-13,15000
2017-12-14,15400
2017-12-15,15400
2017-12-18,15050
2017-12-19,14700
2017-12-20,15150
2017-12-21,14650
2017-12-22,14550
2017-12-26,15100
2017-12-27,15400
2017-12-28,15450
2018-01-02,18400
2018-01-03,18650
2018-01-04,18600
2018-01-05,20300
2018-01-08,21800
2018-01-09,20650
2018-01-10,22850
2018-01-11,25400
2018-01-12,26900
2018-01-15,29350
2018-01-16,28150
2018-01-17,27950
2018-01-18,27850
2018-01-19,27900
2018-01-22,28150
2018-01-23,32150
2018-01-24,32450
2018-01-25,34150
2018-01-26,36700
2018-01-29,37700
2018-01-30,39800
2018-01-31,39750
2018-02-01,39750
2018-02-02,39250
2018-02-05,35150
2018-02-06,33750
2018-02-07,34350
2018-02-08,37000
2018-02-09,36000
2018-02-12,35200
2018-02-13,35350
2018-02-14,39150
2018-02-19,45500
2018-02-20,37500
2018-02-21,38800
2018-02-22,38200
2018-02-23,36700
2018-02-26,35400
2018-02-27,34700
2018-02-28,35250
2018-03-02,36500
2018-03-05,35650
2018-03-06,36000
2018-03-07,38000
2018-03-08,40000
2018-03-09,40000
2018-03-12,43950
2018-03-13,42250
2018-03-14,43250
2018-03-15,43400
2018-03-16,43700
2018-03-19,40800
2018-03-20,40800
2018-03-21,39900
2018-03-22,39350
2018-03-23,36850
2018-03-26,38450
2018-03-27,40100
2018-03-28,38750
2018-03-29,39100
2018-03-30,38900
2018-04-02,38200
2018-04-03,42450
2018-04-04,43700
2018-04-05,43000
2018-04-06,49500
2018-04-09,51400
2018-04-10,50500
2018-04-11,49800
2018-04-12,46150
2018-04-13,50200
2018-04-16,50300
2018-04-17,49600
2018-04-18,47500
2018-04-19,46200
2018-04-20,48250
2018-04-23,48250
2018-04-24,47350
2018-04-25,46600
2018-04-26,47900
2018-04-27,48200
2018-04-30,46500
2018-05-02,44900
2018-05-03,44350
2018-05-04,43800
2018-05-08,41900
2018-05-09,43200
2018-05-10,45150
2018-05-11,45300
2018-05-14,45800
2018-05-15,43800
2018-05-16,42000
2018-05-17,41700
2018-05-18,42600
2018-05-21,44200
2018-05-23,44800
2018-05-24,45300
2018-05-25,45800
2018-05-28,46800
2018-05-29,45500
2018-05-30,45550
2018-05-31,45000
2018-06-01,47750
2018-06-04,45700
2018-06-05,43050
2018-06-07,45350
2018-06-08,43950
2018-06-11,43800
2018-06-12,44000
2018-06-14,43200
2018-06-15,43450
2018-06-18,40700
2018-06-19,37000
2018-06-20,39100
2018-06-21,37950
2018-06-22,36250
2018-06-25,35650
2018-06-26,35650
2018-06-27,34550
2018-06-28,32850
2018-06-29,34700
2018-07-02,36350
2018-07-03,39200
2018-07-04,39800
2018-07-05,39500
2018-07-06,40000
2018-07-09,40850
2018-07-10,42400
2018-07-11,42450
2018-07-12,42750
2018-07-13,44100
2018-07-16,43350
2018-07-17,42800
2018-07-18,40750
2018-07-19,39500
2018-07-20,39750
2018-07-23,37950
2018-07-24,38050
2018-07-25,35850
2018-07-26,38000
2018-07-27,39850
2018-07-30,39550
2018-07-31,39250
2018-08-01,41300
2018-08-02,40000
2018-08-03,42250
2018-08-06,41800
2018-08-07,41300
2018-08-08,41300
2018-08-09,42450
2018-08-10,42100
2018-08-13,39850
2018-08-14,40250
2018-08-16,39900
2018-08-17,40750
2018-08-20,40350
2018-08-21,42100
2018-08-22,41500
2018-08-23,42400
2018-08-24,43100
2018-08-27,43300
2018-08-28,47300
2018-08-29,45750
2018-08-30,45600
2018-08-31,45900
2018-09-03,44800
2018-09-04,45850
2018-09-05,44600
2018-09-06,43200
2018-09-07,43450
2018-09-10,43050
2018-09-11,44000
2018-09-12,44700
2018-09-13,43900
2018-09-14,46200
2018-09-17,46400
2018-09-18,50400
2018-09-19,49100
2018-09-20,48150
2018-09-21,48600
2018-09-27,49050
2018-09-28,47900
2018-10-01,46400
2018-10-02,45300
2018-10-04,45200
2018-10-05,45600
2018-10-08,44100
2018-10-10,43500
2018-10-11,40000
2018-10-12,40800
2018-10-15,40750
2018-10-16,41450
2018-10-17,41400
2018-10-18,39900
2018-10-19,40450
2018-10-22,39700
2018-10-23,38200
2018-10-24,36550
2018-10-25,35400
2018-10-26,34500
2018-10-29,30900
2018-10-30,31650
2018-10-31,31850
2018-11-01,32650
2018-11-02,35300
2018-11-05,36400
2018-11-06,36900
2018-11-07,36300
2018-11-08,36350
2018-11-09,35000
2018-11-12,33700
2018-11-13,35750
2018-11-14,35400
2018-11-15,35550
2018-11-16,37950
2018-11-19,38800
2018-11-20,37650
2018-11-21,38350
2018-11-22,37550
2018-11-23,37150
2018-11-26,39650
2018-11-27,39200
2018-11-28,39200
2018-11-29,39900
2018-11-30,41150
2018-12-03,42900
2018-12-04,42850
2018-12-05,42300
2018-12-06,39950
2018-12-07,41400
2018-12-10,39450
2018-12-11,39350
2018-12-12,41950
2018-12-13,42050
2018-12-14,40100
2018-12-17,36950
2018-12-18,36300
2018-12-19,37350
2018-12-20,37950
2018-12-21,38550
2018-12-24,37750
2018-12-26,37350
2018-12-27,37550
2018-12-28,38000
2019-01-02,36750
2019-01-03,35400
2019-01-04,36400
2019-01-07,35100
2019-01-08,34600
2019-01-09,35200
2019-01-10,36100
2019-01-11,38450
2019-01-14,37300
2019-01-15,37300
2019-01-16,37300
2019-01-17,36500
2019-01-18,37200
2019-01-21,35700
2019-01-22,36000
2019-01-23,35950
2019-01-24,37050
2019-01-25,39450
2019-01-28,39200
2019-01-29,40950
2019-01-30,42750
2019-01-31,45350
2019-02-01,44950
2019-02-07,47300
2019-02-08,47200
2019-02-11,48300
2019-02-12,48000
2019-02-13,49300
2019-02-14,47900
2019-02-15,47950
2019-02-18,47700
2019-02-19,48300
2019-02-20,48400
2019-02-21,50800
2019-02-22,51000
2019-02-25,51500
2019-02-26,50700
2019-02-27,50700
2019-02-28,50800
2019-03-04,51100
2019-03-05,50800
2019-03-06,51200
2019-03-07,49350
2019-03-08,50400
2019-03-11,50500
2019-03-12,51000
2019-03-13,52700
2019-03-14,51000
2019-03-15,49500
2019-03-18,50000
2019-03-19,48500
2019-03-20,49000
2019-03-21,47400
2019-03-22,49700
2019-03-25,48300
2019-03-26,49400
2019-03-27,47700
2019-03-28,45650
2019-03-29,47000
2019-04-01,48950
2019-04-02,50000
2019-04-03,51000
2019-04-04,51000
2019-04-05,49950
2019-04-08,48950
2019-04-09,48850
2019-04-10,49000
2019-04-11,49250
2019-04-12,48500
2019-04-15,47350
2019-04-16,47200
2019-04-17,46450
2019-04-18,45950
2019-04-19,47500
2019-04-22,46350
2019-04-23,46600
2019-04-24,46000
2019-04-25,45900
2019-04-26,45700
2019-04-29,46200
2019-04-30,45750
2019-05-02,45850
2019-05-03,47900
2019-05-07,46700
2019-05-08,46200
2019-05-09,44250
2019-05-10,43600
2019-05-13,41950
2019-05-14,42000
2019-05-15,43750
2019-05-16,41700
2019-05-17,40900
2019-05-20,40150
2019-05-21,40200
2019-05-22,40850
2019-05-23,39950
2019-05-24,38350
2019-05-27,38500
2019-05-28,39750
2019-05-29,38700
2019-05-30,39700
2019-05-31,39700
2019-06-03,38800
2019-06-04,39900
2019-06-05,40000
2019-06-07,39650
2019-06-10,41200
2019-06-11,41200
2019-06-12,40400
2019-06-13,40200
2019-06-14,40400
2019-06-17,39700
2019-06-18,37900
2019-06-19,39300
2019-06-20,42650
2019-06-21,41150
2019-06-24,40000
2019-06-25,39700
2019-06-26,39750
2019-06-27,38150
2019-06-28,37850
2019-07-01,38600
2019-07-02,38700
2019-07-03,37750
2019-07-04,37250
2019-07-05,38150
2019-07-08,36150
2019-07-09,35000
2019-07-10,35350
2019-07-11,37300
2019-07-12,36750
2019-07-15,35800
2019-07-16,36100
2019-07-17,35400
2019-07-18,35450
2019-07-19,36450
2019-07-22,36300
2019-07-23,35850
2019-07-24,35500
2019-07-25,34600
2019-07-26,34400
2019-07-29,31950
2019-07-30,31500
2019-07-31,33600
2019-08-01,32200
2019-08-02,31900
2019-08-05,28400
2019-08-06,27950
2019-08-07,28750
2019-08-08,29750
2019-08-09,29800
2019-08-12,30200
2019-08-13,29200
2019-08-14,29250
2019-08-16,29850
2019-08-19,29800
2019-08-20,30750
2019-08-21,31700
2019-08-22,30900
2019-08-23,30350
2019-08-26,28600
2019-08-27,28950
2019-08-28,31500
2019-08-29,31050
2019-08-30,31850
2019-09-02,34300
2019-09-03,33550
2019-09-04,33300
2019-09-05,33100
2019-09-06,32650
2019-09-09,32150
2019-09-10,31850
2019-09-11,32500
2019-09-16,33200
2019-09-17,34250
2019-09-18,33850
2019-09-19,34000
2019-09-20,34150
2019-09-23,33500
2019-09-24,33650
2019-09-25,32950
2019-09-26,33850
2019-09-27,33900
2019-09-30,34000
2019-10-01,36000
2019-10-02,35000
2019-10-04,33800
2019-10-07,35450
2019-10-08,34900
2019-10-10,35400
2019-10-11,34800
2019-10-14,35000
2019-10-15,35050
2019-10-16,35900
2019-10-17,35250
2019-10-18,34300
2019-10-21,33800
2019-10-22,34100
2019-10-23,35850
2019-10-24,35200
2019-10-25,34300
2019-10-28,34700
2019-10-29,34700
2019-10-30,33700
2019-10-31,33600
2019-11-01,33750
2019-11-04,33950
2019-11-05,34900
2019-11-06,35200
2019-11-07,34550
2019-11-08,33700
2019-11-11,33650
2019-11-12,33700
2019-11-13,33350
2019-11-14,33600
2019-11-15,33250
2019-11-18,32750
2019-11-19,31900
2019-11-20,30850
2019-11-21,29400
2019-11-22,29600
2019-11-25,30200
2019-11-26,30350
2019-11-27,29900
2019-11-28,30500
2019-11-29,31000
2019-12-02,31300
2019-12-03,30600
2019-12-04,30550
2019-12-05,31500
2019-12-06,31600
2019-12-09,31450
2019-12-10,31400
2019-12-11,31550
2019-12-12,31450
2019-12-13,32900
2019-12-16,32400
2019-12-17,32400
2019-12-18,31800
2019-12-19,31950
2019-12-20,31550
2019-12-23,32150
2019-12-24,32600
2019-12-26,33000
2019-12-27,34550
2019-12-30,35600
2020-01-02,36350
2020-01-03,35200
2020-01-06,34050
2020-01-07,33850
2020-01-08,32400
2020-01-09,33200
2020-01-10,33850
2020-01-13,33250
2020-01-14,32400
2020-01-15,32150
2020-01-16,32450
2020-01-17,32250
2020-01-20,32500
2020-01-21,32000
2020-01-22,32000
2020-01-23,31400
2020-01-28,30400
2020-01-29,30450
2020-01-30,29000
2020-01-31,28900
2020-02-03,28750
2020-02-04,32050
2020-02-05,33800
2020-02-06,34050
2020-02-07,33900
2020-02-10,34300
2020-02-11,35450
2020-02-12,34950
2020-02-13,35500
2020-02-14,36000
2020-02-17,37350
2020-02-18,37100
2020-02-19,43700
2020-02-20,43600
2020-02-21,43200
2020-02-24,40950
2020-02-25,42400
2020-02-26,43100
2020-02-27,42000
2020-02-28,39500
2020-03-02,40400
2020-03-03,41000
2020-03-04,41950
2020-03-05,42850
2020-03-06,44200
2020-03-09,42300
2020-03-10,41500
2020-03-11,40500
2020-03-12,41150
2020-03-13,40650
2020-03-16,34050
2020-03-17,34200
2020-03-18,30500
2020-03-19,21850
2020-03-20,24950
2020-03-23,23550
2020-03-24,27950
2020-03-25,29350
2020-03-26,29600
2020-03-27,30000
2020-03-30,31200
2020-03-31,32350
2020-04-01,30750
2020-04-02,31450
2020-04-03,31150
2020-04-06,31450
2020-04-07,33050
2020-04-08,33050
2020-04-09,33150
2020-04-10,33750
2020-04-13,32200
2020-04-14,32300
2020-04-16,32200
2020-04-17,32400
2020-04-20,33150
2020-04-21,32300
2020-04-22,31750
2020-04-23,31900
2020-04-24,30550
2020-04-27,31150
2020-04-28,31250
2020-04-29,30750
2020-05-04,30600
2020-05-06,32000
2020-05-07,31950
2020-05-08,36000
2020-05-11,37150
2020-05-12,37400
2020-05-13,39950
2020-05-14,37700
2020-05-15,37250
2020-05-18,37150
2020-05-19,35900
2020-05-20,37500
2020-05-21,37000
2020-05-22,39000
2020-05-25,39800
2020-05-26,43250
2020-05-27,43350
2020-05-28,40850
2020-05-29,41550
2020-06-01,42000
2020-06-02,41250
2020-06-03,40150
2020-06-04,39500
2020-06-05,42000
2020-06-08,40850
2020-06-09,41850
2020-06-10,42400
2020-06-11,42800
2020-06-12,41850
2020-06-15,38700
2020-06-16,40500
2020-06-17,41000
2020-06-18,42200
2020-06-19,41400
2020-06-22,41150
2020-06-23,40550
2020-06-24,41100
2020-06-25,39900
2020-06-26,38900
2020-06-29,37050
2020-06-30,36700
2020-07-01,36150
2020-07-02,38000
2020-07-03,37400
2020-07-06,37000
2020-07-07,37050
2020-07-08,36450
2020-07-09,36300
2020-07-10,36350
2020-07-13,36900
2020-07-14,36550
2020-07-15,38500
2020-07-16,37850
2020-07-17,40350
2020-07-20,41500
2020-07-21,41800
2020-07-22,43300
2020-07-23,46800
2020-07-24,45250
2020-07-27,44150
2020-07-28,45150
2020-07-29,44650
2020-07-30,47950
2020-07-31,48150
2020-08-03,48050
2020-08-04,48050
2020-08-05,49950
2020-08-06,53200
2020-08-07,56800
2020-08-10,58500
2020-08-11,56300
2020-08-12,52800
2020-08-13,53700
2020-08-14,54000
2020-08-18,48700
2020-08-19,52100
2020-08-20,51800
2020-08-21,51500
2020-08-24,55200
2020-08-25,58100
2020-08-26,58500
2020-08-27,57900
2020-08-28,59900
2020-08-31,58600
2020-09-01,57500
2020-09-02,58200
2020-09-03,57500
2020-09-04,55000
2020-09-07,52900
2020-09-08,55700
2020-09-09,53800
2020-09-10,55100
2020-09-11,54500
2020-09-14,54800
2020-09-15,60300
2020-09-16,58600
2020-09-17,56100
2020-09-18,56200
2020-09-21,54000
2020-09-22,50900
2020-09-23,49800
2020-09-24,50100
2020-09-25,52500
2020-09-28,53700
2020-09-29,55000
2020-10-05,55500
2020-10-06,55600
2020-10-07,59100
2020-10-08,62800
2020-10-12,58000
2020-10-13,59000
2020-10-14,57000
2020-10-15,55900
2020-10-16,54500
2020-10-19,51500
2020-10-20,56600
2020-10-21,55200
2020-10-22,53400
2020-10-23,57900
2020-10-26,55000
2020-10-27,53300
2020-10-28,54200
2020-10-29,53700
2020-10-30,53000
2020-11-02,53700
2020-11-03,54100
2020-11-04,55000
2020-11-05,56700
2020-11-06,54000
2020-11-09,53700
2020-11-10,53200
2020-11-11,54700
2020-11-12,58500
2020-11-13,56400
2020-11-16,55500
2020-11-17,54800
2020-11-18,56500
2020-11-19,55800
2020-11-20,57100
2020-11-23,56100
2020-11-24,56000
2020-11-25,55300
2020-11-26,56500
2020-11-27,58900
2020-11-30,58100
2020-12-01,59800
2020-12-02,59200
2020-12-03,62800
2020-12-04,62800
2020-12-07,64000
2020-12-08,66300
2020-12-09,68300
2020-12-10,69100
2020-12-11,67300
2020-12-14,67000
2020-12-15,67500
2020-12-16,66900
2020-12-17,65200
2020-12-18,68200
2020-12-21,88600
2020-12-22,78400
2020-12-23,75900
2020-12-24,75300
2020-12-28,76400
2020-12-29,79100
2020-12-30,82100
2021-01-04,81800
2021-01-05,78700
2021-01-06,79200
2021-01-07,78000
2021-01-08,75600
2021-01-11,71500
2021-01-12,69500
2021-01-13,70800
2021-01-14,70000
2021-01-15,67000
2021-01-18,67200
2021-01-19,66800
2021-01-20,69000
2021-01-21,67100
2021-01-22,64900
2021-01-25,67200
2021-01-26,65500
2021-01-27,61900
2021-01-28,60700
2021-01-29,60300
2021-02-01,63000
2021-02-02,62900
2021-02-03,61800
2021-02-04,60700
2021-02-05,60400
2021-02-08,57400
2021-02-09,60800
2021-02-10,62600
2021-02-15,62700
2021-02-16,60100
2021-02-17,59000
2021-02-18,60000
2021-02-19,61100
2021-02-22,63800
2021-02-23,62900
2021-02-24,60500
2021-02-25,64600
2021-02-26,65800
2021-03-02,65300
2021-03-03,63100
2021-03-04,59000
2021-03-05,55800
2021-03-08,52000
2021-03-09,51600
2021-03-10,54000
2021-03-11,53900
2021-03-12,57100
2021-03-15,55700
2021-03-16,57700
2021-03-17,58200
2021-03-18,58100
2021-03-19,59300
2021-03-22,59500
2021-03-23,57400
2021-03-24,54600
2021-03-25,55000
2021-03-26,54000
2021-03-29,53800
2021-03-30,53100
2021-03-31,51000
2021-04-01,51300
2021-04-02,52400
2021-04-05,52300
2021-04-06,50900
2021-04-07,50600
2021-04-08,51900
2021-04-09,54400
2021-04-12,55000
2021-04-13,53900
2021-04-14,55300
2021-04-15,53600
2021-04-16,53400
2021-04-19,54400
2021-04-20,54400
2021-04-21,53300
2021-04-22,53300
2021-04-23,52600
2021-04-26,53100
2021-04-27,52200
2021-04-28,50400
2021-04-29,50500
2021-04-30,51800
2021-05-03,53400
2021-05-04,52500
2021-05-06,54400
2021-05-07,55500
2021-05-10,59900
2021-05-11,56900
2021-05-12,58100
2021-05-13,56400
2021-05-14,56200
2021-05-17,59400
2021-05-18,62400
2021-05-20,60400
2021-05-21,57600
2021-05-24,56600
2021-05-25,58500
2021-05-26,56500
2021-05-27,54500
2021-05-28,54300
2021-05-31,53100
2021-06-01,53400
2021-06-02,52400
2021-06-03,52900
2021-06-04,52800
2021-06-07,52900
2021-06-08,52700
2021-06-09,50800
2021-06-10,52400
2021-06-11,52700
2021-06-14,52400
2021-06-15,51800
2021-06-16,51600
2021-06-17,53500
2021-06-18,53600
2021-06-21,52200
2021-06-22,53400
2021-06-23,53900
2021-06-24,53000
2021-06-25,52500
2021-06-28,52400
2021-06-29,53400
2021-06-30,54400
2021-07-01,55500
2021-07-02,55100
2021-07-05,58400
2021-07-06,57600
2021-07-07,56100
2021-07-08,54700
2021-07-09,53100
2021-07-12,53100
2021-07-13,54500
2021-07-14,53200
2021-07-15,53900
2021-07-16,52400
2021-07-19,52000
2021-07-20,52200
2021-07-21,52500
2021-07-22,51600
2021-07-23,51700
2021-07-26,51800
2021-07-27,51400
2021-07-28,51000
2021-07-29,55900
2021-07-30,56100
2021-08-02,64600
2021-08-03,58700
2021-08-04,57100
2021-08-05,56400
2021-08-06,55800
2021-08-09,54200
2021-08-10,55700
2021-08-11,57600
2021-08-12,56400
2021-08-13,55300
2021-08-17,55300
2021-08-18,54300
2021-08-19,56700
2021-08-20,56100
2021-08-23,59200
2021-08-24,59200
2021-08-25,61500
2021-08-26,55400
2021-08-27,54900
2021-08-30,53200
2021-08-31,55300
2021-09-01,55400
2021-09-02,54600
2021-09-03,53800
2021-09-06,54800
2021-09-07,53800
2021-09-08,52700
2021-09-09,52400
2021-09-10,52200
2021-09-13,51500
2021-09-14,51600
2021-09-15,51800
2021-09-16,50900
2021-09-17,51700
2021-09-23,51600
2021-09-24,51100
2021-09-27,50600
2021-09-28,48700
2021-09-29,47750
2021-09-30,49800
2021-10-01,48650
2021-10-05,41700
2021-10-06,40150
2021-10-07,42600
2021-10-08,43550
2021-10-12,43500
2021-10-13,44550
2021-10-14,46850
2021-10-15,46950
2021-10-18,47000
2021-10-19,48200
2021-10-20,48150
2021-10-21,48650
2021-10-22,48300
2021-10-25,48550
2021-10-26,50400
2021-10-27,49200
2021-10-28,49000
2021-10-29,47050
2021-11-01,49750
2021-11-02,48950
2021-11-03,50300
2021-11-04,50600
2021-11-05,50400
2021-11-08,48600
2021-11-09,49450
2021-11-10,48200
2021-11-11,47500
2021-11-12,47450
2021-11-15,47700
2021-11-16,45950
2021-11-17,44200
2021-11-18,44250
2021-11-19,45300
2021-11-22,45500
2021-11-23,44600
2021-11-24,45650
2021-11-25,45200
2021-11-26,44300
2021-11-29,43250
2021-11-30,42150
2021-12-01,42750
2021-12-02,43100
2021-12-03,44900
2021-12-06,44550
2021-12-07,45350
2021-12-08,45950
2021-12-09,46900
2021-12-10,46200
2021-12-13,45700
2021-12-14,46100
2021-12-15,46100
2021-12-16,47000
2021-12-17,45050
2021-12-20,45750
2021-12-21,44300
2021-12-22,43200
2021-12-23,43750
2021-12-24,42600
2021-12-27,42550
2021-12-28,43400
2021-12-29,44200
2021-12-30,43350
2022-01-03,44900
2022-01-04,44100
2022-01-05,42650
2022-01-06,41000
2022-01-07,41600
2022-01-10,40250
2022-01-11,38100
2022-01-12,40100
2022-01-13,39700
2022-01-14,39550
2022-01-17,38450
2022-01-18,37000
2022-01-19,36400
2022-01-20,37700
2022-01-21,36850
2022-01-24,35900
2022-01-25,34400
2022-01-26,34500
2022-01-27,31900
2022-01-28,34350
2022-02-03,36000
2022-02-04,35900
2022-02-07,35900
2022-02-08,36400
2022-02-09,36050
2022-02-10,35850
2022-02-11,34450
2022-02-14,33800
2022-02-15,32800
2022-02-16,35600
2022-02-17,35650
2022-02-18,35650
2022-02-21,35700
2022-02-22,35150
2022-02-23,35950
2022-02-24,35600
2022-02-25,36700
2022-02-28,36200
2022-03-02,36550
2022-03-03,37450
2022-03-04,36250
2022-03-07,34250
2022-03-08,34000
2022-03-10,35250
2022-03-11,35550
2022-03-14,34200
2022-03-15,34500
2022-03-16,35950
2022-03-17,37000
2022-03-18,37050
2022-03-21,36200
2022-03-22,36400
2022-03-23,36200
2022-03-24,35900
2022-03-25,36050
2022-03-28,34850
2022-03-29,36050
2022-03-30,36700
2022-03-31,35900
2022-04-01,35750
2022-04-04,35750
2022-04-05,36200
2022-04-06,35350
2022-04-07,34800
2022-04-08,35350
2022-04-11,34400
2022-04-12,34250
2022-04-13,35250
2022-04-14,35700
2022-04-15,37600
2022-04-18,39850
2022-04-19,40100
2022-04-20,40000
2022-04-21,39800
2022-04-22,40350
2022-04-25,41000
2022-04-26,42700
2022-04-27,44250
2022-04-28,44500
2022-04-29,45300
2022-05-02,44400
2022-05-03,43950
2022-05-04,43500
2022-05-06,41400
2022-05-09,38650
2022-05-10,38100
2022-05-11,39300
2022-05-12,38050
2022-05-13,38600
2022-05-16,39550
2022-05-17,38450
2022-05-18,41550
2022-05-19,41650
2022-05-20,42750
2022-05-23,43650
2022-05-24,43900
2022-05-25,44550
2022-05-26,44550
2022-05-27,43800
2022-05-30,43200
2022-05-31,44950
2022-06-02,43600
2022-06-03,43600
2022-06-07,43300
2022-06-08,44000
2022-06-09,46000
2022-06-10,45600
2022-06-13,42650
2022-06-14,41000
2022-06-15,39100
2022-06-16,38800
2022-06-17,39100
2022-06-20,36550
2022-06-21,36750
2022-06-22,35050
2022-06-23,34350
2022-06-24,36650
2022-06-27,36450
2022-06-28,35800
2022-06-29,34900
2022-06-30,33700
2022-07-01,31650
2022-07-04,31150
2022-07-05,32950
2022-07-06,32150
2022-07-07,32450
2022-07-08,32650
2022-07-11,33200
2022-07-12,32400
2022-07-13,33450
2022-07-14,32750
2022-07-15,33550
2022-07-18,33900
2022-07-19,34700
2022-07-20,38150
2022-07-21,36650
2022-07-22,35000
2022-07-25,35150
2022-07-26,34950
2022-07-27,35600
2022-07-28,35600
2022-07-29,34950
2022-08-01,34650
2022-08-02,34600
2022-08-03,34950
2022-08-04,36400
2022-08-05,36750
2022-08-08,36600
2022-08-09,36950
2022-08-10,36000
2022-08-11,38900
2022-08-12,38700
2022-08-16,38050
2022-08-17,36850
2022-08-18,36700
2022-08-19,36400
2022-08-22,35300
2022-08-23,34150
2022-08-24,34450
2022-08-25,35300
2022-08-26,34450
2022-08-29,33250
2022-08-30,35500
2022-08-31,35150
2022-09-01,33750
2022-09-02,34250
2022-09-05,33350
2022-09-06,32850
2022-09-07,32300
2022-09-08,33050
2022-09-13,33950
2022-09-14,32800
2022-09-15,32400
2022-09-16,35050
2022-09-19,34150
2022-09-20,33850
2022-09-21,33450
2022-09-22,32400
2022-09-23,31600
2022-09-26,30000
2022-09-27,31000
2022-09-28,30850
2022-09-29,32300
2022-09-30,31450
2022-10-04,32050
2022-10-05,31350
2022-10-06,32050
2022-10-07,31250
2022-10-11,28450
2022-10-12,27850
2022-10-13,28900
2022-10-14,29350
2022-10-17,29450
2022-10-18,30200
2022-10-19,29800
2022-10-20,29550
2022-10-21,29000
2022-10-24,29950
2022-10-25,30200
2022-10-26,30200
2022-10-27,30900
2022-10-28,30400
2022-10-31,30550
2022-11-01,30550
2022-11-02,32000
2022-11-03,31200
2022-11-04,30000
2022-11-07,31800
2022-11-08,33150
2022-11-09,32950
2022-11-10,31950
2022-11-11,33550
2022-11-14,32800
2022-11-15,34400
2022-11-16,34450
2022-11-17,34300
2022-11-18,35050
2022-11-21,33650
2022-11-22,33000
2022-11-23,35650
2022-11-24,35550
2022-11-25,35900
2022-11-28,34300
2022-11-29,44550
2022-11-30,44950
2022-12-01,47400
2022-12-02,48750
2022-12-05,47800
2022-12-06,46000
2022-12-07,47100
2022-12-08,47150
2022-12-09,46350
2022-12-12,47400
2022-12-13,45650
2022-12-14,47500
2022-12-15,46550
2022-12-16,45850
2022-12-19,45900
2022-12-20,45000
2022-12-21,46450
2022-12-22,46750
2022-12-23,46000
2022-12-26,46650
2022-12-27,49100
2022-12-28,46250
2022-12-29,43800
2023-01-02,42850
2023-01-03,43500
2023-01-04,43500
2023-01-05,43100
2023-01-06,44350
2023-01-09,46850
2023-01-10,45400
2023-01-11,45800
2023-01-12,46900
2023-01-13,45200
2023-01-16,45450
2023-01-17,44300
2023-01-18,44350
2023-01-19,44900
2023-01-20,44700
2023-01-25,45650
2023-01-26,46150
2023-01-27,46400
2023-01-30,45400
2023-01-31,48100
2023-02-01,49600
2023-02-02,50900
2023-02-03,51100
2023-02-06,51000
2023-02-07,53200
2023-02-08,53100
2023-02-09,53700
2023-02-10,52600
2023-02-13,52000
2023-02-14,50900
2023-02-15,49800
2023-02-16,50900
2023-02-17,51300
2023-02-20,52800
2023-02-21,52400
2023-02-22,48050
2023-02-23,48050
2023-02-24,48500
2023-02-27,48200
2023-02-28,51700
2023-03-02,54500
2023-03-03,57000
2023-03-06,57500
2023-03-07,57100
2023-03-08,55300
2023-03-09,57000
2023-03-10,50400
2023-03-13,51000
2023-03-14,49150
2023-03-15,52300
2023-03-16,52400
2023-03-17,55400
2023-03-20,56500
2023-03-21,57500
2023-03-22,58200
2023-03-23,59000
2023-03-24,61300
2023-03-27,78800
2023-03-28,81800
2023-03-29,80000
2023-03-30,80500
2023-03-31,80900
2023-04-03,79800
2023-04-04,80400
2023-04-05,85000
2023-04-06,84300
2023-04-07,85900
2023-04-10,87500
2023-04-11,86300
2023-04-12,95600
2023-04-13,98000
2023-04-14,94200
2023-04-17,92400
2023-04-18,94000
2023-04-19,94200
2023-04-20,79600
2023-04-21,76800
2023-04-24,76300
2023-04-25,76600
2023-04-26,72300
2023-04-27,75500
2023-04-28,75200
2023-05-02,69500
2023-05-03,66900
2023-05-04,65400
2023-05-08,66300
2023-05-09,64500
2023-05-10,65700
2023-05-11,63400
2023-05-12,61900
2023-05-15,61400
2023-05-16,62000
2023-05-17,65800
2023-05-18,64000
2023-05-19,64400
2023-05-22,63300
2023-05-23,65100
2023-05-24,64600
2023-05-25,62700
2023-05-26,62500
2023-05-30,60500
2023-05-31,62000
2023-06-01,63800
2023-06-02,62100
2023-06-05,62800
2023-06-07,62300
2023-06-08,62200
2023-06-09,63600
2023-06-12,57500
2023-06-13,61100
2023-06-14,58500
2023-06-15,57200
2023-06-16,57600
2023-06-19,59100
2023-06-20,59100
2023-06-21,55700
2023-06-22,57100
2023-06-23,56900
2023-06-26,57200
2023-06-27,60800
2023-06-28,60100
2023-06-29,51800
2023-06-30,54900
2023-07-03,52900
2023-07-04,53900
2023-07-05,52400
2023-07-06,51000
2023-07-07,50700
2023-07-10,49950
2023-07-11,52400
2023-07-12,53100
2023-07-13,53000
2023-07-14,53900
2023-07-17,54300
2023-07-18,55400
2023-07-19,62500
2023-07-20,62800
2023-07-21,64900
2023-07-24,63200
2023-07-25,62700
2023-07-26,60600
2023-07-27,63200
2023-07-28,65400
2023-07-31,63800
2023-08-01,66300
2023-08-02,64300
2023-08-03,67500
2023-08-04,67000
2023-08-07,64800
2023-08-08,64300
2023-08-09,65300
2023-08-10,65500
2023-08-11,65000
2023-08-14,65400
2023-08-16,62200
2023-08-17,61500
2023-08-18,60100
2023-08-21,58200
2023-08-22,57800
2023-08-23,56600
2023-08-24,73500
2023-08-25,79500
2023-08-28,80400
2023-08-29,86200
2023-08-30,87400
2023-08-31,87900
2023-09-01,88600
2023-09-04,93100
2023-09-05,93200
2023-09-06,96600
2023-09-07,95400
2023-09-08,96500
2023-09-11,92700
2023-09-12,90500
2023-09-13,87100
2023-09-14,87700
2023-09-15,89100
2023-09-18,93100
2023-09-19,93200
2023-09-20,88000
2023-09-21,80300
2023-09-22,79400
2023-09-25,79500
2023-09-26,76800
2023-09-27,76800
2023-10-04,73800
2023-10-05,74500
2023-10-06,76800
2023-10-10,75700
2023-10-11,75900
2023-10-12,78700
2023-10-13,79200
2023-10-16,77400
2023-10-17,76400
2023-10-18,71300
2023-10-19,67900
2023-10-20,65700
2023-10-23,65800
2023-10-24,66900
2023-10-25,65700
2023-10-26,64200
2023-10-27,64400
2023-10-30,63600
2023-10-31,61400
2023-11-01,63100
2023-11-02,69200
2023-11-03,68100
2023-11-06,73100
2023-11-07,71500
2023-11-08,73300
2023-11-09,69800
2023-11-10,66800
2023-11-13,63900
2023-11-14,66900
2023-11-15,68700
2023-11-16,67600
2023-11-17,61600
2023-11-20,63200
2023-11-21,71600
2023-11-22,68200
2023-11-23,69500
2023-11-24,66900
2023-11-27,64800
2023-11-28,70700
2023-11-29,72000
2023-11-30,71200
2023-12-01,74300
2023-12-04,73900
2023-12-05,70000
2023-12-06,69300
2023-12-07,68700
2023-12-08,68500
2023-12-11,66900
2023-12-12,69000
2023-12-13,66800
2023-12-14,67400
2023-12-15,66900
2023-12-18,67100
2023-12-19,68300
2023-12-20,69500
2023-12-21,71200
2023-12-22,70800
2023-12-26,73100
2023-12-27,74300
2023-12-28,77300
2024-01-02,79900
2024-01-03,79000
2024-01-04,74400
2024-01-05,75200
2024-01-08,78900
2024-01-09,80100
2024-01-10,80000
2024-01-11,78900
2024-01-12,77800
2024-01-15,74600
2024-01-16,72700
2024-01-17,70800
2024-01-18,71500
2024-01-19,70600
2024-01-22,71000
2024-01-23,72500
2024-01-24,70300
2024-01-25,68000
2024-01-26,68300
2024-01-29,65600
2024-01-30,67200
2024-01-31,64100
2024-02-01,64200
2024-02-02,65500
2024-02-05,62600
2024-02-06,62600
2024-02-07,62400
2024-02-08,64800
2024-02-13,68800
2024-02-14,70200
2024-02-15,70200
2024-02-16,70800
2024-02-19,69800
2024-02-20,68200
2024-02-21,67000
2024-02-22,69300
2024-02-23,73500
2024-02-26,73400
2024-02-27,69400
2024-02-28,77200
2024-02-29,71600
2024-03-04,75800
2024-03-05,76400
2024-03-06,77100
2024-03-07,76300
2024-03-08,81300
2024-03-11,80700
2024-03-12,78200
2024-03-13,80000
2024-03-14,79900
2024-03-15,77800
2024-03-18,86500
2024-03-19,88000
2024-03-20,86200
2024-03-21,87100
2024-03-22,85500
2024-03-25,111100
2024-03-26,140400
2024-03-27,140600
2024-03-28,137400
2024-03-29,140600
2024-04-01,140700
2024-04-02,115500
2024-04-03,109400
2024-04-04,111400
2024-04-05,112400
2024-04-08,103500
2024-04-09,104700
2024-04-11,97400
2024-04-12,105800
2024-04-15,102700
2024-04-16,97100
2024-04-17,95400
2024-04-18,103900
2024-04-19,102700
2024-04-22,100200
2024-04-23,101700
2024-04-24,108500
2024-04-25,104700
2024-04-26,106600
2024-04-29,105600
2024-04-30,104600
2024-05-02,112500
2024-05-03,116600
2024-05-07,117000
2024-05-08,112000
2024-05-09,111600
2024-05-10,114100
2024-05-13,111800
2024-05-14,111700
2024-05-16,111000
2024-05-17,112300
2024-05-20,113600
2024-05-21,115500
2024-05-22,117400
2024-05-23,113500
2024-05-24,114500
2024-05-27,107100
2024-05-28,105500
2024-05-29,100900
2024-05-30,103000
2024-05-31,119300
2024-06-03,123800
2024-06-04,126500
2024-06-05,124500
2024-06-07,127000
2024-06-10,121500
2024-06-11,123500
2024-06-12,128800
2024-06-13,128400
2024-06-14,123000
2024-06-17,121800
2024-06-18,141500
2024-06-19,163800
2024-06-20,163400
2024-06-21,158500
2024-06-24,144700
2024-06-25,148100
2024-06-26,143500
2024-06-27,142000
2024-06-28,146100
2024-07-01,153200
2024-07-02,166800
2024-07-03,181800
2024-07-04,181800
2024-07-05,196700
2024-07-08,194500
2024-07-09,209000
2024-07-10,214000
2024-07-11,206000
2024-07-12,199000
2024-07-15,198000
2024-07-16,195200
2024-07-17,189000
2024-07-18,185400
2024-07-19,192400
2024-07-22,185500
2024-07-23,187000
2024-07-24,185200
2024-07-25,174000
2024-07-26,176900
2024-07-29,184000
2024-07-30,182800
2024-07-31,182700
2024-08-01,182400
2024-08-02,179500
2024-08-05,152600
2024-08-06,159300
2024-08-07,166300
2024-08-08,162500
2024-08-09,163800
2024-08-12,159700
2024-08-13,151700
2024-08-14,151300
2024-08-16,166000
2024-08-19,155100
2024-08-20,152000
2024-08-21,146000
2024-08-22,143800
2024-08-23,147400
2024-08-26,146700
2024-08-27,155100
2024-08-28,151500
2024-08-29,150200
2024-08-30,158000
2024-09-02,158700
2024-09-03,152200
2024-09-04,142900
2024-09-05,141700
2024-09-06,132500
2024-09-09,134000
2024-09-10,130300
2024-09-11,128500
2024-09-12,132400
2024-09-13,131800
2024-09-19,133900
2024-09-20,139100
2024-09-23,143900
2024-09-24,140200
2024-09-25,131300
2024-09-26,140600
2024-09-27,136600
2024-09-30,139600
2024-10-02,138100
2024-10-04,143300
2024-10-07,139800
2024-10-08,131500
2024-10-10,138200
2024-10-11,146200
2024-10-14,141700
2024-10-15,144100
2024-10-16,138300
2024-10-17,142000
2024-10-18,135800
2024-10-21,133800
2024-10-22,133500
2024-10-23,128300
2024-10-24,124200
2024-10-25,125900
2024-10-28,131900
2024-10-29,130200
2024-10-30,127400
2024-10-31,135300
2024-11-01,138700
2024-11-04,145500
2024-11-05,146500
2024-11-06,141700
2024-11-07,137000
2024-11-08,135600
2024-11-11,133800
2024-11-12,129600
2024-11-13,116700
2024-11-14,108400
2024-11-15,116500
2024-11-18,114300
2024-11-19,112000
2024-11-20,115700
2024-11-21,113300
2024-11-22,109800
2024-11-25,111800
2024-11-26,104800
2024-11-27,104000
2024-11-28,103600
2024-11-29,99500
2024-12-02,98600
2024-12-03,101700
2024-12-04,97500
2024-12-05,97900
2024-12-06,96000
2024-12-09,88500
2024-12-10,98000
2024-12-11,98000
2024-12-12,100600
2024-12-13,102000
2024-12-16,104200
2024-12-17,113900
2024-12-18,120100
2024-12-19,114100
2024-12-20,118100
2024-12-23,153500
2024-12-24,141000
2024-12-26,153800
2024-12-27,147000
2024-12-30,148500
2025-01-02,150800
2025-01-03,155400
2025-01-06,156300
2025-01-07,160500
2025-01-08,159900
2025-01-09,169700
2025-01-10,160800
2025-01-13,162700
2025-01-14,163500
2025-01-15,156900
2025-01-16,171500
2025-01-17,168800
2025-01-20,172200
2025-01-21,163600
2025-01-22,170700
2025-01-23,173000
2025-01-24,172000
2025-01-31,184000
2025-02-03,170800
2025-02-04,166000
2025-02-05,202000
2025-02-06,211000
2025-02-07,201000
2025-02-10,187300
2025-02-11,182700
2025-02-12,180200
2025-02-13,180200
2025-02-14,175200
2025-02-17,181100
2025-02-18,179500
2025-02-19,181000
2025-02-20,180900
2025-02-21,179900
2025-02-24,187000
2025-02-25,197000
2025-02-26,190400
2025-02-27,188800
2025-02-28,185600
2025-03-04,181600
2025-03-05,192900
2025-03-06,195100
2025-03-07,194500
2025-03-10,194300
2025-03-11,194000
2025-03-12,193100
2025-03-13,188100
2025-03-14,191400
2025-03-17,190800
2025-03-18,188600
2025-03-19,180500
2025-03-20,175400
2025-03-21,188800
2025-03-24,192100
2025-03-25,185100
2025-03-26,182600
2025-03-27,180000
2025-03-28,169000
2025-03-31,165000
2025-04-01,174100
2025-04-02,175100
2025-04-03,183400
2025-04-04,185700
2025-04-07,178600
2025-04-08,166800
2025-04-09,146400
2025-04-10,156600
2025-04-11,157200
2025-04-14,154000
2025-04-15,156300
2025-04-16,150000
2025-04-17,149800
2025-04-18,153600
2025-04-21,144300
2025-04-22,140000
2025-04-23,141800
2025-04-24,141000
2025-04-25,143200
2025-04-28,139000
2025-04-29,143700
2025-04-30,140700
2025-05-02,142000
2025-05-07,137900
2025-05-08,140900
2025-05-09,139500
2025-05-12,136400
2025-05-13,148000
2025-05-14,150000
2025-05-15,151000
2025-05-16,148000
2025-05-19,139300
2025-05-20,130900
2025-05-21,137600
2025-05-22,143200
2025-05-23,146500
2025-05-26,151800
2025-05-27,153800
2025-05-28,149300
2025-05-29,147100
2025-05-30,146500
2025-06-02,146000
2025-06-04,145200
2025-06-05,152100
2025-06-09,153700
2025-06-10,154800
2025-06-11,163900
2025-06-12,169000
2025-06-13,161400
2025-06-16,162000
2025-06-17,165500
2025-06-18,160500
2025-06-19,161200
2025-06-20,168600
2025-06-23,166400
2025-06-24,166600
2025-06-25,156500
2025-06-26,151900
2025-06-27,152200
2025-06-30,147300
2025-07-01,144400
2025-07-02,154600
2025-07-03,154800
2025-07-04,150800
2025-07-07,154200
2025-07-08,158000
2025-07-09,163600
2025-07-10,163600
2025-07-11,160600
2025-07-14,161400
2025-07-15,166000
2025-07-16,163800
2025-07-17,170300
2025-07-18,170200
2025-07-21,168800
2025-07-22,164600
2025-07-23,213500
2025-07-24,225500
2025-07-25,230000
2025-07-28,220500
2025-07-29,231000
2025-07-30,214000
2025-07-31,206500
2025-08-01,192100
2025-08-04,194900
2025-08-05,192700
2025-08-06,190900
2025-08-07,183100
2025-08-08,182800
2025-08-11,183100
2025-08-12,183000
2025-08-13,186100
2025-08-14,185200
2025-08-18,181000
2025-08-19,177100
2025-08-20,178700
2025-08-21,173800
2025-08-22,175300
2025-08-25,184100
2025-08-26,187100
2025-08-27,194100
2025-08-28,196000
2025-08-29,192400
2025-09-01,184200
2025-09-02,191000
2025-09-03,191600
2025-09-04,200000
2025-09-05,200000
2025-09-08,199000
2025-09-09,202000
2025-09-10,213500
2025-09-11,213000
2025-09-12,211500
2025-09-15,209000
2025-09-16,217500
2025-09-17,217000
2025-09-18,217000
2025-09-19,227000
2025-09-22,257000
2025-09-23,258000
2025-09-24,236500
2025-09-25,226000
2025-09-26,216000
2025-09-29,220000
2025-09-30,215500
2025-10-01,211000
2025-10-02,215500
2025-10-10,209000
2025-10-13,203000
2025-10-14,201500
2025-10-15,199400
2025-10-16,205500
2025-10-17,200500
2025-10-20,199800
2025-10-21,206000
2025-10-22,206000
2025-10-23,200500
2025-10-24,199200
2025-10-27,226000
2025-10-28,218500
2025-10-29,220000
2025-10-30,221000
2025-10-31,234000
2025-11-03,234500
2025-11-04,241000
2025-11-05,232500
2025-11-06,228000
2025-11-07,220500
2025-11-10,214000
2025-11-11,218500
2025-11-12,229000
2025-11-13,233500
2025-11-14,226500
2025-11-17,232500
2025-11-18,222000
2025-11-19,217500
2025-11-20,224000
2025-11-21,211000
2025-11-24,207500
2025-11-25,204000
2025-11-26,208000
2025-11-27,209500
2025-11-28,216500
2025-12-01,225000
2025-12-02,226500
2025-12-03,225000
2025-12-04,223500
2025-12-05,216000
2025-12-08,208000
2025-12-09,227500
2025-12-10,239500
2025-12-11,237000
2025-12-12,229000
2025-12-15,231000
2025-12-16,227500
2025-12-17,228500
2025-12-18,225500
2025-12-19,239000
2025-12-22,234500
2025-12-23,224000
2025-12-24,217500
2025-12-26,221000
2025-12-29,232500
2025-12-30,232500
2026-01-02,244500
2026-01-05,253500
2026-01-06,247000
2026-01-07,255000
2026-01-08,245000
2026-01-09,246500
2026-01-12,260500
2026-01-13,269500
2026-01-14,251500
2026-01-15,253500
2026-01-16,279000
2026-01-19,276500
2026-01-20,275000
2026-01-21,280500
2026-01-22,316500
2026-01-23,360000
2026-01-26,391500
2026-01-27,416500
2026-01-28,439500
2026-01-29,485000
2026-01-30,480500
2026-02-02,464000
2026-02-03,529000
2026-02-04,539000
2026-02-05,496500
2026-02-06,500000
2026-02-09,540000
2026-02-10,513000
2026-02-11,510000
2026-02-12,521000
2026-02-13,535000
