date,news_sentiment_mean,news_sentiment_std,news_count,volume_ratio,source,news_positive_total,news_negative_total,news_pos_ratio,news_intensity
2021-09-08,0.4628,0.0694,0,0.4054,price_proxy,,,,
2021-09-09,0.445,0.0605,0,0.5831,price_proxy,,,,
2021-09-10,0.4588,0.0599,0,0.2337,price_proxy,,,,
2021-09-13,0.4692,0.0566,0,0.3013,price_proxy,,,,
2021-09-14,0.5201,0.0574,0,0.75,price_proxy,,,,
2021-09-15,0.5412,0.0576,0,0.6246,price_proxy,,,,
2021-09-16,0.5485,0.0539,0,0.5255,price_proxy,,,,
2021-09-17,0.5544,0.0547,0,0.7272,price_proxy,,,,
2021-09-23,0.5181,0.0573,0,0.5909,price_proxy,,,,
2021-09-24,0.4824,0.0497,0,0.4595,price_proxy,,,,
2021-09-27,0.4674,0.0483,0,1.1688,price_proxy,,,,
2021-09-28,0.4549,0.0527,0,2.3056,price_proxy,,,,
2021-09-29,0.3648,0.0619,0,2.7881,price_proxy,,,,
2021-09-30,0.4113,0.0632,0,1.8653,price_proxy,,,,
2021-10-01,0.3821,0.0631,0,2.8143,price_proxy,,,,
2021-10-05,0.3558,0.0625,0,0.7327,price_proxy,,,,
2021-10-06,0.3467,0.0661,0,0.6381,price_proxy,,,,
2021-10-07,0.4374,0.0691,0,0.6134,price_proxy,,,,
2021-10-08,0.3947,0.0695,0,0.5322,price_proxy,,,,
2021-10-12,0.3995,0.0703,0,0.5823,price_proxy,,,,
2021-10-13,0.4282,0.0706,0,1.0266,price_proxy,,,,
2021-10-14,0.5099,0.0727,0,0.7134,price_proxy,,,,
2021-10-15,0.5248,0.0765,0,0.6013,price_proxy,,,,
2021-10-18,0.5355,0.0763,0,0.6881,price_proxy,,,,
2021-10-19,0.5797,0.0744,0,0.4728,price_proxy,,,,
2021-10-20,0.5731,0.0731,0,0.7891,price_proxy,,,,
2021-10-21,0.5185,0.0727,0,0.839,price_proxy,,,,
2021-10-22,0.4916,0.0711,0,0.5125,price_proxy,,,,
2021-10-25,0.5082,0.0705,0,0.5794,price_proxy,,,,
2021-10-26,0.5333,0.0739,0,1.0165,price_proxy,,,,
2021-10-27,0.5311,0.0738,0,1.0372,price_proxy,,,,
2021-10-28,0.6062,0.0772,0,1.2244,price_proxy,,,,
2021-10-29,0.5515,0.0715,0,2.2319,price_proxy,,,,
2021-11-01,0.574,0.0719,0,0.9917,price_proxy,,,,
2021-11-02,0.5579,0.069,0,1.3838,price_proxy,,,,
2021-11-03,0.5379,0.0688,0,1.6489,price_proxy,,,,
2021-11-04,0.4917,0.0619,0,0.9274,price_proxy,,,,
2021-11-05,0.5233,0.0603,0,1.2349,price_proxy,,,,
2021-11-08,0.4909,0.0585,0,1.2985,price_proxy,,,,
2021-11-09,0.4749,0.0544,0,0.7516,price_proxy,,,,
2021-11-10,0.4731,0.0572,0,0.6689,price_proxy,,,,
2021-11-11,0.4749,0.0552,0,0.7087,price_proxy,,,,
2021-11-12,0.5,0.0511,0,1.0197,price_proxy,,,,
2021-11-15,0.5823,0.0623,0,1.2366,price_proxy,,,,
2021-11-16,0.5867,0.0623,0,1.4896,price_proxy,,,,
2021-11-17,0.5964,0.0634,0,0.8074,price_proxy,,,,
2021-11-18,0.5968,0.0615,0,0.6939,price_proxy,,,,
2021-11-19,0.6445,0.0695,0,1.6838,price_proxy,,,,
2021-11-22,0.6929,0.0905,0,4.9659,price_proxy,,,,
2021-11-23,0.6566,0.0927,0,2.5565,price_proxy,,,,
2021-11-24,0.6444,0.0949,0,2.3335,price_proxy,,,,
2021-11-25,0.605,0.0947,0,1.1205,price_proxy,,,,
2021-11-26,0.5056,0.0941,0,1.4467,price_proxy,,,,
2021-11-29,0.3852,0.094,0,0.8873,price_proxy,,,,
2021-11-30,0.3712,0.0971,0,1.4683,price_proxy,,,,
2021-12-01,0.4502,0.0994,0,1.0423,price_proxy,,,,
2021-12-02,0.5189,0.1008,0,1.4406,price_proxy,,,,
2021-12-03,0.5481,0.1007,0,0.8951,price_proxy,,,,
2021-12-06,0.5841,0.1006,0,0.87,price_proxy,,,,
2021-12-07,0.6675,0.1014,0,0.9767,price_proxy,,,,
2021-12-08,0.5919,0.1004,0,1.3831,price_proxy,,,,
2021-12-09,0.5664,0.1003,0,0.4593,price_proxy,,,,
2021-12-10,0.5316,0.1032,0,0.8461,price_proxy,,,,
2021-12-13,0.5146,0.0972,0,0.8589,price_proxy,,,,
2021-12-14,0.4745,0.0974,0,0.3709,price_proxy,,,,
2021-12-15,0.5153,0.0967,0,0.5562,price_proxy,,,,
2021-12-16,0.5097,0.0967,0,0.7271,price_proxy,,,,
2021-12-17,0.5148,0.0926,0,0.4611,price_proxy,,,,
2021-12-20,0.4936,0.0665,0,0.6465,price_proxy,,,,
2021-12-21,0.5574,0.0725,0,0.8339,price_proxy,,,,
2021-12-22,0.5506,0.0708,0,0.8928,price_proxy,,,,
2021-12-23,0.5581,0.0683,0,0.7818,price_proxy,,,,
2021-12-24,0.6106,0.0658,0,0.7107,price_proxy,,,,
2021-12-27,0.6011,0.067,0,0.652,price_proxy,,,,
2021-12-28,0.5641,0.061,0,0.9885,price_proxy,,,,
2021-12-29,0.5368,0.0571,0,0.694,price_proxy,,,,
2021-12-30,0.5609,0.0572,0,0.9214,price_proxy,,,,
2022-01-03,0.5349,0.0575,0,1.2211,price_proxy,,,,
2022-01-04,0.5384,0.0579,0,0.9698,price_proxy,,,,
2022-01-05,0.4652,0.0624,0,1.6549,price_proxy,,,,
2022-01-06,0.4386,0.065,0,1.3367,price_proxy,,,,
2022-01-07,0.4341,0.0671,0,0.8641,price_proxy,,,,
2022-01-10,0.3996,0.0681,0,1.6875,price_proxy,,,,
2022-01-11,0.4363,0.0689,0,1.4132,price_proxy,,,,
2022-01-12,0.5108,0.0698,0,0.8586,price_proxy,,,,
2022-01-13,0.5443,0.069,0,0.7827,price_proxy,,,,
2022-01-14,0.5039,0.0691,0,0.6256,price_proxy,,,,
2022-01-17,0.5405,0.067,0,1.1006,price_proxy,,,,
2022-01-18,0.5068,0.0671,0,0.635,price_proxy,,,,
2022-01-19,0.4605,0.0602,0,0.9645,price_proxy,,,,
2022-01-20,0.4841,0.0605,0,1.0171,price_proxy,,,,
2022-01-21,0.4124,0.072,0,1.4098,price_proxy,,,,
2022-01-24,0.4142,0.0704,0,1.0116,price_proxy,,,,
2022-01-25,0.3981,0.071,0,1.1046,price_proxy,,,,
2022-01-26,0.399,0.0692,0,1.0465,price_proxy,,,,
2022-01-27,0.3238,0.0742,0,0.7114,price_proxy,,,,
2022-01-28,0.4733,0.0849,0,0.9553,price_proxy,,,,
2022-02-03,0.4765,0.0851,0,0.9749,price_proxy,,,,
2022-02-04,0.5071,0.0852,0,0.7372,price_proxy,,,,
2022-02-07,0.4895,0.0838,0,0.7823,price_proxy,,,,
2022-02-08,0.5423,0.0822,0,0.6863,price_proxy,,,,
2022-02-09,0.4905,0.0812,0,0.7165,price_proxy,,,,
2022-02-10,0.508,0.0801,0,0.5119,price_proxy,,,,
2022-02-11,0.4855,0.0791,0,0.8882,price_proxy,,,,
2022-02-14,0.4908,0.0782,0,0.7465,price_proxy,,,,
2022-02-15,0.4788,0.0783,0,0.8317,price_proxy,,,,
2022-02-16,0.5107,0.0867,0,0.6389,price_proxy,,,,
2022-02-17,0.4948,0.0868,0,1.617,price_proxy,,,,
2022-02-18,0.5085,0.0868,0,1.1997,price_proxy,,,,
2022-02-21,0.5199,0.0868,0,1.85,price_proxy,,,,
2022-02-22,0.5067,0.0867,0,1.249,price_proxy,,,,
2022-02-23,0.4645,0.0786,0,1.494,price_proxy,,,,
2022-02-24,0.4063,0.0834,0,1.5818,price_proxy,,,,
2022-02-25,0.4282,0.0834,0,1.1956,price_proxy,,,,
2022-02-28,0.4486,0.083,0,1.0384,price_proxy,,,,
2022-03-02,0.4989,0.0773,0,0.4834,price_proxy,,,,
2022-03-03,0.5211,0.0672,0,0.6911,price_proxy,,,,
2022-03-04,0.5342,0.0708,0,1.0662,price_proxy,,,,
2022-03-07,0.4619,0.0756,0,1.1302,price_proxy,,,,
2022-03-08,0.4403,0.0742,0,1.2013,price_proxy,,,,
2022-03-10,0.4673,0.0791,0,1.1211,price_proxy,,,,
2022-03-11,0.4085,0.0777,0,0.7939,price_proxy,,,,
2022-03-14,0.4225,0.0774,0,1.1566,price_proxy,,,,
2022-03-15,0.4483,0.078,0,0.8693,price_proxy,,,,
2022-03-16,0.5157,0.0819,0,0.8664,price_proxy,,,,
2022-03-17,0.5461,0.0919,0,0.9728,price_proxy,,,,
2022-03-18,0.5835,0.0861,0,1.5541,price_proxy,,,,
2022-03-21,0.6081,0.0861,0,1.1938,price_proxy,,,,
2022-03-22,0.6491,0.0863,0,0.9277,price_proxy,,,,
2022-03-23,0.6129,0.0859,0,1.1127,price_proxy,,,,
2022-03-24,0.5318,0.0839,0,0.894,price_proxy,,,,
2022-03-25,0.5107,0.0835,0,1.1668,price_proxy,,,,
2022-03-28,0.5116,0.0774,0,1.1936,price_proxy,,,,
2022-03-29,0.517,0.0773,0,1.2109,price_proxy,,,,
2022-03-30,0.5063,0.0773,0,0.9926,price_proxy,,,,
2022-03-31,0.4883,0.0778,0,0.755,price_proxy,,,,
2022-04-01,0.4636,0.0765,0,0.739,price_proxy,,,,
2022-04-04,0.4771,0.073,0,0.7668,price_proxy,,,,
2022-04-05,0.4603,0.0664,0,0.8372,price_proxy,,,,
2022-04-06,0.4048,0.0722,0,1.1664,price_proxy,,,,
2022-04-07,0.4274,0.0678,0,0.6584,price_proxy,,,,
2022-04-08,0.4503,0.0669,0,0.8389,price_proxy,,,,
2022-04-11,0.4233,0.0658,0,1.0396,price_proxy,,,,
2022-04-12,0.4211,0.0639,0,0.8385,price_proxy,,,,
2022-04-13,0.5166,0.0629,0,0.8362,price_proxy,,,,
2022-04-14,0.4977,0.0471,0,0.6399,price_proxy,,,,
2022-04-15,0.467,0.0493,0,0.6482,price_proxy,,,,
2022-04-18,0.4887,0.0495,0,1.204,price_proxy,,,,
2022-04-19,0.5421,0.0571,0,1.0583,price_proxy,,,,
2022-04-20,0.4932,0.0564,0,1.2319,price_proxy,,,,
2022-04-21,0.5223,0.0572,0,1.2026,price_proxy,,,,
2022-04-22,0.5292,0.059,0,0.9272,price_proxy,,,,
2022-04-25,0.4882,0.0615,0,1.0635,price_proxy,,,,
2022-04-26,0.4488,0.0609,0,1.5247,price_proxy,,,,
2022-04-27,0.4233,0.0622,0,1.4393,price_proxy,,,,
2022-04-28,0.4005,0.0619,0,0.9653,price_proxy,,,,
2022-04-29,0.4717,0.0661,0,1.0757,price_proxy,,,,
2022-05-02,0.4798,0.0669,0,0.7597,price_proxy,,,,
2022-05-03,0.4852,0.0678,0,1.0391,price_proxy,,,,
2022-05-04,0.5101,0.062,0,0.6826,price_proxy,,,,
2022-05-06,0.4719,0.0664,0,0.951,price_proxy,,,,
2022-05-09,0.3952,0.0684,0,1.3322,price_proxy,,,,
2022-05-10,0.4404,0.0693,0,1.9683,price_proxy,,,,
2022-05-11,0.4438,0.0704,0,1.0538,price_proxy,,,,
2022-05-12,0.4108,0.0682,0,0.7231,price_proxy,,,,
2022-05-13,0.5096,0.0752,0,0.7539,price_proxy,,,,
2022-05-16,0.5418,0.073,0,1.061,price_proxy,,,,
2022-05-17,0.5603,0.0759,0,0.6497,price_proxy,,,,
2022-05-18,0.5602,0.0713,0,0.9538,price_proxy,,,,
2022-05-19,0.5828,0.0718,0,0.5127,price_proxy,,,,
2022-05-20,0.5504,0.0725,0,0.9056,price_proxy,,,,
2022-05-23,0.5617,0.071,0,0.3854,price_proxy,,,,
2022-05-24,0.4619,0.0758,0,0.8814,price_proxy,,,,
2022-05-25,0.4451,0.0755,0,0.7124,price_proxy,,,,
2022-05-26,0.4193,0.0775,0,0.7292,price_proxy,,,,
2022-05-27,0.4202,0.0785,0,0.5676,price_proxy,,,,
2022-05-30,0.4448,0.0768,0,0.6474,price_proxy,,,,
2022-05-31,0.5072,0.0754,0,0.6,price_proxy,,,,
2022-06-02,0.4849,0.0755,0,0.5911,price_proxy,,,,
2022-06-03,0.5382,0.0756,0,1.0924,price_proxy,,,,
2022-06-07,0.4636,0.0764,0,1.101,price_proxy,,,,
2022-06-08,0.4372,0.0741,0,1.0272,price_proxy,,,,
2022-06-09,0.4372,0.0734,0,0.6,price_proxy,,,,
2022-06-10,0.4204,0.0749,0,0.73,price_proxy,,,,
2022-06-13,0.3384,0.0828,0,1.0296,price_proxy,,,,
2022-06-14,0.3891,0.0762,0,0.9293,price_proxy,,,,
2022-06-15,0.3497,0.0776,0,0.6313,price_proxy,,,,
2022-06-16,0.345,0.0732,0,0.8586,price_proxy,,,,
2022-06-17,0.3671,0.0711,0,0.9816,price_proxy,,,,
2022-06-20,0.3946,0.0738,0,0.7438,price_proxy,,,,
2022-06-21,0.3967,0.0718,0,0.3732,price_proxy,,,,
2022-06-22,0.3615,0.0766,0,0.6659,price_proxy,,,,
2022-06-23,0.3387,0.0733,0,0.9293,price_proxy,,,,
2022-06-24,0.3997,0.0816,0,0.7281,price_proxy,,,,
2022-06-27,0.4945,0.0861,0,1.2418,price_proxy,,,,
2022-06-28,0.4815,0.0841,0,0.9821,price_proxy,,,,
2022-06-29,0.5306,0.0803,0,0.5195,price_proxy,,,,
2022-06-30,0.4971,0.0833,0,0.5772,price_proxy,,,,
2022-07-01,0.3989,0.0848,0,0.9273,price_proxy,,,,
2022-07-04,0.3621,0.0848,0,0.6684,price_proxy,,,,
2022-07-05,0.4196,0.0912,0,0.6168,price_proxy,,,,
2022-07-06,0.4121,0.0909,0,0.7806,price_proxy,,,,
2022-07-07,0.5369,0.1005,0,1.0877,price_proxy,,,,
2022-07-08,0.5949,0.1001,0,0.8611,price_proxy,,,,
2022-07-11,0.5726,0.0928,0,1.4216,price_proxy,,,,
2022-07-12,0.4664,0.0955,0,0.8752,price_proxy,,,,
2022-07-13,0.5168,0.0955,0,0.4014,price_proxy,,,,
2022-07-14,0.4537,0.0956,0,0.3691,price_proxy,,,,
2022-07-15,0.504,0.1017,0,2.3408,price_proxy,,,,
2022-07-18,0.5686,0.102,0,2.0173,price_proxy,,,,
2022-07-19,0.6017,0.1026,0,0.8672,price_proxy,,,,
2022-07-20,0.6132,0.0953,0,1.9162,price_proxy,,,,
2022-07-21,0.6409,0.0941,0,1.2112,price_proxy,,,,
2022-07-22,0.5514,0.0924,0,1.2046,price_proxy,,,,
2022-07-25,0.5014,0.0892,0,0.8404,price_proxy,,,,
2022-07-26,0.5384,0.0894,0,0.8551,price_proxy,,,,
2022-07-27,0.5158,0.0881,0,1.2395,price_proxy,,,,
2022-07-28,0.4858,0.0805,0,0.9406,price_proxy,,,,
2022-07-29,0.5105,0.0746,0,1.2872,price_proxy,,,,
2022-08-01,0.5,0.0753,0,0.8699,price_proxy,,,,
2022-08-02,0.4747,0.0715,0,0.3388,price_proxy,,,,
2022-08-03,0.4695,0.0684,0,0.4981,price_proxy,,,,
2022-08-04,0.4868,0.0603,0,0.7491,price_proxy,,,,
2022-08-05,0.5055,0.0606,0,0.959,price_proxy,,,,
2022-08-08,0.4878,0.0624,0,0.9327,price_proxy,,,,
2022-08-09,0.4632,0.0582,0,1.2097,price_proxy,,,,
2022-08-10,0.4197,0.063,0,1.3171,price_proxy,,,,
2022-08-11,0.4446,0.0663,0,0.5411,price_proxy,,,,
2022-08-12,0.4467,0.0596,0,0.7347,price_proxy,,,,
2022-08-16,0.522,0.0592,0,1.8381,price_proxy,,,,
2022-08-17,0.5543,0.0579,0,0.9786,price_proxy,,,,
2022-08-18,0.6075,0.0562,0,1.2639,price_proxy,,,,
2022-08-19,0.5498,0.0549,0,1.1185,price_proxy,,,,
2022-08-22,0.4887,0.0575,0,1.8275,price_proxy,,,,
2022-08-23,0.4109,0.0598,0,1.06,price_proxy,,,,
2022-08-24,0.4162,0.059,0,1.7875,price_proxy,,,,
2022-08-25,0.4358,0.0611,0,2.0787,price_proxy,,,,
2022-08-26,0.4664,0.0619,0,1.624,price_proxy,,,,
2022-08-29,0.4457,0.07,0,1.468,price_proxy,,,,
2022-08-30,0.5055,0.0719,0,0.8509,price_proxy,,,,
2022-08-31,0.528,0.0733,0,1.0344,price_proxy,,,,
2022-09-01,0.4553,0.0769,0,0.8697,price_proxy,,,,
2022-09-02,0.422,0.0766,0,1.2385,price_proxy,,,,
2022-09-05,0.4749,0.0757,0,1.5242,price_proxy,,,,
2022-09-06,0.4562,0.0751,0,0.3435,price_proxy,,,,
2022-09-07,0.3958,0.0755,0,0.6456,price_proxy,,,,
2022-09-08,0.4691,0.0743,0,0.6214,price_proxy,,,,
2022-09-13,0.5538,0.0798,0,1.0553,price_proxy,,,,
2022-09-14,0.518,0.0826,0,0.8732,price_proxy,,,,
2022-09-15,0.4991,0.0778,0,1.1152,price_proxy,,,,
2022-09-16,0.5222,0.0779,0,0.3118,price_proxy,,,,
2022-09-19,0.4852,0.0776,0,0.3729,price_proxy,,,,
2022-09-20,0.392,0.0784,0,0.9148,price_proxy,,,,
2022-09-21,0.4156,0.0763,0,0.5545,price_proxy,,,,
2022-09-22,0.4019,0.0756,0,1.0612,price_proxy,,,,
2022-09-23,0.3862,0.0766,0,0.7265,price_proxy,,,,
2022-09-26,0.334,0.0791,0,1.081,price_proxy,,,,
2022-09-27,0.3656,0.0781,0,0.6771,price_proxy,,,,
2022-09-28,0.3541,0.0738,0,1.0026,price_proxy,,,,
2022-09-29,0.3612,0.0705,0,0.6246,price_proxy,,,,
2022-09-30,0.4159,0.0708,0,1.4781,price_proxy,,,,
2022-10-04,0.579,0.0916,0,1.1407,price_proxy,,,,
2022-10-05,0.6,0.0927,0,5.7409,price_proxy,,,,
2022-10-06,0.6736,0.0951,0,3.7641,price_proxy,,,,
2022-10-07,0.6961,0.0949,0,0.5696,price_proxy,,,,
2022-10-11,0.6252,0.0951,0,0.5583,price_proxy,,,,
2022-10-12,0.5629,0.0963,0,0.874,price_proxy,,,,
2022-10-13,0.5238,0.0886,0,0.2897,price_proxy,,,,
2022-10-14,0.5419,0.0912,0,0.362,price_proxy,,,,
2022-10-17,0.5373,0.091,0,0.2586,price_proxy,,,,
2022-10-18,0.5848,0.0907,0,0.9924,price_proxy,,,,
2022-10-19,0.4985,0.0937,0,0.589,price_proxy,,,,
2022-10-20,0.4808,0.0938,0,0.466,price_proxy,,,,
2022-10-21,0.4372,0.0933,0,0.462,price_proxy,,,,
2022-10-24,0.4899,0.0962,0,0.5065,price_proxy,,,,
2022-10-25,0.5211,0.0956,0,1.3245,price_proxy,,,,
2022-10-26,0.5862,0.0873,0,1.7368,price_proxy,,,,
2022-10-27,0.5962,0.0891,0,2.0192,price_proxy,,,,
2022-10-28,0.4954,0.1009,0,1.1985,price_proxy,,,,
2022-10-31,0.485,0.1015,0,0.8509,price_proxy,,,,
2022-11-01,0.4589,0.1011,0,0.4375,price_proxy,,,,
2022-11-02,0.4217,0.0879,0,2.4677,price_proxy,,,,
2022-11-03,0.4356,0.0874,0,2.9919,price_proxy,,,,
2022-11-04,0.5151,0.0854,0,0.9025,price_proxy,,,,
2022-11-07,0.5163,0.0885,0,0.7073,price_proxy,,,,
2022-11-08,0.5603,0.0895,0,1.663,price_proxy,,,,
2022-11-09,0.5996,0.0878,0,1.2979,price_proxy,,,,
2022-11-10,0.5864,0.0883,0,0.484,price_proxy,,,,
2022-11-11,0.6915,0.0963,0,0.9178,price_proxy,,,,
2022-11-14,0.6115,0.0983,0,0.6276,price_proxy,,,,
2022-11-15,0.6097,0.1015,0,0.6337,price_proxy,,,,
2022-11-16,0.6027,0.0973,0,0.894,price_proxy,,,,
2022-11-17,0.5971,0.0966,0,0.5485,price_proxy,,,,
2022-11-18,0.5109,0.0966,0,0.5788,price_proxy,,,,
2022-11-21,0.5161,0.0955,0,0.5543,price_proxy,,,,
2022-11-22,0.4324,0.096,0,0.7704,price_proxy,,,,
2022-11-23,0.4454,0.0964,0,0.559,price_proxy,,,,
2022-11-24,0.4917,0.0956,0,0.3797,price_proxy,,,,
2022-11-25,0.4637,0.0821,0,0.4541,price_proxy,,,,
2022-11-28,0.455,0.083,0,0.5684,price_proxy,,,,
2022-11-29,0.4971,0.083,0,0.3165,price_proxy,,,,
2022-11-30,0.4887,0.082,0,0.3554,price_proxy,,,,
2022-12-01,0.4944,0.0822,0,0.5936,price_proxy,,,,
2022-12-02,0.4624,0.0884,0,0.4644,price_proxy,,,,
2022-12-05,0.4931,0.086,0,0.5912,price_proxy,,,,
2022-12-06,0.4451,0.084,0,0.5777,price_proxy,,,,
2022-12-07,0.4013,0.0845,0,0.8233,price_proxy,,,,
2022-12-08,0.3687,0.0839,0,0.484,price_proxy,,,,
2022-12-09,0.4603,0.0704,0,0.5204,price_proxy,,,,
2022-12-12,0.4319,0.0706,0,0.5072,price_proxy,,,,
2022-12-13,0.4876,0.0643,0,0.5869,price_proxy,,,,
2022-12-14,0.5439,0.0661,0,0.3795,price_proxy,,,,
2022-12-15,0.5207,0.0666,0,0.5183,price_proxy,,,,
2022-12-16,0.4498,0.0675,0,0.4885,price_proxy,,,,
2022-12-19,0.4884,0.0671,0,0.3914,price_proxy,,,,
2022-12-20,0.4373,0.0673,0,0.5605,price_proxy,,,,
2022-12-21,0.4054,0.0649,0,0.9487,price_proxy,,,,
2022-12-22,0.4751,0.0684,0,1.2613,price_proxy,,,,
2022-12-23,0.4542,0.0719,0,0.8756,price_proxy,,,,
2022-12-26,0.4661,0.0717,0,0.3085,price_proxy,,,,
2022-12-27,0.5107,0.0718,0,0.8163,price_proxy,,,,
2022-12-28,0.481,0.0722,0,0.7909,price_proxy,,,,
2022-12-29,0.3985,0.0719,0,0.7054,price_proxy,,,,
2023-01-02,0.438,0.0679,0,1.4103,price_proxy,,,,
2023-01-03,0.4325,0.0688,0,1.7112,price_proxy,,,,
2023-01-04,0.5237,0.0897,0,4.2817,price_proxy,,,,
2023-01-05,0.5572,0.0885,0,1.8535,price_proxy,,,,
2023-01-06,0.6563,0.0923,0,2.2727,price_proxy,,,,
2023-01-09,0.7201,0.0932,0,1.7285,price_proxy,,,,
2023-01-10,0.7109,0.0911,0,2.4984,price_proxy,,,,
2023-01-11,0.6177,0.091,0,1.5158,price_proxy,,,,
2023-01-12,0.6092,0.0905,0,0.6664,price_proxy,,,,
2023-01-13,0.542,0.0891,0,0.7624,price_proxy,,,,
2023-01-16,0.5054,0.0871,0,1.4645,price_proxy,,,,
2023-01-17,0.4917,0.0874,0,1.0231,price_proxy,,,,
2023-01-18,0.4694,0.085,0,0.8838,price_proxy,,,,
2023-01-19,0.4917,0.0847,0,1.1676,price_proxy,,,,
2023-01-20,0.5253,0.0829,0,1.4439,price_proxy,,,,
2023-01-25,0.5849,0.0831,0,1.5139,price_proxy,,,,
2023-01-26,0.6123,0.083,0,1.2966,price_proxy,,,,
2023-01-27,0.6169,0.0833,0,1.349,price_proxy,,,,
2023-01-30,0.5905,0.0804,0,1.2406,price_proxy,,,,
2023-01-31,0.5417,0.0776,0,1.3294,price_proxy,,,,
2023-02-01,0.5055,0.0771,0,1.1753,price_proxy,,,,
2023-02-02,0.5397,0.0793,0,1.7704,price_proxy,,,,
2023-02-03,0.5155,0.0653,0,1.3279,price_proxy,,,,
2023-02-06,0.4986,0.0685,0,0.6606,price_proxy,,,,
2023-02-07,0.5606,0.066,0,1.7174,price_proxy,,,,
2023-02-08,0.5694,0.0651,0,1.1836,price_proxy,,,,
2023-02-09,0.5248,0.0651,0,1.0152,price_proxy,,,,
2023-02-10,0.5346,0.0661,0,1.3084,price_proxy,,,,
2023-02-13,0.5513,0.0664,0,0.7789,price_proxy,,,,
2023-02-14,0.5451,0.0659,0,0.9455,price_proxy,,,,
2023-02-15,0.4797,0.068,0,1.2817,price_proxy,,,,
2023-02-16,0.5334,0.073,0,1.5823,price_proxy,,,,
2023-02-17,0.5064,0.0778,0,0.8908,price_proxy,,,,
2023-02-20,0.5286,0.0778,0,0.833,price_proxy,,,,
2023-02-21,0.4794,0.0793,0,1.1524,price_proxy,,,,
2023-02-22,0.4608,0.0748,0,0.8865,price_proxy,,,,
2023-02-23,0.4456,0.078,0,1.0953,price_proxy,,,,
2023-02-24,0.4537,0.0803,0,0.6914,price_proxy,,,,
2023-02-27,0.4331,0.0803,0,0.8586,price_proxy,,,,
2023-02-28,0.4477,0.0788,0,0.667,price_proxy,,,,
2023-03-02,0.476,0.0771,0,0.6192,price_proxy,,,,
2023-03-03,0.43,0.0715,0,0.7019,price_proxy,,,,
2023-03-06,0.4867,0.0718,0,1.0797,price_proxy,,,,
2023-03-07,0.4722,0.0715,0,1.1349,price_proxy,,,,
2023-03-08,0.4844,0.0692,0,0.7251,price_proxy,,,,
2023-03-09,0.4689,0.0659,0,1.0213,price_proxy,,,,
2023-03-10,0.4258,0.0689,0,1.0335,price_proxy,,,,
2023-03-13,0.4149,0.0696,0,0.5794,price_proxy,,,,
2023-03-14,0.3731,0.0775,0,1.65,price_proxy,,,,
2023-03-15,0.3717,0.0753,0,1.8758,price_proxy,,,,
2023-03-16,0.4194,0.0768,0,0.9215,price_proxy,,,,
2023-03-17,0.5487,0.0841,0,10.0,price_proxy,,,,
2023-03-20,0.5125,0.0824,0,0.4897,price_proxy,,,,
2023-03-21,0.5676,0.0822,0,0.4002,price_proxy,,,,
2023-03-22,0.6035,0.085,0,0.8824,price_proxy,,,,
2023-03-23,0.5971,0.0831,0,0.5734,price_proxy,,,,
2023-03-24,0.5834,0.0886,0,1.4259,price_proxy,,,,
2023-03-27,0.6271,0.0871,0,0.8535,price_proxy,,,,
2023-03-28,0.7122,0.092,0,6.8779,price_proxy,,,,
2023-03-29,0.666,0.0919,0,0.7393,price_proxy,,,,
2023-03-30,0.6767,0.0918,0,0.8319,price_proxy,,,,
2023-03-31,0.6563,0.0945,0,0.9707,price_proxy,,,,
2023-04-03,0.6267,0.0948,0,0.6211,price_proxy,,,,
2023-04-04,0.5292,0.0954,0,0.5552,price_proxy,,,,
2023-04-05,0.5318,0.0956,0,0.3361,price_proxy,,,,
2023-04-06,0.4688,0.0967,0,0.4382,price_proxy,,,,
2023-04-07,0.5037,0.1008,0,2.6908,price_proxy,,,,
2023-04-10,0.5143,0.101,0,0.7272,price_proxy,,,,
2023-04-11,0.5832,0.0895,0,1.0861,price_proxy,,,,
2023-04-12,0.5548,0.0929,0,0.4848,price_proxy,,,,
2023-04-13,0.5688,0.0955,0,0.3482,price_proxy,,,,
2023-04-14,0.4709,0.0879,0,0.6636,price_proxy,,,,
2023-04-17,0.4684,0.0862,0,0.5374,price_proxy,,,,
2023-04-18,0.4103,0.0871,0,3.1604,price_proxy,,,,
2023-04-19,0.4479,0.0858,0,0.4151,price_proxy,,,,
2023-04-20,0.4445,0.088,0,0.4338,price_proxy,,,,
2023-04-21,0.474,0.0809,0,0.4419,price_proxy,,,,
2023-04-24,0.4334,0.0843,0,0.5894,price_proxy,,,,
2023-04-25,0.4299,0.0791,0,1.1165,price_proxy,,,,
2023-04-26,0.4351,0.0795,0,0.5494,price_proxy,,,,
2023-04-27,0.4915,0.08,0,1.6102,price_proxy,,,,
2023-04-28,0.4655,0.0742,0,1.4945,price_proxy,,,,
2023-05-02,0.5183,0.0745,0,0.9802,price_proxy,,,,
2023-05-03,0.5628,0.0731,0,1.694,price_proxy,,,,
2023-05-04,0.5263,0.0739,0,0.2764,price_proxy,,,,
2023-05-08,0.5156,0.0719,0,1.5538,price_proxy,,,,
2023-05-09,0.4831,0.0558,0,0.3581,price_proxy,,,,
2023-05-10,0.4526,0.0562,0,0.8993,price_proxy,,,,
2023-05-11,0.4291,0.0515,0,0.4505,price_proxy,,,,
2023-05-12,0.4551,0.0506,0,0.3259,price_proxy,,,,
2023-05-15,0.4033,0.0519,0,0.7147,price_proxy,,,,
2023-05-16,0.4767,0.057,0,0.5512,price_proxy,,,,
2023-05-17,0.5302,0.0604,0,0.407,price_proxy,,,,
2023-05-18,0.5735,0.0618,0,0.7205,price_proxy,,,,
2023-05-19,0.6823,0.0853,0,2.9778,price_proxy,,,,
2023-05-22,0.7244,0.0834,0,1.5316,price_proxy,,,,
2023-05-23,0.6863,0.083,0,0.9504,price_proxy,,,,
2023-05-24,0.6444,0.079,0,0.6599,price_proxy,,,,
2023-05-25,0.6334,0.0765,0,2.6728,price_proxy,,,,
2023-05-26,0.5806,0.0808,0,4.8234,price_proxy,,,,
2023-05-30,0.6298,0.0829,0,4.4294,price_proxy,,,,
2023-05-31,0.5935,0.0857,0,0.7746,price_proxy,,,,
2023-06-01,0.613,0.0857,0,0.5347,price_proxy,,,,
2023-06-02,0.5976,0.0857,0,1.3036,price_proxy,,,,
2023-06-05,0.5152,0.0859,0,0.5487,price_proxy,,,,
2023-06-07,0.4548,0.0865,0,0.445,price_proxy,,,,
2023-06-08,0.4933,0.0822,0,0.5311,price_proxy,,,,
2023-06-09,0.5399,0.0837,0,1.0301,price_proxy,,,,
2023-06-12,0.5225,0.0837,0,0.4286,price_proxy,,,,
2023-06-13,0.5836,0.0842,0,1.6262,price_proxy,,,,
2023-06-14,0.5867,0.0804,0,0.7452,price_proxy,,,,
2023-06-15,0.6126,0.0801,0,1.7551,price_proxy,,,,
2023-06-16,0.5425,0.081,0,0.5193,price_proxy,,,,
2023-06-19,0.5361,0.0823,0,0.3999,price_proxy,,,,
2023-06-20,0.5176,0.0627,0,0.37,price_proxy,,,,
2023-06-21,0.4866,0.0677,0,0.392,price_proxy,,,,
2023-06-22,0.4553,0.0677,0,0.3222,price_proxy,,,,
2023-06-23,0.4728,0.0673,0,0.4519,price_proxy,,,,
2023-06-26,0.5176,0.0678,0,0.5679,price_proxy,,,,
2023-06-27,0.4814,0.0632,0,0.3734,price_proxy,,,,
2023-06-28,0.5367,0.0582,0,1.56,price_proxy,,,,
2023-06-29,0.5534,0.0551,0,0.7011,price_proxy,,,,
2023-06-30,0.5399,0.0552,0,0.9273,price_proxy,,,,
2023-07-03,0.5361,0.0562,0,1.2801,price_proxy,,,,
2023-07-04,0.5585,0.054,0,2.955,price_proxy,,,,
2023-07-05,0.5339,0.0537,0,0.4678,price_proxy,,,,
2023-07-06,0.4664,0.0618,0,2.3251,price_proxy,,,,
2023-07-07,0.4498,0.0549,0,0.9511,price_proxy,,,,
2023-07-10,0.3785,0.0607,0,1.1121,price_proxy,,,,
2023-07-11,0.4347,0.0672,0,0.6453,price_proxy,,,,
2023-07-12,0.4817,0.0704,0,0.6337,price_proxy,,,,
2023-07-13,0.5607,0.0699,0,0.9742,price_proxy,,,,
2023-07-14,0.6293,0.0732,0,5.4614,price_proxy,,,,
2023-07-17,0.7126,0.0731,0,0.9354,price_proxy,,,,
2023-07-18,0.647,0.0728,0,0.8689,price_proxy,,,,
2023-07-19,0.5716,0.0716,0,1.2794,price_proxy,,,,
2023-07-20,0.5459,0.0716,0,1.996,price_proxy,,,,
2023-07-21,0.4665,0.0748,0,1.5909,price_proxy,,,,
2023-07-24,0.4352,0.0736,0,0.8783,price_proxy,,,,
2023-07-25,0.4311,0.0728,0,0.9623,price_proxy,,,,
2023-07-26,0.4351,0.0741,0,1.6781,price_proxy,,,,
2023-07-27,0.5106,0.0849,0,1.2124,price_proxy,,,,
2023-07-28,0.5789,0.086,0,1.6044,price_proxy,,,,
2023-07-31,0.5832,0.0855,0,0.7428,price_proxy,,,,
2023-08-01,0.6079,0.086,0,0.9096,price_proxy,,,,
2023-08-02,0.5607,0.095,0,0.9509,price_proxy,,,,
2023-08-03,0.476,0.0904,0,0.8901,price_proxy,,,,
2023-08-04,0.4241,0.0904,0,0.4926,price_proxy,,,,
2023-08-07,0.4311,0.0852,0,0.3638,price_proxy,,,,
2023-08-08,0.3662,0.0835,0,0.4196,price_proxy,,,,
2023-08-09,0.4473,0.081,0,0.2385,price_proxy,,,,
2023-08-10,0.4254,0.0809,0,0.9383,price_proxy,,,,
2023-08-11,0.4278,0.0769,0,0.3293,price_proxy,,,,
2023-08-14,0.4067,0.0749,0,0.3797,price_proxy,,,,
2023-08-16,0.4554,0.075,0,0.4114,price_proxy,,,,
2023-08-17,0.4375,0.0738,0,0.8572,price_proxy,,,,
2023-08-18,0.5184,0.0805,0,0.8083,price_proxy,,,,
2023-08-21,0.5362,0.0785,0,0.2817,price_proxy,,,,
2023-08-22,0.5268,0.0795,0,1.2652,price_proxy,,,,
2023-08-23,0.5211,0.0795,0,0.4137,price_proxy,,,,
2023-08-24,0.5645,0.081,0,0.8665,price_proxy,,,,
2023-08-25,0.4664,0.0708,0,0.3795,price_proxy,,,,
2023-08-28,0.46,0.0676,0,2.0567,price_proxy,,,,
2023-08-29,0.512,0.0701,0,2.8121,price_proxy,,,,
2023-08-30,0.5243,0.0689,0,0.436,price_proxy,,,,
2023-08-31,0.5098,0.0604,0,0.346,price_proxy,,,,
2023-09-01,0.5837,0.0626,0,1.1372,price_proxy,,,,
2023-09-04,0.5917,0.0615,0,0.6477,price_proxy,,,,
2023-09-05,0.5588,0.0615,0,0.4476,price_proxy,,,,
2023-09-06,0.5292,0.057,0,0.3493,price_proxy,,,,
2023-09-07,0.5065,0.0567,0,0.4448,price_proxy,,,,
2023-09-08,0.4261,0.0617,0,1.5233,price_proxy,,,,
2023-09-11,0.4218,0.0609,0,0.3742,price_proxy,,,,
2023-09-12,0.4281,0.0602,0,0.3849,price_proxy,,,,
2023-09-13,0.4486,0.0602,0,0.4672,price_proxy,,,,
2023-09-14,0.4978,0.0654,0,3.0773,price_proxy,,,,
2023-09-15,0.5648,0.0593,0,1.7599,price_proxy,,,,
2023-09-18,0.5221,0.0645,0,0.7154,price_proxy,,,,
2023-09-19,0.5033,0.0637,0,0.6761,price_proxy,,,,
2023-09-20,0.4911,0.0639,0,0.3426,price_proxy,,,,
2023-09-21,0.4119,0.0623,0,0.8721,price_proxy,,,,
2023-09-22,0.4052,0.0584,0,1.0921,price_proxy,,,,
2023-09-25,0.4541,0.0584,0,0.3204,price_proxy,,,,
2023-09-26,0.444,0.0577,0,0.4193,price_proxy,,,,
2023-09-27,0.4779,0.0593,0,1.3763,price_proxy,,,,
2023-10-04,0.4955,0.0578,0,2.8013,price_proxy,,,,
2023-10-05,0.5192,0.0579,0,0.5495,price_proxy,,,,
2023-10-06,0.5102,0.0579,0,0.2355,price_proxy,,,,
2023-10-10,0.5144,0.0587,0,3.2582,price_proxy,,,,
2023-10-11,0.5224,0.0618,0,0.7381,price_proxy,,,,
2023-10-12,0.5889,0.0683,0,0.5807,price_proxy,,,,
2023-10-13,0.5518,0.0619,0,0.612,price_proxy,,,,
2023-10-16,0.5434,0.0623,0,0.3159,price_proxy,,,,
2023-10-17,0.6315,0.0703,0,2.4071,price_proxy,,,,
2023-10-18,0.6005,0.0703,0,1.8292,price_proxy,,,,
2023-10-19,0.5,0.0704,0,0.583,price_proxy,,,,
2023-10-20,0.5033,0.07,0,0.8391,price_proxy,,,,
2023-10-23,0.4848,0.0676,0,0.5265,price_proxy,,,,
2023-10-24,0.4768,0.0729,0,0.8103,price_proxy,,,,
2023-10-25,0.4755,0.0725,0,0.9042,price_proxy,,,,
2023-10-26,0.4345,0.0854,0,0.9653,price_proxy,,,,
2023-10-27,0.4333,0.0855,0,0.9195,price_proxy,,,,
2023-10-30,0.467,0.0854,0,0.4659,price_proxy,,,,
2023-10-31,0.3445,0.0931,0,1.5744,price_proxy,,,,
2023-11-01,0.3865,0.0958,0,1.6798,price_proxy,,,,
2023-11-02,0.5678,0.1085,0,1.3136,price_proxy,,,,
2023-11-03,0.5769,0.1076,0,0.6832,price_proxy,,,,
2023-11-06,0.646,0.1131,0,2.1336,price_proxy,,,,
2023-11-07,0.7242,0.112,0,2.8095,price_proxy,,,,
2023-11-08,0.642,0.1126,0,1.0135,price_proxy,,,,
2023-11-09,0.5723,0.1104,0,0.6938,price_proxy,,,,
2023-11-10,0.5956,0.1108,0,1.8645,price_proxy,,,,
2023-11-13,0.4927,0.1122,0,2.1183,price_proxy,,,,
2023-11-14,0.505,0.1075,0,1.0234,price_proxy,,,,
2023-11-15,0.5644,0.1086,0,1.7588,price_proxy,,,,
2023-11-16,0.5509,0.1051,0,1.0747,price_proxy,,,,
2023-11-17,0.5145,0.1053,0,0.9694,price_proxy,,,,
2023-11-20,0.5748,0.1037,0,0.4971,price_proxy,,,,
2023-11-21,0.5694,0.1006,0,1.0163,price_proxy,,,,
2023-11-22,0.5415,0.1006,0,0.5065,price_proxy,,,,
2023-11-23,0.4828,0.0906,0,0.8477,price_proxy,,,,
2023-11-24,0.4928,0.0904,0,0.4683,price_proxy,,,,
2023-11-27,0.4921,0.0908,0,0.5352,price_proxy,,,,
2023-11-28,0.5201,0.0784,0,0.7539,price_proxy,,,,
2023-11-29,0.5172,0.0765,0,0.534,price_proxy,,,,
2023-11-30,0.5928,0.0618,0,0.7861,price_proxy,,,,
2023-12-01,0.5897,0.062,0,0.4797,price_proxy,,,,
2023-12-04,0.5532,0.0527,0,0.4497,price_proxy,,,,
2023-12-05,0.4713,0.06,0,0.7501,price_proxy,,,,
2023-12-06,0.486,0.0579,0,0.401,price_proxy,,,,
2023-12-07,0.4482,0.0568,0,1.7637,price_proxy,,,,
2023-12-08,0.4767,0.0568,0,0.4615,price_proxy,,,,
2023-12-11,0.4885,0.0533,0,0.8661,price_proxy,,,,
2023-12-12,0.5501,0.0533,0,1.3641,price_proxy,,,,
2023-12-13,0.5309,0.0515,0,2.611,price_proxy,,,,
2023-12-14,0.575,0.0539,0,3.6764,price_proxy,,,,
2023-12-15,0.5482,0.0534,0,0.757,price_proxy,,,,
2023-12-18,0.5442,0.0521,0,0.3368,price_proxy,,,,
2023-12-19,0.5314,0.0521,0,0.4163,price_proxy,,,,
2023-12-20,0.5521,0.0526,0,0.3825,price_proxy,,,,
2023-12-21,0.5203,0.0456,0,0.4926,price_proxy,,,,
2023-12-22,0.5164,0.0458,0,1.4178,price_proxy,,,,
2023-12-26,0.5231,0.0444,0,0.8788,price_proxy,,,,
2023-12-27,0.5581,0.0447,0,1.1565,price_proxy,,,,
2023-12-28,0.543,0.0447,0,1.7002,price_proxy,,,,
2024-01-02,0.5555,0.0429,0,0.9515,price_proxy,,,,
2024-01-03,0.5037,0.0528,0,1.2715,price_proxy,,,,
2024-01-04,0.4973,0.0525,0,0.8531,price_proxy,,,,
2024-01-05,0.4633,0.044,0,0.679,price_proxy,,,,
2024-01-08,0.4522,0.0441,0,0.5261,price_proxy,,,,
2024-01-09,0.4349,0.0438,0,0.7654,price_proxy,,,,
2024-01-10,0.4534,0.0464,0,1.7313,price_proxy,,,,
2024-01-11,0.4799,0.0482,0,1.4785,price_proxy,,,,
2024-01-12,0.4512,0.0508,0,0.451,price_proxy,,,,
2024-01-15,0.4407,0.0519,0,0.8462,price_proxy,,,,
2024-01-16,0.4173,0.0494,0,2.2646,price_proxy,,,,
2024-01-17,0.4297,0.0502,0,0.8726,price_proxy,,,,
2024-01-18,0.4681,0.063,0,0.6634,price_proxy,,,,
2024-01-19,0.5736,0.0751,0,1.4537,price_proxy,,,,
2024-01-22,0.6266,0.0763,0,4.0853,price_proxy,,,,
2024-01-23,0.6504,0.0763,0,0.493,price_proxy,,,,
2024-01-24,0.6722,0.0763,0,0.7653,price_proxy,,,,
2024-01-25,0.5787,0.0774,0,0.776,price_proxy,,,,
2024-01-26,0.4734,0.0769,0,0.4288,price_proxy,,,,
2024-01-29,0.431,0.077,0,2.2979,price_proxy,,,,
2024-01-30,0.442,0.0766,0,0.5969,price_proxy,,,,
2024-01-31,0.3972,0.0756,0,0.5325,price_proxy,,,,
2024-02-01,0.4094,0.0757,0,0.7709,price_proxy,,,,
2024-02-02,0.4789,0.0794,0,1.1084,price_proxy,,,,
2024-02-05,0.4539,0.0817,0,0.4458,price_proxy,,,,
2024-02-06,0.4924,0.0858,0,0.6612,price_proxy,,,,
2024-02-07,0.5285,0.0839,0,0.4423,price_proxy,,,,
2024-02-08,0.6195,0.093,0,1.232,price_proxy,,,,
2024-02-13,0.6658,0.1008,0,4.2819,price_proxy,,,,
2024-02-14,0.718,0.0994,0,1.0118,price_proxy,,,,
2024-02-15,0.663,0.0977,0,0.9793,price_proxy,,,,
2024-02-16,0.6312,0.1003,0,0.9731,price_proxy,,,,
2024-02-19,0.5485,0.0955,0,0.6412,price_proxy,,,,
2024-02-20,0.456,0.0879,0,0.4488,price_proxy,,,,
2024-02-21,0.4306,0.0871,0,0.9567,price_proxy,,,,
2024-02-22,0.4753,0.0897,0,1.3117,price_proxy,,,,
2024-02-23,0.5083,0.0899,0,0.8475,price_proxy,,,,
2024-02-26,0.5201,0.0888,0,0.9174,price_proxy,,,,
2024-02-27,0.5046,0.0881,0,0.5233,price_proxy,,,,
2024-02-28,0.5709,0.0905,0,0.7139,price_proxy,,,,
2024-02-29,0.5197,0.0909,0,0.4041,price_proxy,,,,
2024-03-04,0.6169,0.0946,0,1.6143,price_proxy,,,,
2024-03-05,0.5946,0.0946,0,0.389,price_proxy,,,,
2024-03-06,0.6477,0.0936,0,0.5746,price_proxy,,,,
2024-03-07,0.5854,0.0903,0,1.0115,price_proxy,,,,
2024-03-08,0.625,0.0889,0,0.9102,price_proxy,,,,
2024-03-11,0.5205,0.0892,0,0.9737,price_proxy,,,,
2024-03-12,0.5371,0.0813,0,0.9778,price_proxy,,,,
2024-03-13,0.5009,0.0696,0,0.7189,price_proxy,,,,
2024-03-14,0.4933,0.0706,0,0.5915,price_proxy,,,,
2024-03-15,0.4613,0.0706,0,0.4396,price_proxy,,,,
2024-03-18,0.494,0.066,0,0.4227,price_proxy,,,,
2024-03-19,0.4558,0.0691,0,0.6206,price_proxy,,,,
2024-03-20,0.4905,0.0696,0,0.8147,price_proxy,,,,
2024-03-21,0.5806,0.0763,0,1.7024,price_proxy,,,,
2024-03-22,0.5738,0.075,0,0.8641,price_proxy,,,,
2024-03-25,0.558,0.0744,0,0.7208,price_proxy,,,,
2024-03-26,0.6489,0.0782,0,3.4105,price_proxy,,,,
2024-03-27,0.6587,0.0767,0,0.9825,price_proxy,,,,
2024-03-28,0.6472,0.0785,0,2.0096,price_proxy,,,,
2024-03-29,0.7125,0.0796,0,1.1116,price_proxy,,,,
2024-04-01,0.7528,0.0709,0,1.226,price_proxy,,,,
2024-04-02,0.7153,0.0694,0,1.4253,price_proxy,,,,
2024-04-03,0.64,0.0741,0,2.4822,price_proxy,,,,
2024-04-04,0.6065,0.0732,0,1.0246,price_proxy,,,,
2024-04-05,0.5232,0.0766,0,0.932,price_proxy,,,,
2024-04-08,0.4531,0.079,0,0.73,price_proxy,,,,
2024-04-09,0.4284,0.0794,0,0.5827,price_proxy,,,,
2024-04-11,0.5037,0.0803,0,0.9765,price_proxy,,,,
2024-04-12,0.4863,0.0783,0,0.8443,price_proxy,,,,
2024-04-15,0.5148,0.0782,0,0.708,price_proxy,,,,
2024-04-16,0.4677,0.0929,0,1.0928,price_proxy,,,,
2024-04-17,0.4683,0.0901,0,0.5305,price_proxy,,,,
2024-04-18,0.4601,0.0906,0,0.8975,price_proxy,,,,
2024-04-19,0.3848,0.0936,0,1.2799,price_proxy,,,,
2024-04-22,0.321,0.1015,0,1.0222,price_proxy,,,,
2024-04-23,0.3876,0.1017,0,0.402,price_proxy,,,,
2024-04-24,0.4868,0.1111,0,0.4269,price_proxy,,,,
2024-04-25,0.3795,0.1172,0,0.4105,price_proxy,,,,
2024-04-26,0.4759,0.1138,0,0.51,price_proxy,,,,
2024-04-29,0.5491,0.1098,0,0.3589,price_proxy,,,,
2024-04-30,0.5413,0.1073,0,0.4306,price_proxy,,,,
2024-05-02,0.4515,0.1066,0,0.3939,price_proxy,,,,
2024-05-03,0.5225,0.1056,0,0.6298,price_proxy,,,,
2024-05-07,0.5705,0.1141,0,0.7226,price_proxy,,,,
2024-05-08,0.5863,0.1137,0,0.4147,price_proxy,,,,
2024-05-09,0.5876,0.1126,0,0.4631,price_proxy,,,,
2024-05-10,0.554,0.1133,0,0.6929,price_proxy,,,,
2024-05-13,0.5486,0.1105,0,0.5772,price_proxy,,,,
2024-05-14,0.4771,0.1104,0,0.5394,price_proxy,,,,
2024-05-16,0.4901,0.112,0,0.7247,price_proxy,,,,
2024-05-17,0.4794,0.1047,0,0.4825,price_proxy,,,,
2024-05-20,0.5294,0.1055,0,0.5639,price_proxy,,,,
2024-05-21,0.5443,0.1038,0,0.6365,price_proxy,,,,
2024-05-22,0.5619,0.0978,0,0.9381,price_proxy,,,,
2024-05-23,0.5334,0.0887,0,1.9331,price_proxy,,,,
2024-05-24,0.5193,0.0918,0,0.9156,price_proxy,,,,
2024-05-27,0.5311,0.0779,0,1.4246,price_proxy,,,,
2024-05-28,0.5698,0.0671,0,2.372,price_proxy,,,,
2024-05-29,0.5329,0.0665,0,2.7539,price_proxy,,,,
2024-05-30,0.4851,0.0719,0,0.7454,price_proxy,,,,
2024-05-31,0.5085,0.0719,0,1.1463,price_proxy,,,,
2024-06-03,0.464,0.0722,0,1.627,price_proxy,,,,
2024-06-04,0.4053,0.073,0,0.6808,price_proxy,,,,
2024-06-05,0.4456,0.0612,0,0.9321,price_proxy,,,,
2024-06-07,0.5217,0.0629,0,1.0892,price_proxy,,,,
2024-06-10,0.5478,0.0623,0,0.7812,price_proxy,,,,
2024-06-11,0.5495,0.0607,0,0.6351,price_proxy,,,,
2024-06-12,0.6192,0.0647,0,1.1625,price_proxy,,,,
2024-06-13,0.6409,0.0691,0,4.4608,price_proxy,,,,
2024-06-14,0.6023,0.0683,0,1.7482,price_proxy,,,,
2024-06-17,0.5838,0.0664,0,0.5737,price_proxy,,,,
2024-06-18,0.6318,0.068,0,0.7859,price_proxy,,,,
2024-06-19,0.5886,0.068,0,1.1289,price_proxy,,,,
2024-06-20,0.5587,0.0678,0,1.2279,price_proxy,,,,
2024-06-21,0.5348,0.0704,0,0.9408,price_proxy,,,,
2024-06-24,0.5101,0.0692,0,0.8641,price_proxy,,,,
2024-06-25,0.4559,0.0681,0,1.2204,price_proxy,,,,
2024-06-26,0.4924,0.0684,0,0.6478,price_proxy,,,,
2024-06-27,0.4553,0.0688,0,0.4063,price_proxy,,,,
2024-06-28,0.4797,0.0633,0,0.2759,price_proxy,,,,
2024-07-01,0.5099,0.0623,0,0.2797,price_proxy,,,,
2024-07-02,0.4901,0.0658,0,0.4313,price_proxy,,,,
2024-07-03,0.4497,0.0644,0,0.9973,price_proxy,,,,
2024-07-04,0.4774,0.063,0,0.5589,price_proxy,,,,
2024-07-05,0.5128,0.0631,0,0.8769,price_proxy,,,,
2024-07-08,0.5107,0.0633,0,0.4917,price_proxy,,,,
2024-07-09,0.574,0.0639,0,1.4408,price_proxy,,,,
2024-07-10,0.5644,0.0598,0,0.3362,price_proxy,,,,
2024-07-11,0.5534,0.0536,0,3.3892,price_proxy,,,,
2024-07-12,0.4901,0.0562,0,1.4233,price_proxy,,,,
2024-07-15,0.4965,0.0559,0,0.6557,price_proxy,,,,
2024-07-16,0.4986,0.054,0,0.5324,price_proxy,,,,
2024-07-17,0.4278,0.0676,0,0.9562,price_proxy,,,,
2024-07-18,0.3885,0.0683,0,1.7814,price_proxy,,,,
2024-07-19,0.3966,0.0678,0,0.6676,price_proxy,,,,
2024-07-22,0.3383,0.0723,0,1.498,price_proxy,,,,
2024-07-23,0.3047,0.0722,0,1.0234,price_proxy,,,,
2024-07-24,0.3712,0.0662,0,1.0589,price_proxy,,,,
2024-07-25,0.312,0.0818,0,1.4406,price_proxy,,,,
2024-07-26,0.336,0.0822,0,0.7311,price_proxy,,,,
2024-07-29,0.4005,0.0829,0,0.3877,price_proxy,,,,
2024-07-30,0.3588,0.0846,0,0.6816,price_proxy,,,,
2024-07-31,0.4236,0.0938,0,0.6455,price_proxy,,,,
2024-08-01,0.5162,0.0929,0,0.8045,price_proxy,,,,
2024-08-02,0.3512,0.118,0,1.2854,price_proxy,,,,
2024-08-05,0.1187,0.1661,0,3.0045,price_proxy,,,,
2024-08-06,0.2562,0.1812,0,0.5974,price_proxy,,,,
2024-08-07,0.2497,0.1865,0,0.4214,price_proxy,,,,
2024-08-08,0.214,0.1862,0,0.3044,price_proxy,,,,
2024-08-09,0.4269,0.1933,0,0.5355,price_proxy,,,,
2024-08-12,0.7424,0.1962,0,0.3989,price_proxy,,,,
2024-08-13,0.6362,0.1952,0,0.3225,price_proxy,,,,
2024-08-14,0.6271,0.1961,0,0.5024,price_proxy,,,,
2024-08-16,0.8003,0.2065,0,0.7012,price_proxy,,,,
2024-08-19,0.6729,0.2073,0,0.4035,price_proxy,,,,
2024-08-20,0.659,0.2065,0,0.442,price_proxy,,,,
2024-08-21,0.6156,0.2068,0,0.5469,price_proxy,,,,
2024-08-22,0.5352,0.2071,0,0.5784,price_proxy,,,,
2024-08-23,0.4035,0.201,0,0.3723,price_proxy,,,,
2024-08-26,0.3915,0.2029,0,0.5306,price_proxy,,,,
2024-08-27,0.339,0.2029,0,0.4887,price_proxy,,,,
2024-08-28,0.4174,0.2044,0,0.7894,price_proxy,,,,
2024-08-29,0.3548,0.2062,0,0.9577,price_proxy,,,,
2024-08-30,0.4162,0.2079,0,0.6219,price_proxy,,,,
2024-09-02,0.4561,0.1904,0,0.6768,price_proxy,,,,
2024-09-03,0.4231,0.1392,0,0.9189,price_proxy,,,,
2024-09-04,0.2579,0.1412,0,1.3292,price_proxy,,,,
2024-09-05,0.3414,0.1372,0,0.8893,price_proxy,,,,
2024-09-06,0.2764,0.136,0,1.0592,price_proxy,,,,
2024-09-09,0.2907,0.1293,0,0.8447,price_proxy,,,,
2024-09-10,0.3153,0.1262,0,0.8951,price_proxy,,,,
2024-09-11,0.4251,0.1253,0,0.697,price_proxy,,,,
2024-09-12,0.5423,0.1402,0,1.2388,price_proxy,,,,
2024-09-13,0.5211,0.1246,0,1.8187,price_proxy,,,,
2024-09-19,0.4628,0.1256,0,1.9273,price_proxy,,,,
2024-09-20,0.5184,0.1248,0,1.4545,price_proxy,,,,
2024-09-23,0.5697,0.1295,0,1.3093,price_proxy,,,,
2024-09-24,0.499,0.1333,0,1.0237,price_proxy,,,,
2024-09-25,0.5486,0.1331,0,1.2895,price_proxy,,,,
2024-09-26,0.739,0.1481,0,1.7032,price_proxy,,,,
2024-09-27,0.7109,0.1476,0,1.8583,price_proxy,,,,
2024-09-30,0.5832,0.1482,0,0.7037,price_proxy,,,,
2024-10-02,0.5213,0.1403,0,0.6896,price_proxy,,,,
2024-10-04,0.5469,0.1389,0,0.8386,price_proxy,,,,
2024-10-07,0.4928,0.1437,0,0.9287,price_proxy,,,,
2024-10-08,0.4339,0.144,0,0.5364,price_proxy,,,,
2024-10-10,0.5276,0.1284,0,0.559,price_proxy,,,,
2024-10-11,0.5625,0.1284,0,0.7176,price_proxy,,,,
2024-10-14,0.5799,0.1273,0,0.5828,price_proxy,,,,
2024-10-15,0.5128,0.1273,0,0.6731,price_proxy,,,,
2024-10-16,0.5237,0.1294,0,0.6231,price_proxy,,,,
2024-10-17,0.5508,0.1307,0,0.8078,price_proxy,,,,
2024-10-18,0.4386,0.1277,0,2.3453,price_proxy,,,,
2024-10-21,0.4012,0.1239,0,0.6285,price_proxy,,,,
2024-10-22,0.3527,0.123,0,0.8483,price_proxy,,,,
2024-10-23,0.4718,0.1282,0,1.6296,price_proxy,,,,
2024-10-24,0.3835,0.1291,0,0.7826,price_proxy,,,,
2024-10-25,0.4655,0.1269,0,1.0872,price_proxy,,,,
2024-10-28,0.4826,0.1271,0,0.4504,price_proxy,,,,
2024-10-29,0.5219,0.1078,0,0.5946,price_proxy,,,,
2024-10-30,0.4507,0.1079,0,0.5883,price_proxy,,,,
2024-10-31,0.4827,0.1013,0,0.474,price_proxy,,,,
2024-11-01,0.4539,0.1028,0,2.7771,price_proxy,,,,
2024-11-04,0.5051,0.1089,0,0.5289,price_proxy,,,,
2024-11-05,0.5057,0.1024,0,0.9147,price_proxy,,,,
2024-11-06,0.499,0.0976,0,0.7126,price_proxy,,,,
2024-11-07,0.5109,0.0967,0,0.7452,price_proxy,,,,
2024-11-08,0.5462,0.0959,0,0.5365,price_proxy,,,,
2024-11-11,0.3917,0.1029,0,0.7415,price_proxy,,,,
2024-11-12,0.3394,0.107,0,0.9603,price_proxy,,,,
2024-11-13,0.2891,0.108,0,1.0486,price_proxy,,,,
2024-11-14,0.2499,0.1031,0,1.0619,price_proxy,,,,
2024-11-15,0.3122,0.1047,0,1.0701,price_proxy,,,,
2024-11-18,0.382,0.1046,0,1.0562,price_proxy,,,,
2024-11-19,0.4479,0.1023,0,0.4398,price_proxy,,,,
2024-11-20,0.5031,0.091,0,0.4926,price_proxy,,,,
2024-11-21,0.5358,0.0894,0,0.4755,price_proxy,,,,
2024-11-22,0.5065,0.0932,0,0.3438,price_proxy,,,,
2024-11-25,0.5557,0.0952,0,0.6536,price_proxy,,,,
2024-11-26,0.5414,0.0952,0,0.7075,price_proxy,,,,
2024-11-27,0.4565,0.1037,0,0.9319,price_proxy,,,,
2024-11-28,0.4331,0.1044,0,0.9475,price_proxy,,,,
2024-11-29,0.3645,0.1042,0,1.4744,price_proxy,,,,
2024-12-02,0.3,0.0945,0,2.6416,price_proxy,,,,
2024-12-03,0.3592,0.1016,0,0.725,price_proxy,,,,
2024-12-04,0.4452,0.1018,0,0.9369,price_proxy,,,,
2024-12-05,0.5226,0.1061,0,0.6093,price_proxy,,,,
2024-12-06,0.5286,0.1062,0,1.1088,price_proxy,,,,
2024-12-09,0.5258,0.099,0,0.9607,price_proxy,,,,
2024-12-10,0.5115,0.0972,0,0.4823,price_proxy,,,,
2024-12-11,0.5621,0.0972,0,0.5706,price_proxy,,,,
2024-12-12,0.573,0.0983,0,1.1265,price_proxy,,,,
2024-12-13,0.6093,0.0915,0,0.5958,price_proxy,,,,
2024-12-16,0.6543,0.0911,0,0.7983,price_proxy,,,,
2024-12-17,0.6483,0.0925,0,1.0449,price_proxy,,,,
2024-12-18,0.6088,0.0925,0,0.7801,price_proxy,,,,
2024-12-19,0.4935,0.0981,0,1.026,price_proxy,,,,
2024-12-20,0.4352,0.0997,0,0.6505,price_proxy,,,,
2024-12-23,0.4826,0.1021,0,0.6162,price_proxy,,,,
2024-12-24,0.4543,0.1019,0,0.4911,price_proxy,,,,
2024-12-26,0.4104,0.0917,0,0.4274,price_proxy,,,,
2024-12-27,0.4945,0.0902,0,0.6619,price_proxy,,,,
2024-12-30,0.5478,0.0877,0,0.512,price_proxy,,,,
2025-01-02,0.511,0.0844,0,0.5377,price_proxy,,,,
2025-01-03,0.6087,0.0948,0,2.2636,price_proxy,,,,
2025-01-06,0.7572,0.1073,0,2.196,price_proxy,,,,
2025-01-07,0.6939,0.109,0,1.9179,price_proxy,,,,
2025-01-08,0.7909,0.1135,0,1.9642,price_proxy,,,,
2025-01-09,0.7801,0.1091,0,1.9665,price_proxy,,,,
2025-01-10,0.645,0.1113,0,1.1913,price_proxy,,,,
2025-01-13,0.4736,0.1171,0,0.7684,price_proxy,,,,
2025-01-14,0.498,0.1152,0,0.7702,price_proxy,,,,
2025-01-15,0.4219,0.1152,0,0.8639,price_proxy,,,,
2025-01-16,0.462,0.1168,0,1.5432,price_proxy,,,,
2025-01-17,0.5281,0.1174,0,0.9162,price_proxy,,,,
2025-01-20,0.5732,0.1185,0,0.6178,price_proxy,,,,
2025-01-21,0.6203,0.1128,0,1.4979,price_proxy,,,,
2025-01-22,0.6891,0.1102,0,1.5724,price_proxy,,,,
2025-01-23,0.5871,0.115,0,1.2793,price_proxy,,,,
2025-01-24,0.5569,0.1147,0,0.8187,price_proxy,,,,
2025-01-31,0.4513,0.1338,0,1.6384,price_proxy,,,,
2025-02-03,0.3304,0.1435,0,1.0991,price_proxy,,,,
2025-02-04,0.2831,0.1436,0,1.0508,price_proxy,,,,
2025-02-05,0.3647,0.1446,0,0.6063,price_proxy,,,,
2025-02-06,0.3892,0.1368,0,0.8535,price_proxy,,,,
2025-02-07,0.5146,0.1247,0,1.4394,price_proxy,,,,
2025-02-10,0.63,0.1239,0,0.8397,price_proxy,,,,
2025-02-11,0.6154,0.1146,0,0.7416,price_proxy,,,,
2025-02-12,0.5657,0.1146,0,0.5485,price_proxy,,,,
2025-02-13,0.5558,0.1148,0,0.7903,price_proxy,,,,
2025-02-14,0.5603,0.1093,0,0.6647,price_proxy,,,,
2025-02-17,0.5597,0.1094,0,0.8324,price_proxy,,,,
2025-02-18,0.5566,0.1095,0,0.9087,price_proxy,,,,
2025-02-19,0.6415,0.1134,0,1.5369,price_proxy,,,,
2025-02-20,0.5825,0.1132,0,0.8413,price_proxy,,,,
2025-02-21,0.57,0.1126,0,0.8597,price_proxy,,,,
2025-02-24,0.4906,0.1153,0,1.1682,price_proxy,,,,
2025-02-25,0.4852,0.1078,0,0.9693,price_proxy,,,,
2025-02-26,0.4064,0.1048,0,1.1029,price_proxy,,,,
2025-02-27,0.4125,0.105,0,1.4517,price_proxy,,,,
2025-02-28,0.322,0.098,0,2.2243,price_proxy,,,,
2025-03-04,0.349,0.0871,0,1.586,price_proxy,,,,
2025-03-05,0.3835,0.0885,0,0.6927,price_proxy,,,,
2025-03-06,0.3437,0.0898,0,1.6535,price_proxy,,,,
2025-03-07,0.3801,0.0876,0,1.4017,price_proxy,,,,
2025-03-10,0.4701,0.0875,0,0.6465,price_proxy,,,,
2025-03-11,0.4787,0.0865,0,1.3624,price_proxy,,,,
2025-03-12,0.535,0.1012,0,1.6505,price_proxy,,,,
2025-03-13,0.5754,0.1013,0,0.8816,price_proxy,,,,
2025-03-14,0.5931,0.1019,0,1.3968,price_proxy,,,,
2025-03-17,0.6382,0.1038,0,1.8825,price_proxy,,,,
2025-03-18,0.6434,0.1033,0,1.0223,price_proxy,,,,
2025-03-19,0.5657,0.1038,0,0.8653,price_proxy,,,,
2025-03-20,0.6173,0.0975,0,0.8671,price_proxy,,,,
2025-03-21,0.6143,0.0983,0,1.0398,price_proxy,,,,
2025-03-24,0.5456,0.0996,0,0.681,price_proxy,,,,
2025-03-25,0.5212,0.097,0,1.3392,price_proxy,,,,
2025-03-26,0.5359,0.0985,0,0.9642,price_proxy,,,,
2025-03-27,0.4507,0.1017,0,1.1636,price_proxy,,,,
2025-03-28,0.3607,0.1062,0,0.836,price_proxy,,,,
2025-03-31,0.3049,0.1039,0,1.6867,price_proxy,,,,
2025-04-01,0.3861,0.1067,0,0.7196,price_proxy,,,,
2025-04-02,0.3426,0.1053,0,0.5784,price_proxy,,,,
2025-04-03,0.3589,0.1031,0,0.7088,price_proxy,,,,
2025-04-04,0.3386,0.1113,0,2.6393,price_proxy,,,,
2025-04-07,0.2838,0.1339,0,1.0787,price_proxy,,,,
2025-04-08,0.2651,0.1356,0,0.5512,price_proxy,,,,
2025-04-09,0.2289,0.1248,0,0.9626,price_proxy,,,,
2025-04-10,0.3982,0.1574,0,1.2725,price_proxy,,,,
2025-04-11,0.4873,0.1557,0,1.7094,price_proxy,,,,
2025-04-14,0.6349,0.1536,0,0.7307,price_proxy,,,,
2025-04-15,0.6105,0.1539,0,0.2937,price_proxy,,,,
2025-04-16,0.5839,0.1572,0,0.9211,price_proxy,,,,
2025-04-17,0.4653,0.1574,0,0.9726,price_proxy,,,,
2025-04-18,0.4826,0.1568,0,0.4134,price_proxy,,,,
2025-04-21,0.5098,0.1577,0,0.7147,price_proxy,,,,
2025-04-22,0.4815,0.1572,0,0.3705,price_proxy,,,,
2025-04-23,0.6552,0.1646,0,0.6456,price_proxy,,,,
2025-04-24,0.5958,0.1634,0,0.8206,price_proxy,,,,
2025-04-25,0.6034,0.162,0,0.7831,price_proxy,,,,
2025-04-28,0.5076,0.1597,0,0.5892,price_proxy,,,,
2025-04-29,0.5395,0.1571,0,0.5827,price_proxy,,,,
2025-04-30,0.4259,0.1575,0,0.3764,price_proxy,,,,
2025-05-02,0.4644,0.1576,0,1.3758,price_proxy,,,,
2025-05-07,0.4486,0.1515,0,0.5629,price_proxy,,,,
2025-05-08,0.5421,0.1274,0,0.7984,price_proxy,,,,
2025-05-09,0.4957,0.1291,0,0.7094,price_proxy,,,,
2025-05-12,0.6287,0.1338,0,0.8279,price_proxy,,,,
2025-05-13,0.6142,0.105,0,1.3003,price_proxy,,,,
2025-05-14,0.6344,0.106,0,1.066,price_proxy,,,,
2025-05-15,0.5823,0.1076,0,2.0882,price_proxy,,,,
2025-05-16,0.6592,0.1087,0,0.9893,price_proxy,,,,
2025-05-19,0.4928,0.104,0,0.9468,price_proxy,,,,
2025-05-20,0.4888,0.1026,0,0.7084,price_proxy,,,,
2025-05-21,0.4451,0.1026,0,0.5879,price_proxy,,,,
2025-05-22,0.4209,0.1071,0,0.5495,price_proxy,,,,
2025-05-23,0.3854,0.1062,0,0.4032,price_proxy,,,,
2025-05-26,0.4949,0.0995,0,0.82,price_proxy,,,,
2025-05-27,0.4734,0.0995,0,0.7023,price_proxy,,,,
2025-05-28,0.5247,0.1005,0,0.9935,price_proxy,,,,
2025-05-29,0.6003,0.0916,0,1.0682,price_proxy,,,,
2025-05-30,0.5614,0.0947,0,1.5367,price_proxy,,,,
2025-06-02,0.5216,0.093,0,0.9814,price_proxy,,,,
2025-06-04,0.6089,0.0985,0,1.3994,price_proxy,,,,
2025-06-05,0.6218,0.1014,0,2.2928,price_proxy,,,,
2025-06-09,0.6219,0.1014,0,1.9299,price_proxy,,,,
2025-06-10,0.6528,0.0987,0,1.2635,price_proxy,,,,
2025-06-11,0.72,0.0924,0,2.0898,price_proxy,,,,
2025-06-12,0.6428,0.0926,0,1.0735,price_proxy,,,,
2025-06-13,0.5556,0.0938,0,2.0571,price_proxy,,,,
2025-06-16,0.5684,0.0923,0,0.9953,price_proxy,,,,
2025-06-17,0.5868,0.0911,0,2.081,price_proxy,,,,
2025-06-18,0.5347,0.0832,0,1.0305,price_proxy,,,,
2025-06-19,0.543,0.0832,0,1.2953,price_proxy,,,,
2025-06-20,0.6127,0.0832,0,1.382,price_proxy,,,,
2025-06-23,0.5457,0.0787,0,1.3189,price_proxy,,,,
2025-06-24,0.6242,0.0859,0,1.9209,price_proxy,,,,
2025-06-25,0.6571,0.0862,0,1.4292,price_proxy,,,,
2025-06-26,0.671,0.0838,0,1.8865,price_proxy,,,,
2025-06-27,0.613,0.0854,0,0.8165,price_proxy,,,,
2025-06-30,0.6544,0.0858,0,0.5946,price_proxy,,,,
2025-07-01,0.5379,0.0838,0,0.684,price_proxy,,,,
2025-07-02,0.4565,0.0872,0,0.9181,price_proxy,,,,
2025-07-03,0.4793,0.0834,0,0.8289,price_proxy,,,,
2025-07-04,0.459,0.085,0,0.8792,price_proxy,,,,
2025-07-07,0.4392,0.086,0,0.8205,price_proxy,,,,
2025-07-08,0.4966,0.0859,0,0.5954,price_proxy,,,,
2025-07-09,0.4966,0.08,0,0.5343,price_proxy,,,,
2025-07-10,0.5042,0.083,0,0.613,price_proxy,,,,
2025-07-11,0.5495,0.0802,0,1.1853,price_proxy,,,,
2025-07-14,0.5662,0.0796,0,0.6057,price_proxy,,,,
2025-07-15,0.555,0.0797,0,0.8081,price_proxy,,,,
2025-07-16,0.5943,0.0793,0,0.9424,price_proxy,,,,
2025-07-17,0.4933,0.0851,0,1.1806,price_proxy,,,,
2025-07-18,0.4792,0.0836,0,0.5758,price_proxy,,,,
2025-07-21,0.4925,0.081,0,0.4305,price_proxy,,,,
2025-07-22,0.4357,0.0717,0,0.5925,price_proxy,,,,
2025-07-23,0.4059,0.0653,0,0.6009,price_proxy,,,,
2025-07-24,0.4438,0.0643,0,0.6245,price_proxy,,,,
2025-07-25,0.4453,0.0639,0,0.2681,price_proxy,,,,
2025-07-28,0.4666,0.0673,0,0.7921,price_proxy,,,,
2025-07-29,0.5153,0.066,0,0.7135,price_proxy,,,,
2025-07-30,0.5507,0.0649,0,1.1336,price_proxy,,,,
2025-07-31,0.5889,0.0626,0,0.9629,price_proxy,,,,
2025-08-01,0.4965,0.0779,0,0.9144,price_proxy,,,,
2025-08-04,0.4677,0.0777,0,0.4697,price_proxy,,,,
2025-08-05,0.4814,0.0771,0,0.7288,price_proxy,,,,
2025-08-06,0.4514,0.0763,0,0.7642,price_proxy,,,,
2025-08-07,0.4471,0.0722,0,0.6999,price_proxy,,,,
2025-08-08,0.5503,0.0722,0,1.3353,price_proxy,,,,
2025-08-11,0.576,0.0744,0,0.7502,price_proxy,,,,
2025-08-12,0.5409,0.0737,0,1.6331,price_proxy,,,,
2025-08-13,0.6073,0.0784,0,1.8728,price_proxy,,,,
2025-08-14,0.5958,0.0736,0,1.6164,price_proxy,,,,
2025-08-18,0.5178,0.0824,0,1.0232,price_proxy,,,,
2025-08-19,0.4626,0.0828,0,0.8103,price_proxy,,,,
2025-08-20,0.4449,0.0816,0,0.8808,price_proxy,,,,
2025-08-21,0.3672,0.0828,0,0.8793,price_proxy,,,,
2025-08-22,0.3665,0.0829,0,0.5268,price_proxy,,,,
2025-08-25,0.474,0.0863,0,0.5545,price_proxy,,,,
2025-08-26,0.4907,0.0841,0,0.3011,price_proxy,,,,
2025-08-27,0.5206,0.0839,0,0.503,price_proxy,,,,
2025-08-28,0.5489,0.0834,0,0.4188,price_proxy,,,,
2025-08-29,0.5469,0.0821,0,0.45,price_proxy,,,,
2025-09-01,0.4151,0.0802,0,1.0174,price_proxy,,,,
2025-09-02,0.4413,0.081,0,0.5083,price_proxy,,,,
2025-09-03,0.4549,0.0803,0,0.3815,price_proxy,,,,
2025-09-04,0.4685,0.0801,0,0.3386,price_proxy,,,,
2025-09-05,0.4796,0.0799,0,0.6193,price_proxy,,,,
2025-09-08,0.5949,0.081,0,0.6561,price_proxy,,,,
2025-09-09,0.6263,0.0838,0,1.6902,price_proxy,,,,
2025-09-10,0.6773,0.0901,0,3.9449,price_proxy,,,,
2025-09-11,0.6929,0.0872,0,2.2409,price_proxy,,,,
2025-09-12,0.7509,0.0949,0,3.7975,price_proxy,,,,
2025-09-15,0.7707,0.0874,0,3.5301,price_proxy,,,,
2025-09-16,0.7959,0.0911,0,3.7002,price_proxy,,,,
2025-09-17,0.6677,0.0952,0,2.4169,price_proxy,,,,
2025-09-18,0.732,0.0978,0,3.1884,price_proxy,,,,
2025-09-19,0.6681,0.0977,0,2.7658,price_proxy,,,,
2025-09-22,0.6519,0.0969,0,2.6029,price_proxy,,,,
2025-09-23,0.6035,0.0958,0,1.8815,price_proxy,,,,
2025-09-24,0.6593,0.0959,0,1.4982,price_proxy,,,,
2025-09-25,0.5644,0.0962,0,1.1951,price_proxy,,,,
2025-09-26,0.4754,0.1083,0,1.7796,price_proxy,,,,
2025-09-29,0.4896,0.0917,0,0.6638,price_proxy,,,,
2025-09-30,0.4665,0.0923,0,0.582,price_proxy,,,,
2025-10-01,0.4952,0.0923,0,0.7107,price_proxy,,,,
2025-10-02,0.6013,0.0998,0,3.1225,price_proxy,,,,
2025-10-10,0.8361,0.1166,0,1.6666,price_proxy,,,,
2025-10-13,0.8006,0.1172,0,1.6984,price_proxy,,,,
2025-10-14,0.7576,0.122,0,2.5729,price_proxy,,,,
2025-10-15,0.8112,0.1234,0,1.1974,price_proxy,,,,
2025-10-16,0.7594,0.1238,0,1.3336,price_proxy,,,,
2025-10-17,0.6089,0.1226,0,1.356,price_proxy,,,,
2025-10-20,0.641,0.1225,0,0.9521,price_proxy,,,,
2025-10-21,0.6563,0.1222,0,1.4754,price_proxy,,,,
2025-10-22,0.5899,0.1152,0,1.0782,price_proxy,,,,
2025-10-23,0.5243,0.1124,0,1.0048,price_proxy,,,,
2025-10-24,0.5808,0.1138,0,1.0446,price_proxy,,,,
2025-10-27,0.5865,0.1144,0,0.9892,price_proxy,,,,
2025-10-28,0.564,0.1196,0,1.3494,price_proxy,,,,
2025-10-29,0.5918,0.1195,0,1.2418,price_proxy,,,,
2025-10-30,0.6427,0.1183,0,1.3653,price_proxy,,,,
2025-10-31,0.586,0.1061,0,0.8097,price_proxy,,,,
2025-11-03,0.6111,0.1083,0,1.1824,price_proxy,,,,
2025-11-04,0.6251,0.1119,0,1.0049,price_proxy,,,,
2025-11-05,0.5049,0.1245,0,1.6683,price_proxy,,,,
2025-11-06,0.4792,0.1176,0,1.0044,price_proxy,,,,
2025-11-07,0.4207,0.1023,0,1.1282,price_proxy,,,,
2025-11-10,0.4337,0.11,0,0.5791,price_proxy,,,,
2025-11-11,0.4974,0.1074,0,1.3054,price_proxy,,,,
2025-11-12,0.5714,0.1021,0,0.7523,price_proxy,,,,
2025-11-13,0.57,0.0998,0,0.529,price_proxy,,,,
2025-11-14,0.5044,0.1212,0,1.0602,price_proxy,,,,
2025-11-17,0.5058,0.1275,0,0.6478,price_proxy,,,,
2025-11-18,0.3759,0.1381,0,0.8539,price_proxy,,,,
2025-11-19,0.3491,0.139,0,0.884,price_proxy,,,,
2025-11-20,0.3892,0.1413,0,0.5934,price_proxy,,,,
2025-11-21,0.3668,0.1576,0,1.0059,price_proxy,,,,
2025-11-24,0.2934,0.155,0,0.4721,price_proxy,,,,
2025-11-25,0.4277,0.1565,0,0.6149,price_proxy,,,,
2025-11-26,0.5119,0.1578,0,0.4618,price_proxy,,,,
2025-11-27,0.4807,0.1569,0,0.6575,price_proxy,,,,
2025-11-28,0.6238,0.1569,0,0.4627,price_proxy,,,,
2025-12-01,0.6359,0.1517,0,0.4685,price_proxy,,,,
2025-12-02,0.6165,0.1523,0,0.3952,price_proxy,,,,
2025-12-03,0.5651,0.1473,0,0.5434,price_proxy,,,,
2025-12-04,0.515,0.148,0,0.6114,price_proxy,,,,
2025-12-05,0.5429,0.1451,0,0.4797,price_proxy,,,,
2025-12-08,0.5769,0.1402,0,0.6775,price_proxy,,,,
2025-12-09,0.5289,0.1389,0,0.5671,price_proxy,,,,
2025-12-10,0.537,0.1392,0,0.8797,price_proxy,,,,
2025-12-11,0.5486,0.1393,0,0.8964,price_proxy,,,,
2025-12-12,0.5339,0.1234,0,0.6771,price_proxy,,,,
2025-12-15,0.4222,0.1188,0,0.9908,price_proxy,,,,
2025-12-16,0.3812,0.1121,0,0.868,price_proxy,,,,
2025-12-17,0.445,0.1193,0,0.9023,price_proxy,,,,
2025-12-18,0.4348,0.1173,0,0.7789,price_proxy,,,,
2025-12-19,0.4221,0.0876,0,0.7736,price_proxy,,,,
2025-12-22,0.5859,0.1014,0,1.0719,price_proxy,,,,
2025-12-23,0.6611,0.0993,0,1.9543,price_proxy,,,,
2025-12-24,0.573,0.0961,0,0.8426,price_proxy,,,,
2025-12-26,0.6626,0.0995,0,2.8684,price_proxy,,,,
2025-12-29,0.7279,0.102,0,2.7386,price_proxy,,,,
2025-12-30,0.6371,0.102,0,1.462,price_proxy,,,,
2026-01-02,0.7887,0.1265,0,2.3404,price_proxy,,,,
2026-01-05,0.9199,0.1357,0,2.6177,price_proxy,,,,
2026-01-06,0.9346,0.1346,0,2.7089,price_proxy,,,,
2026-01-07,0.8721,0.1353,0,2.665,price_proxy,,,,
2026-01-08,0.8541,0.1353,0,2.3085,price_proxy,,,,
2026-01-09,0.6538,0.1366,0,1.9248,price_proxy,,,,
2026-01-12,0.5289,0.1377,0,1.3798,price_proxy,,,,
2026-01-13,0.4632,0.1364,0,1.3942,price_proxy,,,,
2026-01-14,0.4975,0.1362,0,1.2091,price_proxy,,,,
2026-01-15,0.5144,0.1274,0,1.3448,price_proxy,,,,
2026-01-16,0.5678,0.1176,0,1.5327,price_proxy,,,,
2026-01-19,0.5884,0.1149,0,1.243,price_proxy,,,,
2026-01-20,0.5409,0.1174,0,1.1133,price_proxy,,,,
2026-01-21,0.5305,0.1158,0,1.1942,price_proxy,,,,
2026-01-22,0.5365,0.1084,0,1.0421,price_proxy,,,,
2026-01-23,0.529,0.1082,0,0.8925,price_proxy,,,,
2026-01-26,0.5306,0.1074,0,0.8332,price_proxy,,,,
2026-01-27,0.6981,0.1169,0,1.6608,price_proxy,,,,
2026-01-28,0.7986,0.1254,0,1.6234,price_proxy,,,,
2026-01-29,0.8394,0.1259,0,2.031,price_proxy,,,,
2026-01-30,0.9344,0.1132,0,2.4021,price_proxy,,,,
2026-02-02,0.7165,0.1481,0,2.4421,price_proxy,,,,
2026-02-03,0.7747,0.1677,0,1.4122,price_proxy,,,,
2026-02-04,0.648,0.1678,0,1.4782,price_proxy,,,,
2026-02-05,0.4761,0.1808,0,1.6336,price_proxy,,,,
2026-02-06,0.3864,0.1791,0,1.1224,price_proxy,,,,
2026-02-09,0.6388,0.1805,0,0.8324,price_proxy,,,,
2026-02-10,0.4314,0.1831,0,0.5441,price_proxy,,,,
2026-02-11,0.402,0.185,0,0.5606,price_proxy,,,,
2026-02-12,0.5994,0.189,0,0.7214,price_proxy,,,,
2026-02-13,0.5891,0.1898,0,0.6642,price_proxy,,,,
2026-02-19,0.5656,0.1903,0,0.6528,price_proxy,,,,
2026-02-20,0.6389,0.1867,0,0.8245,price_proxy,,,,
2026-02-23,0.6762,0.1871,0,0.7551,price_proxy,,,,
2026-02-24,0.646,0.1881,0,0.7135,price_proxy,,,,
2026-02-25,0.6774,0.188,0,0.7519,price_proxy,,,,
2026-02-26,0.8464,0.2111,0,1.4699,price_proxy,,,,
2026-02-27,0.8611,0.2064,0,1.6827,price_proxy,,,,
2026-03-03,0.6472,0.2294,0,2.1487,price_proxy,,,,
2026-03-04,0.3424,0.2633,0,2.2775,price_proxy,,,,
2026-03-05,0.6391,0.3165,0,1.9766,price_proxy,,,,
2026-03-06,0.4394,0.299,0,1.1849,price_proxy,,,,
2026-03-09,0.239,0.3037,0,0.9868,price_proxy,,,,
2026-03-10,0.5417,0.3113,0,0.97,price_proxy,,,,
2026-03-11,0.7817,0.3048,0,0.6111,price_proxy,,,,
2026-03-12,0.4455,0.3049,0,0.459,price_proxy,,,,
2026-03-13,0.3916,0.3055,0,0.5989,price_proxy,,,,
2026-03-16,0.6103,0.3046,0,0.4973,price_proxy,,,,
2026-03-17,0.472,0.3035,0,0.5543,price_proxy,,,,
2026-03-18,0.618,0.3063,0,0.6923,price_proxy,,,,
2026-03-19,0.581,0.3074,0,0.7379,price_proxy,,,,
2026-03-20,0.6137,0.3076,0,0.5508,price_proxy,,,,
2026-03-23,0.4589,0.314,0,0.7915,price_proxy,,,,
2026-03-24,0.5151,0.3149,0,0.6832,price_proxy,,,,
2026-03-25,0.4022,0.3137,0,0.4124,price_proxy,,,,
2026-03-26,0.3255,0.3204,0,0.7098,price_proxy,,,,
2026-03-27,0.3389,0.2986,0,0.7123,price_proxy,,,,
2026-03-30,0.344,0.3007,0,0.7456,price_proxy,,,,
2026-03-31,0.2061,0.2907,0,0.935,price_proxy,,,,
2026-04-01,0.3852,0.2876,0,0.8794,price_proxy,,,,
2026-04-02,0.3773,0.2273,0,1.2512,price_proxy,,,,
2026-04-03,0.4596,0.2326,0,0.7321,price_proxy,,,,
2026-04-06,0.5656,0.2153,0,0.72,price_proxy,,,,
2026-04-07,0.713,0.2023,0,0.9567,price_proxy,,,,
2026-04-08,0.6868,0.2268,0,1.566,price_proxy,,,,
2026-04-09,0.7625,0.2292,0,0.7605,price_proxy,,,,
2026-04-10,0.7096,0.2277,0,0.6442,price_proxy,,,,
2026-04-13,0.6859,0.227,0,0.5382,price_proxy,,,,
2026-04-14,0.6982,0.2283,0,0.0,price_proxy,,,,
2026-04-15,0.5589,0.2202,0,1.2382,price_proxy,,,,
2026-04-16,0.646,0.2194,0,0.856,price_proxy,,,,
2026-04-17,0.5993,0.2191,0,0.5195,price_proxy,,,,
2026-04-20,0.6502,0.2106,0,0.985,price_proxy,,,,
2026-04-21,0.6621,0.2109,0,1.127,price_proxy,,,,
2026-04-22,0.6102,0.2109,0,0.9057,price_proxy,,,,
2026-04-23,0.606,0.1986,0,1.6133,price_proxy,,,,
2026-04-24,0.6388,0.1981,0,1.0268,price_proxy,,,,
2026-04-27,0.7263,0.192,0,1.6581,price_proxy,,,,
2026-04-28,0.658,0.1793,0,1.096,price_proxy,,,,
2026-04-29,0.6554,0.1492,0,1.1961,price_proxy,,,,
2026-04-30,0.6202,0.1266,0,1.1851,price_proxy,,,,
2026-05-04,0.7072,0.1296,0,1.1364,price_proxy,,,,
2026-05-06,0.7515,0.1441,0,2.2228,price_proxy,,,,
2026-05-07,0.7877,0.1442,0,1.468,price_proxy,,,,
2026-05-08,0.7984,0.1176,0,1.3358,price_proxy,,,,
2026-05-11,0.9629,0.1184,0,1.7726,price_proxy,,,,
2026-05-12,0.7575,0.1326,0,2.0398,price_proxy,,,,
2026-05-13,0.6953,0.1332,0,1.3402,price_proxy,,,,
2026-05-14,0.669,0.1342,0,0.9379,price_proxy,,,,
2026-05-15,0.4968,0.1669,0,1.2105,price_proxy,,,,
2026-05-18,0.3468,0.1697,0,1.1147,price_proxy,,,,
2026-05-19,0.3301,0.1796,0,0.656,price_proxy,,,,
2026-05-20,0.2512,0.1797,0,0.7747,price_proxy,,,,
2026-05-21,0.4333,0.2065,0,0.7601,price_proxy,,,,
2026-05-22,0.5734,0.2075,0,0.4495,price_proxy,,,,
2026-05-26,0.7006,0.2102,0,0.801,price_proxy,,,,
2026-05-27,0.8375,0.2101,0,1.4087,price_proxy,,,,
2026-05-28,0.7936,0.2072,0,0.9674,price_proxy,,,,
2026-05-29,0.5849,0.2068,0,1.1179,price_proxy,,,,
2026-06-01,0.6877,0.2085,0,1.0313,price_proxy,,,,
2026-06-02,0.5755,0.2087,0,1.027,price_proxy,,,,
2026-06-04,0.5807,0.2046,0,0.802,price_proxy,,,,
2026-06-05,0.4777,0.2062,0,0.8159,price_proxy,,,,
2026-06-08,0.2479,0.2392,0,0.9048,price_proxy,,,,
2026-06-09,0.3821,0.2719,0,0.7305,price_proxy,,,,
2026-06-10,0.2982,0.2695,0,0.6215,price_proxy,,,,
2026-06-11,0.3337,0.2694,0,0.6944,price_proxy,,,,
2026-06-12,0.639,0.2817,0,1.6182,price_proxy,,,,
2026-06-15,0.9405,0.2819,0,0.6039,price_proxy,,,,
2026-06-16,0.6231,0.2697,0,0.6861,price_proxy,,,,
2026-06-17,0.7686,0.2685,0,0.538,price_proxy,,,,
2026-06-18,0.7438,0.262,0,0.7549,price_proxy,,,,
2026-06-19,0.5283,0.2633,0,1.125,price_proxy,,,,
2026-06-22,0.5695,0.2427,0,0.8598,price_proxy,,,,
2026-06-23,0.3784,0.2755,0,1.0389,price_proxy,,,,
2026-06-24,0.4127,0.2733,0,1.004,price_proxy,,,,
2026-06-25,0.4849,0.281,0,0.7335,price_proxy,,,,
2026-06-26,0.4211,0.2852,0,1.0146,price_proxy,,,,
2026-06-29,0.299,0.2874,0,0.7272,price_proxy,,,,
2026-06-30,0.5727,0.2848,0,0.6223,price_proxy,,,,
2026-07-01,0.4209,0.2886,0,0.4454,price_proxy,,,,
2026-07-02,0.1218,0.3064,0,0.6326,price_proxy,,,,
2026-07-03,0.2703,0.3038,0,0.8743,price_proxy,,,,
