날짜,시가,고가,저가,종가,거래량,Open,High,Low,Close,Volume
2016-04-25,,,,42783.0,201602.0,,,,,
2016-04-26,,,,44005.0,350250.0,,,,,
2016-04-27,,,,43292.0,199906.0,,,,,
2016-04-28,,,,42528.0,326318.0,,,,,
2016-04-29,,,,42477.0,179435.0,,,,,
2016-05-02,,,,44311.0,489878.0,,,,,
2016-05-03,,,,45635.0,604862.0,,,,,
2016-05-04,,,,45431.0,373446.0,,,,,
2016-05-09,,,,47316.0,577593.0,,,,,
2016-05-10,,,,45941.0,428676.0,,,,,
2016-05-11,,,,46501.0,336248.0,,,,,
2016-05-12,,,,46450.0,257675.0,,,,,
2016-05-13,,,,48080.0,452686.0,,,,,
2016-05-16,,,,47265.0,273741.0,,,,,
2016-05-17,,,,47468.0,305068.0,,,,,
2016-05-18,,,,47163.0,206279.0,,,,,
2016-05-19,,,,45431.0,484445.0,,,,,
2016-05-20,,,,46348.0,281265.0,,,,,
2016-05-23,,,,45329.0,379721.0,,,,,
2016-05-24,,,,45533.0,283546.0,,,,,
2016-05-25,,,,45533.0,247306.0,,,,,
2016-05-26,,,,47876.0,594508.0,,,,,
2016-05-27,,,,46705.0,257311.0,,,,,
2016-05-30,,,,45381.0,353269.0,,,,,
2016-05-31,,,,45329.0,340325.0,,,,,
2016-06-01,,,,45381.0,433437.0,,,,,
2016-06-02,,,,44922.0,229245.0,,,,,
2016-06-03,,,,47316.0,451069.0,,,,,
2016-06-07,,,,46908.0,346113.0,,,,,
2016-06-08,,,,48589.0,607560.0,,,,,
2016-06-09,,,,48232.0,357699.0,,,,,
2016-06-10,,,,48436.0,223736.0,,,,,
2016-06-13,,,,49608.0,470176.0,,,,,
2016-06-14,,,,48539.0,363798.0,,,,,
2016-06-15,,,,47876.0,265377.0,,,,,
2016-06-16,,,,48589.0,376308.0,,,,,
2016-06-17,,,,48284.0,412668.0,,,,,
2016-06-20,,,,48793.0,143637.0,,,,,
2016-06-21,,,,48640.0,265397.0,,,,,
2016-06-22,,,,48844.0,150386.0,,,,,
2016-06-23,,,,48436.0,207272.0,,,,,
2016-06-24,,,,46705.0,568302.0,,,,,
2016-06-27,,,,48080.0,465060.0,,,,,
2016-06-28,,,,48284.0,269332.0,,,,,
2016-06-29,,,,48895.0,421029.0,,,,,
2016-06-30,,,,49506.0,253290.0,,,,,
2016-07-01,,,,48539.0,429950.0,,,,,
2016-07-04,,,,49862.0,480737.0,,,,,
2016-07-05,,,,52256.0,1047519.0,,,,,
2016-07-06,,,,53174.0,749977.0,,,,,
2016-07-07,,,,53479.0,391113.0,,,,,
2016-07-08,,,,53683.0,305699.0,,,,,
2016-07-11,,,,55821.0,698595.0,,,,,
2016-07-12,,,,55924.0,410943.0,,,,,
2016-07-13,,,,54803.0,387586.0,,,,,
2016-07-14,,,,55924.0,245372.0,,,,,
2016-07-15,,,,54803.0,257426.0,,,,,
2016-07-18,,,,53887.0,324275.0,,,,,
2016-07-19,,,,53784.0,143966.0,,,,,
2016-07-20,,,,55312.0,281654.0,,,,,
2016-07-21,,,,55414.0,207474.0,,,,,
2016-07-22,,,,54803.0,218238.0,,,,,
2016-07-25,,,,54497.0,115040.0,,,,,
2016-07-26,,,,55007.0,183899.0,,,,,
2016-07-27,,,,54701.0,165054.0,,,,,
2016-07-28,,,,54803.0,268752.0,,,,,
2016-07-29,,,,55109.0,252745.0,,,,,
2016-08-01,,,,59082.0,1052567.0,,,,,
2016-08-02,,,,59183.0,452398.0,,,,,
2016-08-03,,,,60508.0,420332.0,,,,,
2016-08-04,,,,60304.0,664499.0,,,,,
2016-08-05,,,,62646.0,636420.0,,,,,
2016-08-08,,,,63462.0,493107.0,,,,,
2016-08-09,,,,62749.0,372834.0,,,,,
2016-08-10,,,,61526.0,465031.0,,,,,
2016-08-11,,,,62443.0,310530.0,,,,,
2016-08-12,,,,62137.0,276762.0,,,,,
2016-08-16,,,,60915.0,314448.0,,,,,
2016-08-17,,,,61322.0,281894.0,,,,,
2016-08-18,,,,61221.0,254008.0,,,,,
2016-08-19,,,,59591.0,434022.0,,,,,
2016-08-22,,,,60915.0,303640.0,,,,,
2016-08-23,,,,60304.0,247275.0,,,,,
2016-08-24,,,,59999.0,254432.0,,,,,
2016-08-25,,,,59387.0,151935.0,,,,,
2016-08-26,,,,57757.0,485046.0,,,,,
2016-08-29,,,,60201.0,406168.0,,,,,
2016-08-30,,,,62239.0,519832.0,,,,,
2016-08-31,,,,62749.0,326115.0,,,,,
2016-09-01,,,,62850.0,316374.0,,,,,
2016-09-02,,,,63971.0,387716.0,,,,,
2016-09-05,,,,64888.0,340560.0,,,,,
2016-09-06,,,,63971.0,300240.0,,,,,
2016-09-07,,,,62341.0,422645.0,,,,,
2016-09-08,,,,62036.0,271530.0,,,,,
2016-09-09,,,,61322.0,391919.0,,,,,
2016-09-12,,,,60405.0,189715.0,,,,,
2016-09-13,,,,61526.0,271494.0,,,,,
2016-09-19,,,,62953.0,405066.0,,,,,
2016-09-20,,,,62749.0,318505.0,,,,,
2016-09-21,,,,62646.0,178437.0,,,,,
2016-09-22,,,,63054.0,287813.0,,,,,
2016-09-23,,,,64582.0,522729.0,,,,,
2016-09-26,,,,63971.0,201908.0,,,,,
2016-09-27,,,,64684.0,287431.0,,,,,
2016-09-28,,,,64175.0,160230.0,,,,,
2016-09-29,,,,64276.0,187702.0,,,,,
2016-09-30,,,,64786.0,240859.0,,,,,
2016-10-04,,,,66620.0,448914.0,,,,,
2016-10-05,,,,66925.0,261055.0,,,,,
2016-10-06,,,,66824.0,176076.0,,,,,
2016-10-07,,,,66008.0,285098.0,,,,,
2016-10-10,,,,66620.0,199860.0,,,,,
2016-10-11,,,,66620.0,197356.0,,,,,
2016-10-12,,,,66925.0,260242.0,,,,,
2016-10-13,,,,65092.0,285996.0,,,,,
2016-10-14,,,,66824.0,330306.0,,,,,
2016-10-17,,,,66925.0,342416.0,,,,,
2016-10-18,,,,68555.0,451684.0,,,,,
2016-10-19,,,,68657.0,305103.0,,,,,
2016-10-20,,,,68962.0,199516.0,,,,,
2016-10-21,,,,68453.0,152881.0,,,,,
2016-10-24,,,,65703.0,471879.0,,,,,
2016-10-25,,,,65804.0,435895.0,,,,,
2016-10-26,,,,66212.0,321769.0,,,,,
2016-10-27,,,,65092.0,300181.0,,,,,
2016-10-28,,,,65295.0,226232.0,,,,,
2016-10-31,,,,64990.0,210761.0,,,,,
2016-11-01,,,,51238.0,3990085.0,,,,,
2016-11-02,,,,49404.0,3288521.0,,,,,
2016-11-03,,,,50729.0,1072652.0,,,,,
2016-11-04,,,,49099.0,958065.0,,,,,
2016-11-07,,,,48945.0,544955.0,,,,,
2016-11-08,,,,47418.0,1058471.0,,,,,
2016-11-09,,,,49404.0,5648626.0,,,,,
2016-11-10,,,,51849.0,1709595.0,,,,,
2016-11-11,,,,52867.0,958674.0,,,,,
2016-11-14,,,,55007.0,932117.0,,,,,
2016-11-15,,,,54599.0,1154222.0,,,,,
2016-11-16,,,,56229.0,745432.0,,,,,
2016-11-17,,,,56433.0,490398.0,,,,,
2016-11-18,,,,56331.0,684168.0,,,,,
2016-11-21,,,,54803.0,362497.0,,,,,
2016-11-22,,,,54803.0,491646.0,,,,,
2016-11-23,,,,53988.0,449292.0,,,,,
2016-11-24,,,,51442.0,942292.0,,,,,
2016-11-25,,,,53071.0,510311.0,,,,,
2016-11-28,,,,53071.0,440534.0,,,,,
2016-11-29,,,,51645.0,647966.0,,,,,
2016-11-30,,,,48742.0,4260186.0,,,,,
2016-12-01,,,,46908.0,945380.0,,,,,
2016-12-02,,,,43445.0,1976628.0,,,,,
2016-12-05,,,,42427.0,1152355.0,,,,,
2016-12-06,,,,43191.0,820682.0,,,,,
2016-12-07,,,,43241.0,394025.0,,,,,
2016-12-08,,,,43139.0,640198.0,,,,,
2016-12-09,,,,43394.0,358863.0,,,,,
2016-12-12,,,,45533.0,872608.0,,,,,
2016-12-13,,,,44565.0,699507.0,,,,,
2016-12-14,,,,45533.0,677894.0,,,,,
2016-12-15,,,,46551.0,720300.0,,,,,
2016-12-16,,,,46348.0,615598.0,,,,,
2016-12-19,,,,45228.0,427085.0,,,,,
2016-12-20,,,,45381.0,516455.0,,,,,
2016-12-21,,,,45737.0,244614.0,,,,,
2016-12-22,,,,44158.0,482254.0,,,,,
2016-12-23,,,,44514.0,237773.0,,,,,
2016-12-26,,,,43547.0,347745.0,,,,,
2016-12-27,,,,43751.0,278609.0,,,,,
2016-12-28,,,,43801.0,265671.0,,,,,
2016-12-29,,,,44260.0,194511.0,,,,,
2017-01-02,,,,45584.0,327715.0,,,,,
2017-01-03,,,,47825.0,959511.0,,,,,
2017-01-04,,,,47571.0,783097.0,,,,,
2017-01-05,,,,48080.0,337289.0,,,,,
2017-01-06,,,,49149.0,437386.0,,,,,
2017-01-09,,,,47825.0,386399.0,,,,,
2017-01-10,,,,47265.0,363976.0,,,,,
2017-01-11,,,,48385.0,311775.0,,,,,
2017-01-12,,,,48385.0,329528.0,,,,,
2017-01-13,,,,48029.0,316745.0,,,,,
2017-01-16,,,,46959.0,257950.0,,,,,
2017-01-17,,,,45329.0,757905.0,,,,,
2017-01-18,,,,45635.0,279532.0,,,,,
2017-01-19,,,,44922.0,305218.0,,,,,
2017-01-20,,,,44209.0,396722.0,,,,,
2017-01-23,,,,44871.0,188833.0,,,,,
2017-01-24,,,,43904.0,265348.0,,,,,
2017-01-25,,,,42477.0,450497.0,,,,,
2017-01-26,,,,42681.0,259571.0,,,,,
2017-01-31,,,,42477.0,290287.0,,,,,
2017-02-01,,,,44514.0,538856.0,,,,,
2017-02-02,,,,43700.0,340307.0,,,,,
2017-02-03,,,,42427.0,526930.0,,,,,
2017-02-06,,,,43037.0,323767.0,,,,,
2017-02-07,,,,43700.0,318069.0,,,,,
2017-02-08,,,,42477.0,311059.0,,,,,
2017-02-09,,,,42120.0,342271.0,,,,,
2017-02-10,,,,40746.0,746956.0,,,,,
2017-02-13,,,,41510.0,503989.0,,,,,
2017-02-14,,,,41815.0,465384.0,,,,,
2017-02-15,,,,42579.0,370482.0,,,,,
2017-02-16,,,,41866.0,282932.0,,,,,
2017-02-17,,,,41916.0,291039.0,,,,,
2017-02-20,,,,42223.0,570610.0,,,,,
2017-02-21,,,,42427.0,395083.0,,,,,
2017-02-22,,,,44820.0,1035077.0,,,,,
2017-02-23,,,,45686.0,818348.0,,,,,
2017-02-24,,,,45737.0,505692.0,,,,,
2017-02-27,,,,45177.0,321003.0,,,,,
2017-02-28,,,,44718.0,460597.0,,,,,
2017-03-02,,,,45788.0,538956.0,,,,,
2017-03-03,,,,44820.0,538494.0,,,,,
2017-03-06,,,,44973.0,305928.0,,,,,
2017-03-07,,,,46246.0,485715.0,,,,,
2017-03-08,,,,45686.0,432504.0,,,,,
2017-03-09,,,,45329.0,309704.0,,,,,
2017-03-10,,,,45074.0,434870.0,,,,,
2017-03-13,,,,46755.0,612120.0,,,,,
2017-03-14,,,,45839.0,351217.0,,,,,
2017-03-15,,,,45431.0,231658.0,,,,,
2017-03-16,,,,46603.0,571225.0,,,,,
2017-03-17,,,,47163.0,451567.0,,,,,
2017-03-20,,,,46654.0,358789.0,,,,,
2017-03-21,,,,46297.0,361272.0,,,,,
2017-03-22,,,,46858.0,627795.0,,,,,
2017-03-23,,,,49149.0,1044752.0,,,,,
2017-03-24,,,,49099.0,697566.0,,,,,
2017-03-27,,,,48029.0,515744.0,,,,,
2017-03-28,,,,48589.0,362065.0,,,,,
2017-03-29,,,,47723.0,591488.0,,,,,
2017-03-30,,,,47622.0,339896.0,,,,,
2017-03-31,,,,47978.0,409814.0,,,,,
2017-04-03,,,,48945.0,621083.0,,,,,
2017-04-04,,,,48793.0,318738.0,,,,,
2017-04-05,,,,47876.0,488230.0,,,,,
2017-04-06,,,,48385.0,465061.0,,,,,
2017-04-07,,,,48436.0,272136.0,,,,,
2017-04-10,,,,49709.0,708942.0,,,,,
2017-04-11,,,,49506.0,486618.0,,,,,
2017-04-12,,,,48589.0,339285.0,,,,,
2017-04-13,,,,48539.0,397285.0,,,,,
2017-04-14,,,,48385.0,323367.0,,,,,
2017-04-17,,,,47876.0,325224.0,,,,,
2017-04-18,,,,48589.0,330823.0,,,,,
2017-04-19,,,,50117.0,950416.0,,,,,
2017-04-20,,,,50372.0,640568.0,,,,,
2017-04-21,,,,49862.0,430899.0,,,,,
2017-04-24,,,,51034.0,995280.0,,,,,
2017-04-25,,,,51645.0,429441.0,,,,,
2017-04-26,,,,52256.0,457479.0,,,,,
2017-04-27,,,,54090.0,1154663.0,,,,,
2017-04-28,,,,52970.0,575627.0,,,,,
2017-05-02,,,,51645.0,400541.0,,,,,
2017-05-04,,,,51849.0,276872.0,,,,,
2017-05-08,,,,52562.0,378025.0,,,,,
2017-05-10,,,,51645.0,495383.0,,,,,
2017-05-11,,,,52256.0,334949.0,,,,,
2017-05-12,,,,52460.0,183725.0,,,,,
2017-05-15,,,,52256.0,137762.0,,,,,
2017-05-16,,,,51442.0,339780.0,,,,,
2017-05-17,,,,49404.0,853490.0,,,,,
2017-05-18,,,,49404.0,288981.0,,,,,
2017-05-19,,,,50321.0,286179.0,,,,,
2017-05-22,,,,49557.0,266271.0,,,,,
2017-05-23,,,,48742.0,452235.0,,,,,
2017-05-24,,,,48844.0,373082.0,,,,,
2017-05-25,,,,50168.0,492178.0,,,,,
2017-05-26,,,,51747.0,527745.0,,,,,
2017-05-29,,,,50626.0,331553.0,,,,,
2017-05-30,,,,51339.0,225131.0,,,,,
2017-05-31,,,,50881.0,261567.0,,,,,
2017-06-01,,,,50117.0,294438.0,,,,,
2017-06-02,,,,50117.0,396271.0,,,,,
2017-06-05,,,,50474.0,285847.0,,,,,
2017-06-07,,,,49608.0,311419.0,,,,,
2017-06-08,,,,49149.0,492723.0,,,,,
2017-06-09,,,,47622.0,863310.0,,,,,
2017-06-12,,,,47010.0,732870.0,,,,,
2017-06-13,,,,47468.0,463069.0,,,,,
2017-06-14,,,,47010.0,359029.0,,,,,
2017-06-15,,,,45839.0,473836.0,,,,,
2017-06-16,,,,45991.0,231921.0,,,,,
2017-06-19,,,,45126.0,322538.0,,,,,
2017-06-20,,,,43904.0,456695.0,,,,,
2017-06-21,,,,45533.0,528351.0,,,,,
2017-06-22,,,,45329.0,277547.0,,,,,
2017-06-23,,,,46246.0,242353.0,,,,,
2017-06-26,,,,45737.0,192674.0,,,,,
2017-06-27,,,,46654.0,303032.0,,,,,
2017-06-28,,,,46246.0,148922.0,,,,,
2017-06-29,,,,46297.0,155379.0,,,,,
2017-06-30,,,,45329.0,224975.0,,,,,
2017-07-03,,,,45431.0,140172.0,,,,,
2017-07-04,,,,44361.0,361919.0,,,,,
2017-07-05,,,,45126.0,279237.0,,,,,
2017-07-06,,,,45635.0,235304.0,,,,,
2017-07-07,,,,44820.0,219885.0,,,,,
2017-07-10,,,,44260.0,183836.0,,,,,
2017-07-11,,,,43904.0,256924.0,,,,,
2017-07-12,,,,43496.0,221943.0,,,,,
2017-07-13,,,,43751.0,189023.0,,,,,
2017-07-14,,,,40949.0,828604.0,,,,,
2017-07-17,,,,40033.0,793385.0,,,,,
2017-07-18,,,,39421.0,469158.0,,,,,
2017-07-19,,,,40389.0,596741.0,,,,,
2017-07-20,,,,40134.0,422278.0,,,,,
2017-07-21,,,,40389.0,345607.0,,,,,
2017-07-24,,,,40439.0,229557.0,,,,,
2017-07-25,,,,40746.0,293276.0,,,,,
2017-07-26,,,,40694.0,506864.0,,,,,
2017-07-27,,,,41153.0,247579.0,,,,,
2017-07-28,,,,40542.0,313596.0,,,,,
2017-07-31,,,,40643.0,277479.0,,,,,
2017-08-01,,,,40694.0,229898.0,,,,,
2017-08-02,,,,39116.0,637943.0,,,,,
2017-08-03,,,,36569.0,1409777.0,,,,,
2017-08-04,,,,38352.0,827765.0,,,,,
2017-08-07,,,,39778.0,540868.0,,,,,
2017-08-08,,,,39726.0,443106.0,,,,,
2017-08-09,,,,40033.0,400204.0,,,,,
2017-08-10,,,,40338.0,564759.0,,,,,
2017-08-11,,,,39625.0,403433.0,,,,,
2017-08-14,,,,38708.0,439269.0,,,,,
2017-08-16,,,,40237.0,622711.0,,,,,
2017-08-17,,,,39778.0,336973.0,,,,,
2017-08-18,,,,41611.0,1042738.0,,,,,
2017-08-21,,,,39269.0,1267020.0,,,,,
2017-08-22,,,,39676.0,342142.0,,,,,
2017-08-23,,,,40033.0,329764.0,,,,,
2017-08-24,,,,39320.0,306797.0,,,,,
2017-08-25,,,,38810.0,580754.0,,,,,
2017-08-28,,,,39930.0,313851.0,,,,,
2017-08-29,,,,39625.0,376245.0,,,,,
2017-08-30,,,,39726.0,250672.0,,,,,
2017-08-31,,,,39523.0,277502.0,,,,,
2017-09-01,,,,39370.0,244503.0,,,,,
2017-09-04,,,,38708.0,457580.0,,,,,
2017-09-05,,,,38606.0,239178.0,,,,,
2017-09-06,,,,37536.0,437502.0,,,,,
2017-09-07,,,,38403.0,287735.0,,,,,
2017-09-08,,,,38556.0,222146.0,,,,,
2017-09-11,,,,38912.0,248930.0,,,,,
2017-09-12,,,,38759.0,182788.0,,,,,
2017-09-13,,,,38199.0,239677.0,,,,,
2017-09-14,,,,38657.0,190415.0,,,,,
2017-09-15,,,,38301.0,222208.0,,,,,
2017-09-18,,,,37843.0,234511.0,,,,,
2017-09-19,,,,38148.0,214975.0,,,,,
2017-09-20,,,,37333.0,355674.0,,,,,
2017-09-21,,,,36518.0,426127.0,,,,,
2017-09-22,,,,34634.0,797605.0,,,,,
2017-09-25,,,,33360.0,571533.0,,,,,
2017-09-26,,,,33818.0,330293.0,,,,,
2017-09-27,,,,33614.0,265534.0,,,,,
2017-09-28,,,,33360.0,240096.0,,,,,
2017-09-29,,,,33818.0,291558.0,,,,,
2017-10-10,,,,34786.0,412324.0,,,,,
2017-10-11,,,,34990.0,358514.0,,,,,
2017-10-12,,,,34582.0,454196.0,,,,,
2017-10-13,,,,33768.0,401758.0,,,,,
2017-10-16,,,,33972.0,229327.0,,,,,
2017-10-17,,,,34073.0,242500.0,,,,,
2017-10-18,,,,34685.0,372154.0,,,,,
2017-10-19,,,,38759.0,1434794.0,,,,,
2017-10-20,,,,37893.0,664672.0,,,,,
2017-10-23,,,,36722.0,459419.0,,,,,
2017-10-24,,,,36926.0,358572.0,,,,,
2017-10-25,,,,37333.0,359587.0,,,,,
2017-10-26,,,,37893.0,402600.0,,,,,
2017-10-27,,,,39982.0,1147281.0,,,,,
2017-10-30,,,,39370.0,448654.0,,,,,
2017-10-31,,,,39116.0,540881.0,,,,,
2017-11-01,,,,39930.0,572463.0,,,,,
2017-11-02,,,,39676.0,257297.0,,,,,
2017-11-03,,,,39829.0,378667.0,,,,,
2017-11-06,,,,40898.0,933785.0,,,,,
2017-11-07,,,,40898.0,508711.0,,,,,
2017-11-08,,,,41255.0,750609.0,,,,,
2017-11-09,,,,40847.0,439075.0,,,,,
2017-11-10,,,,39269.0,725552.0,,,,,
2017-11-13,,,,38097.0,508969.0,,,,,
2017-11-14,,,,37995.0,586912.0,,,,,
2017-11-15,,,,36926.0,438721.0,,,,,
2017-11-16,,,,37689.0,312789.0,,,,,
2017-11-17,,,,37485.0,323858.0,,,,,
2017-11-20,,,,37639.0,422380.0,,,,,
2017-11-21,,,,36518.0,476174.0,,,,,
2017-11-22,,,,36620.0,346828.0,,,,,
2017-11-23,,,,36824.0,178295.0,,,,,
2017-11-24,,,,36824.0,198737.0,,,,,
2017-11-27,,,,36366.0,249902.0,,,,,
2017-11-28,,,,35958.0,296274.0,,,,,
2017-11-29,,,,35805.0,171228.0,,,,,
2017-11-30,,,,35907.0,301593.0,,,,,
2017-12-01,,,,34685.0,632430.0,,,,,
2017-12-04,,,,34837.0,242700.0,,,,,
2017-12-05,,,,35295.0,346100.0,,,,,
2017-12-06,,,,34685.0,411514.0,,,,,
2017-12-07,,,,34634.0,295359.0,,,,,
2017-12-08,,,,34175.0,225186.0,,,,,
2017-12-11,,,,34889.0,222868.0,,,,,
2017-12-12,,,,36263.0,733968.0,,,,,
2017-12-13,,,,36620.0,293370.0,,,,,
2017-12-14,,,,35958.0,335542.0,,,,,
2017-12-15,,,,36366.0,295602.0,,,,,
2017-12-18,,,,36366.0,216362.0,,,,,
2017-12-19,,,,35398.0,303421.0,,,,,
2017-12-20,,,,35550.0,219466.0,,,,,
2017-12-21,,,,35907.0,373501.0,,,,,
2017-12-22,,,,34837.0,309891.0,,,,,
2017-12-26,,,,34889.0,212468.0,,,,,
2017-12-27,,,,34889.0,180102.0,,,,,
2017-12-28,,,,36212.0,362892.0,,,,,
2018-01-02,,,,37180.0,348810.0,,,,,
2018-01-03,,,,37180.0,283907.0,,,,,
2018-01-04,,,,37129.0,231499.0,,,,,
2018-01-05,,,,36518.0,334857.0,,,,,
2018-01-08,,,,35703.0,351020.0,,,,,
2018-01-09,,,,36008.0,353267.0,,,,,
2018-01-10,,,,35550.0,498520.0,,,,,
2018-01-11,,,,35347.0,377604.0,,,,,
2018-01-12,,,,34430.0,722833.0,,,,,
2018-01-15,,,,33869.0,544838.0,,,,,
2018-01-16,,,,34124.0,672499.0,,,,,
2018-01-17,,,,33768.0,489727.0,,,,,
2018-01-18,,,,34328.0,422024.0,,,,,
2018-01-19,,,,34022.0,275547.0,,,,,
2018-01-22,,,,33666.0,495677.0,,,,,
2018-01-23,,,,34022.0,327844.0,,,,,
2018-01-24,,,,34022.0,378253.0,,,,,
2018-01-25,,,,33768.0,448153.0,,,,,
2018-01-26,,,,34735.0,781054.0,,,,,
2018-01-29,,,,34837.0,473988.0,,,,,
2018-01-30,,,,34582.0,460029.0,,,,,
2018-01-31,,,,34277.0,450384.0,,,,,
2018-02-01,,,,34277.0,271130.0,,,,,
2018-02-02,,,,33564.0,1198253.0,,,,,
2018-02-05,,,,31985.0,1008856.0,,,,,
2018-02-06,,,,30915.0,762872.0,,,,,
2018-02-07,,,,30406.0,499952.0,,,,,
2018-02-08,,,,29846.0,592006.0,,,,,
2018-02-09,,,,28777.0,563498.0,,,,,
2018-02-12,,,,27910.0,1039059.0,,,,,
2018-02-13,,,,27757.0,537932.0,,,,,
2018-02-14,,,,28165.0,291020.0,,,,,
2018-02-19,,,,29337.0,371217.0,,,,,
2018-02-20,,,,28878.0,247597.0,,,,,
2018-02-21,,,,28980.0,185153.0,,,,,
2018-02-22,,,,28674.0,305835.0,,,,,
2018-02-23,,,,28777.0,233040.0,,,,,
2018-02-26,,,,30100.0,798979.0,,,,,
2018-02-27,,,,29438.0,505367.0,,,,,
2018-02-28,,,,29693.0,371423.0,,,,,
2018-03-02,,,,28420.0,621997.0,,,,,
2018-03-05,,,,28012.0,225201.0,,,,,
2018-03-06,,,,28266.0,232046.0,,,,,
2018-03-07,,,,28470.0,485869.0,,,,,
2018-03-08,,,,29082.0,439055.0,,,,,
2018-03-09,,,,28827.0,349991.0,,,,,
2018-03-12,,,,29846.0,462337.0,,,,,
2018-03-13,,,,30151.0,356337.0,,,,,
2018-03-14,,,,29693.0,238864.0,,,,,
2018-03-15,,,,29999.0,230431.0,,,,,
2018-03-16,,,,29795.0,216682.0,,,,,
2018-03-19,,,,29744.0,221531.0,,,,,
2018-03-20,,,,29591.0,272321.0,,,,,
2018-03-21,,,,30864.0,725421.0,,,,,
2018-03-22,,,,30610.0,357204.0,,,,,
2018-03-23,,,,29591.0,381629.0,,,,,
2018-03-26,,,,29082.0,202785.0,,,,,
2018-03-27,,,,29642.0,375783.0,,,,,
2018-03-28,,,,29234.0,227401.0,,,,,
2018-03-29,,,,29438.0,236014.0,,,,,
2018-03-30,,,,30151.0,201874.0,,,,,
2018-04-02,,,,29183.0,362483.0,,,,,
2018-04-03,,,,29031.0,273349.0,,,,,
2018-04-04,,,,28012.0,506635.0,,,,,
2018-04-05,,,,28114.0,195482.0,,,,,
2018-04-06,,,,28114.0,181133.0,,,,,
2018-04-09,,,,28165.0,176959.0,,,,,
2018-04-10,,,,27401.0,374928.0,,,,,
2018-04-11,,,,27401.0,285962.0,,,,,
2018-04-12,,,,27809.0,377735.0,,,,,
2018-04-13,,,,27452.0,220076.0,,,,,
2018-04-16,,,,26993.0,366342.0,,,,,
2018-04-17,,,,26943.0,206497.0,,,,,
2018-04-18,,,,27146.0,288810.0,,,,,
2018-04-19,,,,26587.0,610595.0,,,,,
2018-04-20,,,,26688.0,368192.0,,,,,
2018-04-23,,,,25669.0,589200.0,,,,,
2018-04-24,,,,25873.0,449266.0,,,,,
2018-04-25,,,,25516.0,307981.0,,,,,
2018-04-26,,,,26637.0,459336.0,,,,,
2018-04-27,,,,26587.0,370190.0,,,,,
2018-04-30,,,,24549.0,1100821.0,,,,,
2018-05-02,,,,23785.0,829774.0,,,,,
2018-05-03,,,,24345.0,550511.0,,,,,
2018-05-04,,,,26433.0,1414389.0,,,,,
2018-05-08,,,,28165.0,1650274.0,,,,,
2018-05-09,,,,29591.0,1482228.0,,,,,
2018-05-10,,,,30050.0,1230361.0,,,,,
2018-05-11,,,,29642.0,662593.0,,,,,
2018-05-14,,,,29234.0,384503.0,,,,,
2018-05-15,,,,28623.0,904637.0,,,,,
2018-05-16,,,,28623.0,556074.0,,,,,
2018-05-17,,,,28470.0,341354.0,,,,,
2018-05-18,,,,29795.0,521532.0,,,,,
2018-05-21,,,,29031.0,381078.0,,,,,
2018-05-23,,,,28878.0,328510.0,,,,,
2018-05-24,,,,29438.0,380514.0,,,,,
2018-05-25,,,,29133.0,1561106.0,,,,,
2018-05-28,,,,29897.0,744083.0,,,,,
2018-05-29,,,,33513.0,2872294.0,,,,,
2018-05-30,,,,32495.0,959743.0,,,,,
2018-05-31,,,,33768.0,4642517.0,,,,,
2018-06-01,,,,34073.0,861912.0,,,,,
2018-06-04,,,,32901.0,771824.0,,,,,
2018-06-05,,,,32087.0,495621.0,,,,,
2018-06-07,,,,32444.0,607929.0,,,,,
2018-06-08,,,,32647.0,432274.0,,,,,
2018-06-11,,,,30967.0,546343.0,,,,,
2018-06-12,,,,31374.0,365668.0,,,,,
2018-06-14,,,,29999.0,596697.0,,,,,
2018-06-15,,,,31170.0,437907.0,,,,,
2018-06-18,,,,29337.0,427646.0,,,,,
2018-06-19,,,,28878.0,225003.0,,,,,
2018-06-20,,,,27809.0,477871.0,,,,,
2018-06-21,,,,26739.0,545364.0,,,,,
2018-06-22,,,,26076.0,392854.0,,,,,
2018-06-25,,,,26076.0,355536.0,,,,,
2018-06-26,,,,25771.0,239593.0,,,,,
2018-06-27,,,,24752.0,511428.0,,,,,
2018-06-28,,,,23886.0,685026.0,,,,,
2018-06-29,,,,23886.0,309266.0,,,,,
2018-07-02,,,,22919.0,489637.0,,,,,
2018-07-03,,,,22868.0,275366.0,,,,,
2018-07-04,,,,23021.0,150026.0,,,,,
2018-07-05,,,,22002.0,620486.0,,,,,
2018-07-06,,,,22562.0,295597.0,,,,,
2018-07-09,,,,23479.0,334618.0,,,,,
2018-07-10,,,,23530.0,218006.0,,,,,
2018-07-11,,,,23225.0,353050.0,,,,,
2018-07-12,,,,22664.0,424298.0,,,,,
2018-07-13,,,,22817.0,348359.0,,,,,
2018-07-16,,,,23479.0,328325.0,,,,,
2018-07-17,,,,23683.0,285529.0,,,,,
2018-07-18,,,,23530.0,359791.0,,,,,
2018-07-19,,,,22512.0,333653.0,,,,,
2018-07-20,,,,23835.0,601862.0,,,,,
2018-07-23,,,,23429.0,538687.0,,,,,
2018-07-24,,,,23581.0,256077.0,,,,,
2018-07-25,,,,23225.0,189006.0,,,,,
2018-07-26,,,,22868.0,237634.0,,,,,
2018-07-27,,,,22817.0,286097.0,,,,,
2018-07-30,,,,23275.0,204224.0,,,,,
2018-07-31,,,,22970.0,306864.0,,,,,
2018-08-01,,,,23785.0,347466.0,,,,,
2018-08-02,,,,23021.0,229760.0,,,,,
2018-08-03,,,,23683.0,231404.0,,,,,
2018-08-06,,,,23174.0,269521.0,,,,,
2018-08-07,,,,23072.0,126712.0,,,,,
2018-08-08,,,,23122.0,157558.0,,,,,
2018-08-09,,,,22715.0,248247.0,,,,,
2018-08-10,,,,22919.0,122902.0,,,,,
2018-08-13,,,,22766.0,431333.0,,,,,
2018-08-14,,,,23938.0,363974.0,,,,,
2018-08-16,,,,23479.0,278458.0,,,,,
2018-08-17,,,,23479.0,156121.0,,,,,
2018-08-20,,,,24090.0,456027.0,,,,,
2018-08-21,,,,24498.0,222954.0,,,,,
2018-08-22,,,,25110.0,423208.0,,,,,
2018-08-23,,,,24294.0,277971.0,,,,,
2018-08-24,,,,24906.0,267432.0,,,,,
2018-08-27,,,,24549.0,183544.0,,,,,
2018-08-28,,,,25873.0,516183.0,,,,,
2018-08-29,,,,26332.0,453744.0,,,,,
2018-08-30,,,,26383.0,309382.0,,,,,
2018-08-31,,,,25466.0,363640.0,,,,,
2018-09-03,,,,26076.0,312492.0,,,,,
2018-09-04,,,,25924.0,215305.0,,,,,
2018-09-05,,,,25619.0,264234.0,,,,,
2018-09-06,,,,25975.0,257195.0,,,,,
2018-09-07,,,,27401.0,552636.0,,,,,
2018-09-10,,,,27503.0,357354.0,,,,,
2018-09-11,,,,27554.0,252422.0,,,,,
2018-09-12,,,,26943.0,289033.0,,,,,
2018-09-13,,,,27044.0,194789.0,,,,,
2018-09-14,,,,27096.0,170642.0,,,,,
2018-09-17,,,,27452.0,206004.0,,,,,
2018-09-18,,,,27197.0,159089.0,,,,,
2018-09-19,,,,26280.0,303516.0,,,,,
2018-09-20,,,,26993.0,281527.0,,,,,
2018-09-21,,,,26739.0,245916.0,,,,,
2018-09-27,,,,29234.0,917982.0,,,,,
2018-09-28,,,,25873.0,1449252.0,,,,,
2018-10-01,,,,25516.0,275213.0,,,,,
2018-10-02,,,,26789.0,588413.0,,,,,
2018-10-04,,,,28522.0,607148.0,,,,,
2018-10-05,,,,29489.0,651250.0,,,,,
2018-10-08,,,,29489.0,428906.0,,,,,
2018-10-10,,,,29234.0,345306.0,,,,,
2018-10-11,,,,28165.0,446673.0,,,,,
2018-10-12,,,,28165.0,411275.0,,,,,
2018-10-15,,,,28623.0,512551.0,,,,,
2018-10-16,,,,28878.0,275704.0,,,,,
2018-10-17,,,,29337.0,221679.0,,,,,
2018-10-18,,,,29031.0,704431.0,,,,,
2018-10-19,,,,29591.0,239636.0,,,,,
2018-10-22,,,,30050.0,302345.0,,,,,
2018-10-23,,,,29591.0,320052.0,,,,,
2018-10-24,,,,30355.0,587859.0,,,,,
2018-10-25,,,,30864.0,530531.0,,,,,
2018-10-26,,,,29999.0,375964.0,,,,,
2018-10-29,,,,29234.0,463335.0,,,,,
2018-10-30,,,,28878.0,525209.0,,,,,
2018-10-31,,,,28980.0,377234.0,,,,,
2018-11-01,,,,27706.0,608886.0,,,,,
2018-11-02,,,,29387.0,347904.0,,,,,
2018-11-05,,,,30864.0,437264.0,,,,,
2018-11-06,,,,32291.0,673484.0,,,,,
2018-11-07,,,,31272.0,518398.0,,,,,
2018-11-08,,,,32087.0,381240.0,,,,,
2018-11-09,,,,32137.0,313420.0,,,,,
2018-11-12,,,,32698.0,253947.0,,,,,
2018-11-13,,,,33412.0,452825.0,,,,,
2018-11-14,,,,35347.0,1104758.0,,,,,
2018-11-15,,,,32901.0,974220.0,,,,,
2018-11-16,,,,33309.0,376594.0,,,,,
2018-11-19,,,,34226.0,298094.0,,,,,
2018-11-20,,,,34531.0,302566.0,,,,,
2018-11-21,,,,34277.0,212071.0,,,,,
2018-11-22,,,,33513.0,401740.0,,,,,
2018-11-23,,,,32800.0,276506.0,,,,,
2018-11-26,,,,34634.0,338388.0,,,,,
2018-11-27,,,,33360.0,314575.0,,,,,
2018-11-28,,,,34328.0,565412.0,,,,,
2018-11-29,,,,33258.0,371603.0,,,,,
2018-11-30,,,,33054.0,242937.0,,,,,
2018-12-03,,,,32392.0,407167.0,,,,,
2018-12-04,,,,32698.0,200702.0,,,,,
2018-12-05,,,,32749.0,139106.0,,,,,
2018-12-06,,,,33666.0,440602.0,,,,,
2018-12-07,,,,32800.0,253722.0,,,,,
2018-12-10,,,,32240.0,164949.0,,,,,
2018-12-11,,,,32341.0,136005.0,,,,,
2018-12-12,,,,32291.0,183666.0,,,,,
2018-12-13,,,,32545.0,294217.0,,,,,
2018-12-14,,,,32392.0,149372.0,,,,,
2018-12-17,,,,32341.0,155173.0,,,,,
2018-12-18,,,,33614.0,522576.0,,,,,
2018-12-19,,,,33157.0,237339.0,,,,,
2018-12-20,,,,33717.0,211452.0,,,,,
2018-12-21,,,,34022.0,245456.0,,,,,
2018-12-24,,,,33360.0,159556.0,,,,,
2018-12-26,,,,32189.0,339540.0,,,,,
2018-12-27,,,,33105.0,174365.0,,,,,
2018-12-28,,,,33105.0,165519.0,,,,,
2019-01-02,,,,33564.0,138142.0,,,,,
2019-01-03,,,,34582.0,621625.0,,,,,
2019-01-04,,,,35703.0,573130.0,,,,,
2019-01-07,,,,34889.0,451466.0,,,,,
2019-01-08,,,,34481.0,194118.0,,,,,
2019-01-09,,,,34277.0,239222.0,,,,,
2019-01-10,,,,33717.0,270295.0,,,,,
2019-01-11,,,,33412.0,340739.0,,,,,
2019-01-14,,,,32749.0,212288.0,,,,,
2019-01-15,,,,33360.0,214388.0,,,,,
2019-01-16,,,,33869.0,169709.0,,,,,
2019-01-17,,,,32647.0,239030.0,,,,,
2019-01-18,,,,31170.0,723361.0,,,,,
2019-01-21,,,,32036.0,262950.0,,,,,
2019-01-22,,,,31679.0,137204.0,,,,,
2019-01-23,,,,32545.0,226767.0,,,,,
2019-01-24,,,,31628.0,243050.0,,,,,
2019-01-25,,,,31832.0,187122.0,,,,,
2019-01-28,,,,31628.0,193223.0,,,,,
2019-01-29,,,,31476.0,149951.0,,,,,
2019-01-30,,,,31832.0,147437.0,,,,,
2019-01-31,,,,31985.0,183200.0,,,,,
2019-02-01,,,,31323.0,213651.0,,,,,
2019-02-07,,,,32087.0,194987.0,,,,,
2019-02-08,,,,32341.0,164656.0,,,,,
2019-02-11,,,,32953.0,186751.0,,,,,
2019-02-12,,,,32291.0,208403.0,,,,,
2019-02-13,,,,33105.0,170607.0,,,,,
2019-02-14,,,,33004.0,168746.0,,,,,
2019-02-15,,,,32953.0,162879.0,,,,,
2019-02-18,,,,33768.0,192840.0,,,,,
2019-02-19,,,,33513.0,122179.0,,,,,
2019-02-20,,,,33258.0,160859.0,,,,,
2019-02-21,,,,33921.0,517805.0,,,,,
2019-02-22,,,,33972.0,246277.0,,,,,
2019-02-25,,,,33869.0,158687.0,,,,,
2019-02-26,,,,33818.0,134125.0,,,,,
2019-02-27,,,,34277.0,224250.0,,,,,
2019-02-28,,,,33564.0,190732.0,,,,,
2019-03-04,,,,33972.0,214251.0,,,,,
2019-03-05,,,,34735.0,308775.0,,,,,
2019-03-06,,,,34073.0,206178.0,,,,,
2019-03-07,,,,34124.0,136689.0,,,,,
2019-03-08,,,,33105.0,186726.0,,,,,
2019-03-11,,,,33360.0,150815.0,,,,,
2019-03-12,,,,33157.0,116851.0,,,,,
2019-03-13,,,,33105.0,112513.0,,,,,
2019-03-14,,,,33105.0,228103.0,,,,,
2019-03-15,,,,34379.0,356843.0,,,,,
2019-03-18,,,,35754.0,565485.0,,,,,
2019-03-19,,,,35449.0,198288.0,,,,,
2019-03-20,,,,35091.0,189807.0,,,,,
2019-03-21,,,,33768.0,298414.0,,,,,
2019-03-22,,,,34582.0,240847.0,,,,,
2019-03-25,,,,34889.0,277966.0,,,,,
2019-03-26,,,,34990.0,196089.0,,,,,
2019-03-27,,,,34786.0,137709.0,,,,,
2019-03-28,,,,34582.0,154170.0,,,,,
2019-03-29,,,,35041.0,187511.0,,,,,
2019-04-01,,,,35856.0,244363.0,,,,,
2019-04-02,,,,35295.0,139293.0,,,,,
2019-04-03,,,,34634.0,253274.0,,,,,
2019-04-04,,,,34685.0,174143.0,,,,,
2019-04-05,,,,34328.0,158092.0,,,,,
2019-04-08,,,,33921.0,137220.0,,,,,
2019-04-09,,,,33666.0,131075.0,,,,,
2019-04-10,,,,32392.0,568245.0,,,,,
2019-04-11,,,,32087.0,395129.0,,,,,
2019-04-12,,,,31731.0,286771.0,,,,,
2019-04-15,,,,31781.0,293056.0,,,,,
2019-04-16,,,,31883.0,196109.0,,,,,
2019-04-17,,,,31577.0,185077.0,,,,,
2019-04-18,,,,31577.0,220709.0,,,,,
2019-04-19,,,,31424.0,129423.0,,,,,
2019-04-22,,,,31527.0,193521.0,,,,,
2019-04-23,,,,31527.0,189380.0,,,,,
2019-04-24,,,,31527.0,245477.0,,,,,
2019-04-25,,,,31323.0,98643.0,,,,,
2019-04-26,,,,30967.0,147289.0,,,,,
2019-04-29,,,,31323.0,110765.0,,,,,
2019-04-30,,,,31476.0,138662.0,,,,,
2019-05-02,,,,31781.0,154767.0,,,,,
2019-05-03,,,,31424.0,132248.0,,,,,
2019-05-07,,,,30967.0,193885.0,,,,,
2019-05-08,,,,31628.0,190475.0,,,,,
2019-05-09,,,,31272.0,354615.0,,,,,
2019-05-10,,,,31221.0,220918.0,,,,,
2019-05-13,,,,30967.0,121231.0,,,,,
2019-05-14,,,,31068.0,176895.0,,,,,
2019-05-15,,,,30915.0,208810.0,,,,,
2019-05-16,,,,30763.0,129010.0,,,,,
2019-05-17,,,,30355.0,195956.0,,,,,
2019-05-20,,,,30406.0,102344.0,,,,,
2019-05-21,,,,30202.0,176385.0,,,,,
2019-05-22,,,,32240.0,428110.0,,,,,
2019-05-23,,,,32444.0,293928.0,,,,,
2019-05-24,,,,31934.0,193609.0,,,,,
2019-05-27,,,,31628.0,118733.0,,,,,
2019-05-28,,,,31476.0,136670.0,,,,,
2019-05-29,,,,30864.0,149872.0,,,,,
2019-05-30,,,,30304.0,234690.0,,,,,
2019-05-31,,,,30457.0,104378.0,,,,,
2019-06-03,,,,31170.0,144547.0,,,,,
2019-06-04,,,,31628.0,114580.0,,,,,
2019-06-05,,,,31985.0,111863.0,,,,,
2019-06-07,,,,31985.0,112129.0,,,,,
2019-06-10,,,,33208.0,320849.0,,,,,
2019-06-11,,,,33105.0,154773.0,,,,,
2019-06-12,,,,32800.0,102760.0,,,,,
2019-06-13,,,,33360.0,211776.0,,,,,
2019-06-14,,,,32901.0,155313.0,,,,,
2019-06-17,,,,32698.0,222159.0,,,,,
2019-06-18,,,,33412.0,166592.0,,,,,
2019-06-19,,,,32749.0,166772.0,,,,,
2019-06-20,,,,32291.0,139520.0,,,,,
2019-06-21,,,,33004.0,196537.0,,,,,
2019-06-24,,,,33208.0,89681.0,,,,,
2019-06-25,,,,32800.0,106649.0,,,,,
2019-06-26,,,,32444.0,118185.0,,,,,
2019-06-27,,,,32851.0,122655.0,,,,,
2019-06-28,,,,33869.0,419154.0,,,,,
2019-07-01,,,,32800.0,163080.0,,,,,
2019-07-02,,,,33258.0,117675.0,,,,,
2019-07-03,,,,33258.0,109939.0,,,,,
2019-07-04,,,,33614.0,150311.0,,,,,
2019-07-05,,,,33157.0,104892.0,,,,,
2019-07-08,,,,31832.0,139135.0,,,,,
2019-07-09,,,,31272.0,85100.0,,,,,
2019-07-10,,,,31170.0,122429.0,,,,,
2019-07-11,,,,31221.0,189874.0,,,,,
2019-07-12,,,,32087.0,69833.0,,,,,
2019-07-15,,,,32291.0,91931.0,,,,,
2019-07-16,,,,32596.0,136748.0,,,,,
2019-07-17,,,,32749.0,91766.0,,,,,
2019-07-18,,,,33513.0,250496.0,,,,,
2019-07-19,,,,33717.0,112578.0,,,,,
2019-07-22,,,,33614.0,88491.0,,,,,
2019-07-23,,,,34022.0,141564.0,,,,,
2019-07-24,,,,34022.0,135023.0,,,,,
2019-07-25,,,,33054.0,189754.0,,,,,
2019-07-26,,,,33309.0,85072.0,,,,,
2019-07-29,,,,32545.0,123772.0,,,,,
2019-07-30,,,,32291.0,194009.0,,,,,
2019-07-31,,,,32800.0,124147.0,,,,,
2019-08-01,,,,31985.0,116087.0,,,,,
2019-08-02,,,,31272.0,168775.0,,,,,
2019-08-05,,,,30508.0,231843.0,,,,,
2019-08-06,,,,30355.0,244246.0,,,,,
2019-08-07,,,,29286.0,182347.0,,,,,
2019-08-08,,,,29947.0,182132.0,,,,,
2019-08-09,,,,30967.0,159330.0,,,,,
2019-08-12,,,,31272.0,164718.0,,,,,
2019-08-13,,,,36467.0,2816795.0,,,,,
2019-08-14,,,,37536.0,1113040.0,,,,,
2019-08-16,,,,37893.0,720223.0,,,,,
2019-08-19,,,,39116.0,697153.0,,,,,
2019-08-20,,,,39116.0,448518.0,,,,,
2019-08-21,,,,39676.0,380007.0,,,,,
2019-08-22,,,,38453.0,462578.0,,,,,
2019-08-23,,,,39217.0,317427.0,,,,,
2019-08-26,,,,39320.0,306883.0,,,,,
2019-08-27,,,,39421.0,274047.0,,,,,
2019-08-28,,,,39880.0,284495.0,,,,,
2019-08-29,,,,39726.0,115703.0,,,,,
2019-08-30,,,,39625.0,286562.0,,,,,
2019-09-02,,,,39676.0,160099.0,,,,,
2019-09-03,,,,41204.0,475917.0,,,,,
2019-09-04,,,,43292.0,729646.0,,,,,
2019-09-05,,,,42120.0,502049.0,,,,,
2019-09-06,,,,43496.0,483829.0,,,,,
2019-09-09,,,,43191.0,460879.0,,,,,
2019-09-10,,,,43343.0,310723.0,,,,,
2019-09-11,,,,42987.0,617001.0,,,,,
2019-09-16,,,,41968.0,650611.0,,,,,
2019-09-17,,,,42375.0,340698.0,,,,,
2019-09-18,,,,42375.0,268447.0,,,,,
2019-09-19,,,,43037.0,270076.0,,,,,
2019-09-20,,,,42681.0,339875.0,,,,,
2019-09-23,,,,42987.0,207817.0,,,,,
2019-09-24,,,,43597.0,308182.0,,,,,
2019-09-25,,,,43088.0,244735.0,,,,,
2019-09-26,,,,43649.0,579515.0,,,,,
2019-09-27,,,,41714.0,343559.0,,,,,
2019-09-30,,,,42936.0,297868.0,,,,,
2019-10-01,,,,43496.0,216546.0,,,,,
2019-10-02,,,,43191.0,211865.0,,,,,
2019-10-04,,,,43597.0,183367.0,,,,,
2019-10-07,,,,41255.0,493432.0,,,,,
2019-10-08,,,,43088.0,474696.0,,,,,
2019-10-10,,,,43139.0,328049.0,,,,,
2019-10-11,,,,42070.0,215748.0,,,,,
2019-10-14,,,,42375.0,181745.0,,,,,
2019-10-15,,,,42070.0,227329.0,,,,,
2019-10-16,,,,42070.0,224217.0,,,,,
2019-10-17,,,,42579.0,308010.0,,,,,
2019-10-18,,,,42427.0,186715.0,,,,,
2019-10-21,,,,41407.0,314393.0,,,,,
2019-10-22,,,,41255.0,200454.0,,,,,
2019-10-23,,,,40593.0,324599.0,,,,,
2019-10-24,,,,40643.0,142016.0,,,,,
2019-10-25,,,,40389.0,130362.0,,,,,
2019-10-28,,,,40593.0,202681.0,,,,,
2019-10-29,,,,39676.0,269248.0,,,,,
2019-10-30,,,,38352.0,310723.0,,,,,
2019-10-31,,,,38504.0,181720.0,,,,,
2019-11-01,,,,37485.0,286927.0,,,,,
2019-11-04,,,,38403.0,262741.0,,,,,
2019-11-05,,,,38046.0,219852.0,,,,,
2019-11-06,,,,38708.0,369657.0,,,,,
2019-11-07,,,,37792.0,1073133.0,,,,,
2019-11-08,,,,37384.0,257189.0,,,,,
2019-11-11,,,,36926.0,312088.0,,,,,
2019-11-12,,,,38403.0,727635.0,,,,,
2019-11-13,,,,38556.0,368022.0,,,,,
2019-11-14,,,,38708.0,275289.0,,,,,
2019-11-15,,,,38962.0,234443.0,,,,,
2019-11-18,,,,39625.0,237001.0,,,,,
2019-11-19,,,,40134.0,331305.0,,,,,
2019-11-20,,,,39217.0,227645.0,,,,,
2019-11-21,,,,39166.0,327633.0,,,,,
2019-11-22,,,,40134.0,288235.0,,,,,
2019-11-25,,,,39880.0,189153.0,,,,,
2019-11-26,,,,40389.0,187549.0,,,,,
2019-11-27,,,,40542.0,200014.0,,,,,
2019-11-28,,,,39269.0,191275.0,,,,,
2019-11-29,,,,39166.0,173698.0,,,,,
2019-12-02,,,,38759.0,111465.0,,,,,
2019-12-03,,,,38657.0,140460.0,,,,,
2019-12-04,,,,38708.0,227662.0,,,,,
2019-12-05,,,,39116.0,203995.0,,,,,
2019-12-06,,,,38606.0,143589.0,,,,,
2019-12-09,,,,37792.0,204732.0,,,,,
2019-12-10,,,,37944.0,132674.0,,,,,
2019-12-11,,,,37792.0,134918.0,,,,,
2019-12-12,,,,37843.0,296153.0,,,,,
2019-12-13,,,,37689.0,309927.0,,,,,
2019-12-16,,,,36772.0,393295.0,,,,,
2019-12-17,,,,36824.0,202557.0,,,,,
2019-12-18,,,,35958.0,332322.0,,,,,
2019-12-19,,,,35703.0,151607.0,,,,,
2019-12-20,,,,36008.0,180554.0,,,,,
2019-12-23,,,,35652.0,162168.0,,,,,
2019-12-24,,,,35398.0,205517.0,,,,,
2019-12-26,,,,35041.0,153911.0,,,,,
2019-12-27,,,,35550.0,173178.0,,,,,
2019-12-30,,,,35703.0,225706.0,,,,,
2020-01-02,,,,35347.0,160338.0,,,,,
2020-01-03,,,,35499.0,203103.0,,,,,
2020-01-06,,,,35805.0,368994.0,,,,,
2020-01-07,,,,35295.0,160179.0,,,,,
2020-01-08,,,,34735.0,1072377.0,,,,,
2020-01-09,,,,34939.0,292877.0,,,,,
2020-01-10,,,,34837.0,237963.0,,,,,
2020-01-13,,,,34990.0,184963.0,,,,,
2020-01-14,,,,36162.0,369542.0,,,,,
2020-01-15,,,,36008.0,256572.0,,,,,
2020-01-16,,,,35754.0,140676.0,,,,,
2020-01-17,,,,35449.0,160863.0,,,,,
2020-01-20,,,,35602.0,173016.0,,,,,
2020-01-21,,,,36263.0,325389.0,,,,,
2020-01-22,,,,35958.0,197838.0,,,,,
2020-01-23,,,,35805.0,155931.0,,,,,
2020-01-28,,,,33614.0,290169.0,,,,,
2020-01-29,,,,34328.0,157163.0,,,,,
2020-01-30,,,,33768.0,161014.0,,,,,
2020-01-31,,,,33105.0,149880.0,,,,,
2020-02-03,,,,33004.0,236026.0,,,,,
2020-02-04,,,,33309.0,157417.0,,,,,
2020-02-05,,,,33666.0,163242.0,,,,,
2020-02-06,,,,34889.0,164280.0,,,,,
2020-02-07,,,,34531.0,122800.0,,,,,
2020-02-10,,,,34582.0,95571.0,,,,,
2020-02-11,,,,34328.0,145470.0,,,,,
2020-02-12,,,,34481.0,127978.0,,,,,
2020-02-13,,,,34175.0,193652.0,,,,,
2020-02-14,,,,33921.0,157376.0,,,,,
2020-02-17,,,,33717.0,115312.0,,,,,
2020-02-18,,,,33208.0,149580.0,,,,,
2020-02-19,,,,33360.0,171672.0,,,,,
2020-02-20,,,,32749.0,153159.0,,,,,
2020-02-21,,,,32901.0,308238.0,,,,,
2020-02-24,,,,29744.0,668064.0,,,,,
2020-02-25,,,,30559.0,319923.0,,,,,
2020-02-26,,,,29744.0,259066.0,,,,,
2020-02-27,,,,29642.0,191017.0,,,,,
2020-02-28,,,,28012.0,489843.0,,,,,
2020-03-02,,,,28266.0,252795.0,,,,,
2020-03-03,,,,28266.0,237146.0,,,,,
2020-03-04,,,,28929.0,200365.0,,,,,
2020-03-05,,,,29489.0,217831.0,,,,,
2020-03-06,,,,28725.0,211960.0,,,,,
2020-03-09,,,,27248.0,351988.0,,,,,
2020-03-10,,,,26841.0,313436.0,,,,,
2020-03-11,,,,25975.0,254846.0,,,,,
2020-03-12,,,,24294.0,467940.0,,,,,
2020-03-13,,,,22461.0,783102.0,,,,,
2020-03-16,,,,21391.0,320403.0,,,,,
2020-03-17,,,,20576.0,371371.0,,,,,
2020-03-18,,,,18794.0,362916.0,,,,,
2020-03-19,,,,15992.0,693242.0,,,,,
2020-03-20,,,,17061.0,703989.0,,,,,
2020-03-23,,,,15279.0,454448.0,,,,,
2020-03-24,,,,16960.0,457388.0,,,,,
2020-03-25,,,,18539.0,642292.0,,,,,
2020-03-26,,,,19608.0,649940.0,,,,,
2020-03-27,,,,20168.0,526463.0,,,,,
2020-03-30,,,,20525.0,333661.0,,,,,
2020-03-31,,,,20932.0,361023.0,,,,,
2020-04-01,,,,20321.0,349900.0,,,,,
2020-04-02,,,,20321.0,291754.0,,,,,
2020-04-03,,,,19863.0,284531.0,,,,,
2020-04-06,,,,20525.0,255180.0,,,,,
2020-04-07,,,,22715.0,822293.0,,,,,
2020-04-08,,,,23377.0,495629.0,,,,,
2020-04-09,,,,23785.0,363825.0,,,,,
2020-04-10,,,,23683.0,257549.0,,,,,
2020-04-13,,,,22358.0,293706.0,,,,,
2020-04-14,,,,23377.0,311408.0,,,,,
2020-04-16,,,,22970.0,263945.0,,,,,
2020-04-17,,,,23581.0,297411.0,,,,,
2020-04-20,,,,23835.0,306481.0,,,,,
2020-04-21,,,,25110.0,5800417.0,,,,,
2020-04-22,,,,24599.0,1184674.0,,,,,
2020-04-23,,,,24702.0,596499.0,,,,,
2020-04-24,,,,26179.0,2808492.0,,,,,
2020-04-27,,,,26535.0,951685.0,,,,,
2020-04-28,,,,27910.0,2683851.0,,,,,
2020-04-29,,,,27401.0,788352.0,,,,,
2020-05-04,,,,24803.0,776795.0,,,,,
2020-05-06,,,,25058.0,372936.0,,,,,
2020-05-07,,,,25619.0,295798.0,,,,,
2020-05-08,,,,25466.0,266081.0,,,,,
2020-05-11,,,,24906.0,379337.0,,,,,
2020-05-12,,,,24090.0,468900.0,,,,,
2020-05-13,,,,24752.0,377417.0,,,,,
2020-05-14,,,,23683.0,485983.0,,,,,
2020-05-15,,,,23886.0,339576.0,,,,,
2020-05-18,,,,23530.0,216823.0,,,,,
2020-05-19,,,,24192.0,394340.0,,,,,
2020-05-20,,,,24243.0,237936.0,,,,,
2020-05-21,,,,24345.0,337469.0,,,,,
2020-05-22,,,,23632.0,408037.0,,,,,
2020-05-25,,,,23479.0,269707.0,,,,,
2020-05-26,,,,23938.0,324033.0,,,,,
2020-05-27,,,,24956.0,630926.0,,,,,
2020-05-28,,,,24447.0,775527.0,,,,,
2020-05-29,,,,24752.0,439136.0,,,,,
2020-06-01,,,,24956.0,347643.0,,,,,
2020-06-02,,,,24956.0,296702.0,,,,,
2020-06-03,,,,25619.0,703171.0,,,,,
2020-06-04,,,,25771.0,763730.0,,,,,
2020-06-05,,,,25924.0,311866.0,,,,,
2020-06-08,,,,25771.0,466094.0,,,,,
2020-06-09,,,,25975.0,1078241.0,,,,,
2020-06-10,,,,25516.0,386073.0,,,,,
2020-06-11,,,,25619.0,485074.0,,,,,
2020-06-12,,,,24956.0,467328.0,,,,,
2020-06-15,,,,26637.0,3676839.0,,,,,
2020-06-16,,,,26739.0,1945763.0,,,,,
2020-06-17,,,,30406.0,11506508.0,,,,,
2020-06-18,,,,29744.0,4751108.0,,,,,
2020-06-19,,,,27146.0,3688726.0,,,,,
2020-06-22,,,,26841.0,1115808.0,,,,,
2020-06-23,,,,26587.0,802292.0,,,,,
2020-06-24,,,,25110.0,1038584.0,,,,,
2020-06-25,,,,24549.0,393261.0,,,,,
2020-06-26,,,,25619.0,553900.0,,,,,
2020-06-29,,,,25058.0,308569.0,,,,,
2020-06-30,,,,25058.0,406712.0,,,,,
2020-07-01,,,,25160.0,313362.0,,,,,
2020-07-02,,,,25110.0,256222.0,,,,,
2020-07-03,,,,24906.0,279789.0,,,,,
2020-07-06,,,,25110.0,224104.0,,,,,
2020-07-07,,,,24803.0,318159.0,,,,,
2020-07-08,,,,24752.0,278148.0,,,,,
2020-07-09,,,,24498.0,289089.0,,,,,
2020-07-10,,,,23835.0,326517.0,,,,,
2020-07-13,,,,24243.0,195583.0,,,,,
2020-07-14,,,,24396.0,171415.0,,,,,
2020-07-15,,,,24803.0,250409.0,,,,,
2020-07-16,,,,24549.0,211023.0,,,,,
2020-07-17,,,,24294.0,179734.0,,,,,
2020-07-20,,,,24447.0,179720.0,,,,,
2020-07-21,,,,24651.0,253333.0,,,,,
2020-07-22,,,,25058.0,339693.0,,,,,
2020-07-23,,,,24752.0,205169.0,,,,,
2020-07-24,,,,24345.0,237653.0,,,,,
2020-07-27,,,,25466.0,1326987.0,,,,,
2020-07-28,,,,26076.0,870728.0,,,,,
2020-07-29,,,,26383.0,2097142.0,,,,,
2020-07-30,,,,25415.0,721464.0,,,,,
2020-07-31,,,,24752.0,475876.0,,,,,
2020-08-03,,,,24956.0,296210.0,,,,,
2020-08-04,,,,25669.0,311575.0,,,,,
2020-08-05,,,,26280.0,603980.0,,,,,
2020-08-06,,,,25873.0,410884.0,,,,,
2020-08-07,,,,26026.0,395619.0,,,,,
2020-08-10,,,,27350.0,1177933.0,,,,,
2020-08-11,,,,27910.0,728476.0,,,,,
2020-08-12,,,,27452.0,1053243.0,,,,,
2020-08-13,,,,27605.0,751671.0,,,,,
2020-08-14,,,,27605.0,678519.0,,,,,
2020-08-18,,,,26229.0,647711.0,,,,,
2020-08-19,,,,26179.0,379585.0,,,,,
2020-08-20,,,,25262.0,784436.0,,,,,
2020-08-21,,,,26179.0,762469.0,,,,,
2020-08-24,,,,26076.0,298646.0,,,,,
2020-08-25,,,,26789.0,377014.0,,,,,
2020-08-26,,,,26789.0,385713.0,,,,,
2020-08-27,,,,25975.0,349379.0,,,,,
2020-08-28,,,,26076.0,260448.0,,,,,
2020-08-31,,,,26280.0,292248.0,,,,,
2020-09-01,,,,27197.0,601379.0,,,,,
2020-09-02,,,,27299.0,342756.0,,,,,
2020-09-03,,,,29795.0,2671311.0,,,,,
2020-09-04,,,,29693.0,2079259.0,,,,,
2020-09-07,,,,29337.0,975554.0,,,,,
2020-09-08,,,,29744.0,667064.0,,,,,
2020-09-09,,,,28674.0,669525.0,,,,,
2020-09-10,,,,28878.0,470228.0,,,,,
2020-09-11,,,,28114.0,380287.0,,,,,
2020-09-14,,,,28674.0,376344.0,,,,,
2020-09-15,,,,28114.0,481735.0,,,,,
2020-09-16,,,,27605.0,966383.0,,,,,
2020-09-17,,,,27197.0,466301.0,,,,,
2020-09-18,,,,27503.0,276690.0,,,,,
2020-09-21,,,,26789.0,352473.0,,,,,
2020-09-22,,,,25822.0,454418.0,,,,,
2020-09-23,,,,26076.0,257330.0,,,,,
2020-09-24,,,,26026.0,425260.0,,,,,
2020-09-25,,,,25466.0,317938.0,,,,,
2020-09-28,,,,25516.0,203423.0,,,,,
2020-09-29,,,,25873.0,194021.0,,,,,
2020-10-05,,,,26892.0,242663.0,,,,,
2020-10-06,,,,26841.0,173549.0,,,,,
2020-10-07,,,,27350.0,242075.0,,,,,
2020-10-08,,,,26993.0,214520.0,,,,,
2020-10-12,,,,27401.0,228925.0,,,,,
2020-10-13,,,,27299.0,229124.0,,,,,
2020-10-14,,,,26739.0,181043.0,,,,,
2020-10-15,,,,26229.0,181379.0,,,,,
2020-10-16,,,,26332.0,146402.0,,,,,
2020-10-19,,,,26484.0,284560.0,,,,,
2020-10-20,,,,26229.0,212615.0,,,,,
2020-10-21,,,,26739.0,185441.0,,,,,
2020-10-22,,,,26433.0,132653.0,,,,,
2020-10-23,,,,27605.0,575038.0,,,,,
2020-10-26,,,,27096.0,365596.0,,,,,
2020-10-27,,,,26433.0,294253.0,,,,,
2020-10-28,,,,26637.0,186181.0,,,,,
2020-10-29,,,,26076.0,287027.0,,,,,
2020-10-30,,,,25567.0,231416.0,,,,,
2020-11-02,,,,25873.0,106749.0,,,,,
2020-11-03,,,,26229.0,119938.0,,,,,
2020-11-04,,,,26026.0,260005.0,,,,,
2020-11-05,,,,26587.0,267615.0,,,,,
2020-11-06,,,,26280.0,144013.0,,,,,
2020-11-09,,,,26841.0,270793.0,,,,,
2020-11-10,,,,28012.0,775222.0,,,,,
2020-11-11,,,,29031.0,865369.0,,,,,
2020-11-12,,,,27910.0,817330.0,,,,,
2020-11-13,,,,27554.0,324520.0,,,,,
2020-11-16,,,,28114.0,423681.0,,,,,
2020-11-17,,,,27961.0,323779.0,,,,,
2020-11-18,,,,27554.0,317822.0,,,,,
2020-11-19,,,,27197.0,242437.0,,,,,
2020-11-20,,,,27350.0,246233.0,,,,,
2020-11-23,,,,27910.0,382559.0,,,,,
2020-11-24,,,,27809.0,462582.0,,,,,
2020-11-25,,,,27605.0,487530.0,,,,,
2020-11-26,,,,27757.0,280918.0,,,,,
2020-11-27,,,,27401.0,182117.0,,,,,
2020-11-30,,,,26892.0,369514.0,,,,,
2020-12-01,,,,26841.0,231215.0,,,,,
2020-12-02,,,,27044.0,259405.0,,,,,
2020-12-03,,,,27350.0,262918.0,,,,,
2020-12-04,,,,27401.0,258784.0,,,,,
2020-12-07,,,,26688.0,388221.0,,,,,
2020-12-08,,,,26433.0,395125.0,,,,,
2020-12-09,,,,26943.0,344728.0,,,,,
2020-12-10,,,,27554.0,507560.0,,,,,
2020-12-11,,,,27656.0,547983.0,,,,,
2020-12-14,,,,27656.0,259669.0,,,,,
2020-12-15,,,,28573.0,868040.0,,,,,
2020-12-16,,,,29642.0,940017.0,,,,,
2020-12-17,,,,29133.0,577641.0,,,,,
2020-12-18,,,,29591.0,563753.0,,,,,
2020-12-21,,,,29234.0,320984.0,,,,,
2020-12-22,,,,28165.0,443250.0,,,,,
2020-12-23,,,,28216.0,393998.0,,,,,
2020-12-24,,,,28522.0,294067.0,,,,,
2020-12-28,,,,28929.0,427473.0,,,,,
2020-12-29,,,,28725.0,299274.0,,,,,
2020-12-30,,,,29031.0,314491.0,,,,,
2021-01-04,,,,30355.0,892111.0,,,,,
2021-01-05,,,,31272.0,878924.0,,,,,
2021-01-06,,,,30915.0,766858.0,,,,,
2021-01-07,,,,31374.0,542753.0,,,,,
2021-01-08,,,,33360.0,2028436.0,,,,,
2021-01-11,,,,32392.0,1591410.0,,,,,
2021-01-12,,,,34175.0,2210438.0,,,,,
2021-01-13,,,,33666.0,1201773.0,,,,,
2021-01-14,,,,33105.0,518136.0,,,,,
2021-01-15,,,,36620.0,3354696.0,,,,,
2021-01-18,,,,39421.0,4274518.0,,,,,
2021-01-19,,,,39880.0,1821216.0,,,,,
2021-01-20,,,,41866.0,2780511.0,,,,,
2021-01-21,,,,42884.0,2396094.0,,,,,
2021-01-22,,,,40643.0,1276271.0,,,,,
2021-01-25,,,,43852.0,1764683.0,,,,,
2021-01-26,,,,45431.0,2029811.0,,,,,
2021-01-27,,,,43394.0,1336546.0,,,,,
2021-01-28,,,,41306.0,1161049.0,,,,,
2021-01-29,,,,41407.0,2077172.0,,,,,
2021-02-01,,,,41662.0,951271.0,,,,,
2021-02-02,,,,42477.0,1541189.0,,,,,
2021-02-03,,,,43088.0,655237.0,,,,,
2021-02-04,,,,45074.0,2592617.0,,,,,
2021-02-05,,,,44361.0,928500.0,,,,,
2021-02-08,,,,43191.0,591945.0,,,,,
2021-02-09,,,,41611.0,797210.0,,,,,
2021-02-10,,,,44107.0,1327151.0,,,,,
2021-02-15,,,,45228.0,894423.0,,,,,
2021-02-16,,,,43700.0,631760.0,,,,,
2021-02-17,,,,42375.0,619759.0,,,,,
2021-02-18,,,,43241.0,911136.0,,,,,
2021-02-19,,,,42630.0,784033.0,,,,,
2021-02-22,,,,42324.0,492199.0,,,,,
2021-02-23,,,,41153.0,429083.0,,,,,
2021-02-24,,,,38810.0,992442.0,,,,,
2021-02-25,,,,39625.0,473062.0,,,,,
2021-02-26,,,,37588.0,995293.0,,,,,
2021-03-02,,,,38301.0,727404.0,,,,,
2021-03-03,,,,39065.0,544172.0,,,,,
2021-03-04,,,,38453.0,359221.0,,,,,
2021-03-05,,,,37689.0,460995.0,,,,,
2021-03-08,,,,38097.0,711670.0,,,,,
2021-03-09,,,,37588.0,392392.0,,,,,
2021-03-10,,,,37740.0,333473.0,,,,,
2021-03-11,,,,42019.0,1904798.0,,,,,
2021-03-12,,,,42019.0,749619.0,,,,,
2021-03-15,,,,42070.0,461599.0,,,,,
2021-03-16,,,,41459.0,452442.0,,,,,
2021-03-17,,,,42019.0,553064.0,,,,,
2021-03-18,,,,42630.0,590845.0,,,,,
2021-03-19,,,,42427.0,525095.0,,,,,
2021-03-22,,,,41560.0,436199.0,,,,,
2021-03-23,,,,39982.0,658594.0,,,,,
2021-03-24,,,,39982.0,332411.0,,,,,
2021-03-25,,,,39829.0,357243.0,,,,,
2021-03-26,,,,40746.0,853003.0,,,,,
2021-03-29,,,,41611.0,909999.0,,,,,
2021-03-30,,,,40439.0,1114493.0,,,,,
2021-03-31,,,,41662.0,916407.0,,,,,
2021-04-01,,,,41000.0,358622.0,,,,,
2021-04-02,,,,40643.0,288058.0,,,,,
2021-04-05,,,,41714.0,463436.0,,,,,
2021-04-06,,,,41051.0,289598.0,,,,,
2021-04-07,,,,40643.0,297744.0,,,,,
2021-04-08,,,,40439.0,352492.0,,,,,
2021-04-09,,,,40797.0,286150.0,,,,,
2021-04-12,,,,40643.0,372815.0,,,,,
2021-04-13,,,,41153.0,348713.0,,,,,
2021-04-14,,,,42070.0,1382674.0,,,,,
2021-04-15,,,,41459.0,298985.0,,,,,
2021-04-16,,,,41204.0,312817.0,,,,,
2021-04-19,,,,41102.0,380684.0,,,,,
2021-04-20,,,,41459.0,294010.0,,,,,
2021-04-21,,,,40185.0,687389.0,,,,,
2021-04-22,,,,40797.0,344758.0,,,,,
2021-04-23,,,,40643.0,387416.0,,,,,
2021-04-26,,,,40439.0,245391.0,,,,,
2021-04-27,,,,39574.0,470682.0,,,,,
2021-04-28,,,,38708.0,415156.0,,,,,
2021-04-29,,,,38657.0,204617.0,,,,,
2021-04-30,,,,39320.0,195343.0,,,,,
2021-05-03,,,,38148.0,316952.0,,,,,
2021-05-04,,,,37944.0,384405.0,,,,,
2021-05-06,,,,39880.0,531058.0,,,,,
2021-05-07,,,,41000.0,546364.0,,,,,
2021-05-10,,,,41255.0,417013.0,,,,,
2021-05-11,,,,41153.0,828915.0,,,,,
2021-05-12,,,,41510.0,1179975.0,,,,,
2021-05-13,,,,43037.0,1883928.0,,,,,
2021-05-14,,,,44056.0,1054604.0,,,,,
2021-05-17,,,,43191.0,691176.0,,,,,
2021-05-18,,,,44871.0,1103752.0,,,,,
2021-05-20,,,,43343.0,524898.0,,,,,
2021-05-21,,,,43496.0,482064.0,,,,,
2021-05-24,,,,44311.0,1592016.0,,,,,
2021-05-25,,,,49862.0,5806488.0,,,,,
2021-05-26,,,,49964.0,1781968.0,,,,,
2021-05-27,,,,48131.0,977699.0,,,,,
2021-05-28,,,,48232.0,709710.0,,,,,
2021-05-31,,,,47672.0,696991.0,,,,,
2021-06-01,,,,49557.0,1060642.0,,,,,
2021-06-02,,,,48487.0,704180.0,,,,,
2021-06-03,,,,47774.0,472187.0,,,,,
2021-06-04,,,,47418.0,467172.0,,,,,
2021-06-07,,,,48487.0,664359.0,,,,,
2021-06-08,,,,50372.0,2065002.0,,,,,
2021-06-09,,,,51034.0,731176.0,,,,,
2021-06-10,,,,49709.0,719604.0,,,,,
2021-06-11,,,,49913.0,411565.0,,,,,
2021-06-14,,,,49099.0,358652.0,,,,,
2021-06-15,,,,48945.0,310404.0,,,,,
2021-06-16,,,,48844.0,328621.0,,,,,
2021-06-17,,,,47214.0,788441.0,,,,,
2021-06-18,,,,49506.0,833164.0,,,,,
2021-06-21,,,,47825.0,526051.0,,,,,
2021-06-22,,,,48335.0,283336.0,,,,,
2021-06-23,,,,47367.0,471054.0,,,,,
2021-06-24,,,,47672.0,256543.0,,,,,
2021-06-25,,,,47316.0,382265.0,,,,,
2021-06-28,,,,47418.0,615690.0,,,,,
2021-06-29,,,,48232.0,405490.0,,,,,
2021-06-30,,,,47876.0,324360.0,,,,,
2021-07-01,,,,48029.0,386951.0,,,,,
2021-07-02,,,,49353.0,786854.0,,,,,
2021-07-05,,,,54497.0,3163621.0,,,,,
2021-07-06,,,,55312.0,1257670.0,,,,,
2021-07-07,,,,55516.0,756859.0,,,,,
2021-07-08,,,,51747.0,1309625.0,,,,,
2021-07-09,,,,52256.0,870984.0,,,,,
2021-07-12,,,,52154.0,547983.0,,,,,
2021-07-13,,,,52460.0,471271.0,,,,,
2021-07-14,,,,51339.0,331506.0,,,,,
2021-07-15,,,,51645.0,432555.0,,,,,
2021-07-16,,,,52460.0,515410.0,,,,,
2021-07-19,,,,52562.0,602782.0,,,,,
2021-07-20,,,,52562.0,385245.0,,,,,
2021-07-21,,,,51849.0,490405.0,,,,,
2021-07-22,,,,53174.0,464576.0,,,,,
2021-07-23,,,,52766.0,351858.0,,,,,
2021-07-26,,,,51849.0,296431.0,,,,,
2021-07-27,,,,51849.0,284850.0,,,,,
2021-07-28,,,,51034.0,351207.0,,,,,
2021-07-29,,,,52562.0,640698.0,,,,,
2021-07-30,,,,52766.0,288183.0,,,,,
2021-08-02,,,,55007.0,1024629.0,,,,,
2021-08-03,,,,55007.0,629541.0,,,,,
2021-08-04,,,,56128.0,880388.0,,,,,
2021-08-05,,,,54497.0,683706.0,,,,,
2021-08-06,,,,53275.0,901554.0,,,,,
2021-08-09,,,,52562.0,419323.0,,,,,
2021-08-10,,,,52970.0,294283.0,,,,,
2021-08-11,,,,51442.0,874924.0,,,,,
2021-08-12,,,,52664.0,756283.0,,,,,
2021-08-13,,,,52358.0,379134.0,,,,,
2021-08-17,,,,50932.0,438923.0,,,,,
2021-08-18,,,,51339.0,357459.0,,,,,
2021-08-19,,,,48742.0,720120.0,,,,,
2021-08-20,,,,48232.0,442858.0,,,,,
2021-08-23,,,,48691.0,348386.0,,,,,
2021-08-24,,,,49200.0,280162.0,,,,,
2021-08-25,,,,49353.0,242102.0,,,,,
2021-08-26,,,,48844.0,319905.0,,,,,
2021-08-27,,,,49200.0,226427.0,,,,,
2021-08-30,,,,51136.0,538389.0,,,,,
2021-08-31,,,,51849.0,388246.0,,,,,
2021-09-01,,,,51339.0,214954.0,,,,,
2021-09-02,,,,52664.0,555371.0,,,,,
2021-09-03,,,,51849.0,344735.0,,,,,
2021-09-06,,,,52154.0,179238.0,,,,,
2021-09-07,,,,51747.0,167421.0,,,,,
2021-09-08,,,,51747.0,199084.0,,,,,
2021-09-09,,,,50677.0,349685.0,,,,,
2021-09-10,,,,50729.0,230445.0,,,,,
2021-09-13,,,,50168.0,208918.0,,,,,
2021-09-14,,,,51442.0,212748.0,,,,,
2021-09-15,,,,51543.0,186250.0,,,,,
2021-09-16,,,,51136.0,198817.0,,,,,
2021-09-17,,,,52053.0,484968.0,,,,,
2021-09-23,,,,52867.0,534037.0,,,,,
2021-09-24,,,,52562.0,419705.0,,,,,
2021-09-27,,,,52358.0,311801.0,,,,,
2021-09-28,,,,51543.0,437840.0,,,,,
2021-09-29,,,,49302.0,813931.0,,,,,
2021-09-30,,,,51136.0,492671.0,,,,,
2021-10-01,,,,52970.0,1061835.0,,,,,
2021-10-05,,,,53174.0,620283.0,,,,,
2021-10-06,,,,49048.0,1116664.0,,,,,
2021-10-07,,,,50626.0,459731.0,,,,,
2021-10-08,,,,49709.0,344438.0,,,,,
2021-10-12,,,,51543.0,492435.0,,,,,
2021-10-13,,,,51645.0,307131.0,,,,,
2021-10-14,,,,51238.0,433347.0,,,,,
2021-10-15,,,,51034.0,518504.0,,,,,
2021-10-18,,,,52358.0,562164.0,,,,,
2021-10-19,,,,51849.0,574199.0,,,,,
2021-10-20,,,,48996.0,1588474.0,,,,,
2021-10-21,,,,50220.0,1968617.0,,,,,
2021-10-22,,,,47978.0,1916798.0,,,,,
2021-10-25,,,,47519.0,495218.0,,,,,
2021-10-26,,,,47265.0,454282.0,,,,,
2021-10-27,,,,45737.0,790850.0,,,,,
2021-10-28,,,,46195.0,507361.0,,,,,
2021-10-29,,,,45839.0,312315.0,,,,,
2021-11-01,,,,44668.0,373996.0,,,,,
2021-11-02,,,,44871.0,193476.0,,,,,
2021-11-03,,,,43852.0,423381.0,,,,,
2021-11-04,,,,43088.0,644490.0,,,,,
2021-11-05,,,,42936.0,343516.0,,,,,
2021-11-08,,,,43241.0,282586.0,,,,,
2021-11-09,,,,43343.0,232117.0,,,,,
2021-11-10,,,,41662.0,436594.0,,,,,
2021-11-11,,,,41204.0,436686.0,,,,,
2021-11-12,,,,41815.0,317920.0,,,,,
2021-11-15,,,,42732.0,393710.0,,,,,
2021-11-16,,,,42783.0,480405.0,,,,,
2021-11-17,,,,43597.0,472995.0,,,,,
2021-11-18,,,,44260.0,803144.0,,,,,
2021-11-19,,,,44617.0,305947.0,,,,,
2021-11-22,,,,43700.0,372079.0,,,,,
2021-11-23,,,,45024.0,318105.0,,,,,
2021-11-24,,,,44718.0,314658.0,,,,,
2021-11-25,,,,45228.0,272103.0,,,,,
2021-11-26,,,,43852.0,289302.0,,,,,
2021-11-29,,,,43088.0,282670.0,,,,,
2021-11-30,,,,41407.0,400513.0,,,,,
2021-12-01,,,,42630.0,263075.0,,,,,
2021-12-02,,,,44056.0,290673.0,,,,,
2021-12-03,,,,44056.0,198894.0,,,,,
2021-12-06,,,,44922.0,313957.0,,,,,
2021-12-07,,,,45635.0,302810.0,,,,,
2021-12-08,,,,45177.0,396588.0,,,,,
2021-12-09,,,,48131.0,903936.0,,,,,
2021-12-10,,,,47774.0,909171.0,,,,,
2021-12-13,,,,48284.0,1099284.0,,,,,
2021-12-14,,,,47214.0,526257.0,,,,,
2021-12-15,,,,46908.0,302607.0,,,,,
2021-12-16,,,,46603.0,342936.0,,,,,
2021-12-17,,,,48029.0,396104.0,,,,,
2021-12-20,,,,46858.0,233022.0,,,,,
2021-12-21,,,,46755.0,189773.0,,,,,
2021-12-22,,,,46654.0,166641.0,,,,,
2021-12-23,,,,46959.0,215113.0,,,,,
2021-12-24,,,,47622.0,255853.0,,,,,
2021-12-27,,,,47825.0,278533.0,,,,,
2021-12-28,,,,47876.0,277076.0,,,,,
2021-12-29,,,,49149.0,552859.0,,,,,
2021-12-30,,,,48895.0,352782.0,,,,,
2022-01-03,,,,50525.0,567626.0,,,,,
2022-01-04,,,,51339.0,620463.0,,,,,
2022-01-05,,,,51849.0,656743.0,,,,,
2022-01-06,,,,50321.0,545618.0,,,,,
2022-01-07,,,,51034.0,352951.0,,,,,
2022-01-10,,,,52053.0,554097.0,,,,,
2022-01-11,,,,51136.0,406193.0,,,,,
2022-01-12,,,,51339.0,231181.0,,,,,
2022-01-13,,,,53479.0,1045981.0,,,,,
2022-01-14,,,,53887.0,456718.0,,,,,
2022-01-17,,,,53479.0,751890.0,,,,,
2022-01-18,,,,52970.0,510250.0,,,,,
2022-01-19,,,,52460.0,385208.0,,,,,
2022-01-20,,,,54803.0,859339.0,,,,,
2022-01-21,,,,54497.0,557652.0,,,,,
2022-01-24,,,,49252.0,1480105.0,,,,,
2022-01-25,,,,49404.0,650802.0,,,,,
2022-01-26,,,,49506.0,420178.0,,,,,
2022-01-27,,,,47723.0,509962.0,,,,,
2022-01-28,,,,48691.0,493674.0,,,,,
2022-02-03,,,,48436.0,1071994.0,,,,,
2022-02-04,,,,49048.0,373734.0,,,,,
2022-02-07,,,,51339.0,1057699.0,,,,,
2022-02-08,,,,51034.0,389262.0,,,,,
2022-02-09,,,,50066.0,310712.0,,,,,
2022-02-10,,,,49709.0,308883.0,,,,,
2022-02-11,,,,48589.0,295103.0,,,,,
2022-02-14,,,,47265.0,433234.0,,,,,
2022-02-15,,,,46246.0,285553.0,,,,,
2022-02-16,,,,46807.0,230119.0,,,,,
2022-02-17,,,,48182.0,444869.0,,,,,
2022-02-18,,,,48131.0,230080.0,,,,,
2022-02-21,,,,48029.0,207093.0,,,,,
2022-02-22,,,,46145.0,446619.0,,,,,
2022-02-23,,,,47163.0,211128.0,,,,,
2022-02-24,,,,46450.0,324841.0,,,,,
2022-02-25,,,,49812.0,623915.0,,,,,
2022-02-28,,,,52970.0,2021128.0,,,,,
2022-03-02,,,,55516.0,1576055.0,,,,,
2022-03-03,,,,54905.0,765287.0,,,,,
2022-03-04,,,,57350.0,1277718.0,,,,,
2022-03-07,,,,56128.0,1201391.0,,,,,
2022-03-08,,,,54293.0,811048.0,,,,,
2022-03-10,,,,54905.0,798870.0,,,,,
2022-03-11,,,,55821.0,525342.0,,,,,
2022-03-14,,,,55720.0,470113.0,,,,,
2022-03-15,,,,53071.0,528818.0,,,,,
2022-03-16,,,,53174.0,539043.0,,,,,
2022-03-17,,,,51543.0,1179181.0,,,,,
2022-03-18,,,,52358.0,693302.0,,,,,
2022-03-21,,,,52766.0,488726.0,,,,,
2022-03-22,,,,54701.0,1129856.0,,,,,
2022-03-23,,,,54599.0,410539.0,,,,,
2022-03-24,,,,55414.0,360736.0,,,,,
2022-03-25,,,,56534.0,772874.0,,,,,
2022-03-28,,,,56534.0,356284.0,,,,,
2022-03-29,,,,52970.0,893422.0,,,,,
2022-03-30,,,,54396.0,439870.0,,,,,
2022-03-31,,,,53174.0,472830.0,,,,,
2022-04-01,,,,53174.0,387324.0,,,,,
2022-04-04,,,,53683.0,187353.0,,,,,
2022-04-05,,,,52256.0,488144.0,,,,,
2022-04-06,,,,52867.0,429045.0,,,,,
2022-04-07,,,,51339.0,386998.0,,,,,
2022-04-08,,,,51645.0,218874.0,,,,,
2022-04-11,,,,51951.0,161673.0,,,,,
2022-04-12,,,,51747.0,167975.0,,,,,
2022-04-13,,,,53479.0,443089.0,,,,,
2022-04-14,,,,52970.0,217875.0,,,,,
2022-04-15,,,,54192.0,429757.0,,,,,
2022-04-18,,,,55210.0,335838.0,,,,,
2022-04-19,,,,55007.0,241787.0,,,,,
2022-04-20,,,,53784.0,280326.0,,,,,
2022-04-21,,,,53988.0,173933.0,,,,,
2022-04-22,,,,53376.0,192829.0,,,,,
2022-04-25,,,,52664.0,238852.0,,,,,
2022-04-26,,,,53479.0,263396.0,,,,,
2022-04-27,,,,53376.0,296286.0,,,,,
2022-04-28,,,,53988.0,263027.0,,,,,
2022-04-29,,,,54293.0,363885.0,,,,,
2022-05-02,,,,55516.0,827292.0,,,,,
2022-05-03,,,,57044.0,630553.0,,,,,
2022-05-04,,,,58063.0,619953.0,,,,,
2022-05-06,,,,58063.0,341512.0,,,,,
2022-05-09,,,,57146.0,384188.0,,,,,
2022-05-10,,,,56433.0,422588.0,,,,,
2022-05-11,,,,53580.0,491269.0,,,,,
2022-05-12,,,,53174.0,335244.0,,,,,
2022-05-13,,,,53887.0,184046.0,,,,,
2022-05-16,,,,53275.0,236431.0,,,,,
2022-05-17,,,,53275.0,205422.0,,,,,
2022-05-18,,,,52562.0,258709.0,,,,,
2022-05-19,,,,51747.0,271122.0,,,,,
2022-05-20,,,,52154.0,246319.0,,,,,
2022-05-23,,,,53071.0,245193.0,,,,,
2022-05-24,,,,51951.0,214437.0,,,,,
2022-05-25,,,,52562.0,309246.0,,,,,
2022-05-26,,,,54192.0,425751.0,,,,,
2022-05-27,,,,53275.0,244629.0,,,,,
2022-05-30,,,,54803.0,304271.0,,,,,
2022-05-31,,,,54905.0,228694.0,,,,,
2022-06-02,,,,56942.0,671446.0,,,,,
2022-06-03,,,,57146.0,314682.0,,,,,
2022-06-07,,,,58063.0,669519.0,,,,,
2022-06-08,,,,58267.0,391393.0,,,,,
2022-06-09,,,,60304.0,867765.0,,,,,
2022-06-10,,,,60201.0,845196.0,,,,,
2022-06-13,,,,58776.0,672837.0,,,,,
2022-06-14,,,,57961.0,598129.0,,,,,
2022-06-15,,,,54497.0,837309.0,,,,,
2022-06-16,,,,53376.0,806427.0,,,,,
2022-06-17,,,,52154.0,541921.0,,,,,
2022-06-20,,,,52256.0,637923.0,,,,,
2022-06-21,,,,52664.0,893869.0,,,,,
2022-06-22,,,,47672.0,1198161.0,,,,,
2022-06-23,,,,45737.0,769688.0,,,,,
2022-06-24,,,,47825.0,605153.0,,,,,
2022-06-27,,,,48691.0,330762.0,,,,,
2022-06-28,,,,50270.0,385444.0,,,,,
2022-06-29,,,,50422.0,433876.0,,,,,
2022-06-30,,,,49608.0,275851.0,,,,,
2022-07-01,,,,51339.0,545254.0,,,,,
2022-07-04,,,,47825.0,539703.0,,,,,
2022-07-05,,,,46858.0,757305.0,,,,,
2022-07-06,,,,44871.0,542892.0,,,,,
2022-07-07,,,,45431.0,318878.0,,,,,
2022-07-08,,,,45431.0,313056.0,,,,,
2022-07-11,,,,44922.0,254445.0,,,,,
2022-07-12,,,,43139.0,356871.0,,,,,
2022-07-13,,,,42427.0,424562.0,,,,,
2022-07-14,,,,44107.0,488777.0,,,,,
2022-07-15,,,,44056.0,382769.0,,,,,
2022-07-18,,,,45126.0,315559.0,,,,,
2022-07-19,,,,46603.0,688155.0,,,,,
2022-07-20,,,,46654.0,503331.0,,,,,
2022-07-21,,,,46501.0,230950.0,,,,,
2022-07-22,,,,50830.0,1286104.0,,,,,
2022-07-25,,,,52664.0,1049729.0,,,,,
2022-07-26,,,,52460.0,622077.0,,,,,
2022-07-27,,,,53174.0,575714.0,,,,,
2022-07-28,,,,54701.0,955457.0,,,,,
2022-07-29,,,,65601.0,10426643.0,,,,,
2022-08-01,,,,65703.0,2512463.0,,,,,
2022-08-02,,,,64786.0,4074325.0,,,,,
2022-08-03,,,,63971.0,1823271.0,,,,,
2022-08-04,,,,62953.0,1438366.0,,,,,
2022-08-05,,,,64990.0,1852705.0,,,,,
2022-08-08,,,,70898.0,3948345.0,,,,,
2022-08-09,,,,71305.0,2991931.0,,,,,
2022-08-10,,,,72018.0,1422749.0,,,,,
2022-08-11,,,,72018.0,1106799.0,,,,,
2022-08-12,,,,71611.0,898201.0,,,,,
2022-08-16,,,,72018.0,1365268.0,,,,,
2022-08-17,,,,70491.0,1136339.0,,,,,
2022-08-18,,,,72732.0,1408313.0,,,,,
2022-08-19,,,,71917.0,703052.0,,,,,
2022-08-22,,,,71611.0,845461.0,,,,,
2022-08-23,,,,73750.0,2068389.0,,,,,
2022-08-24,,,,77213.0,2969640.0,,,,,
2022-08-25,,,,75686.0,1404034.0,,,,,
2022-08-26,,,,79862.0,2313564.0,,,,,
2022-08-29,,,,81084.0,2114375.0,,,,,
2022-08-30,,,,78334.0,1424114.0,,,,,
2022-08-31,,,,82918.0,2667745.0,,,,,
2022-09-01,,,,81288.0,2147404.0,,,,,
2022-09-02,,,,82103.0,1372776.0,,,,,
2022-09-05,,,,85669.0,2026692.0,,,,,
2022-09-06,,,,86992.0,1366736.0,,,,,
2022-09-07,,,,83937.0,2075734.0,,,,,
2022-09-08,,,,83121.0,1928290.0,,,,,
2022-09-13,,,,79047.0,3430110.0,,,,,
2022-09-14,,,,79964.0,1739194.0,,,,,
2022-09-15,,,,80167.0,1745935.0,,,,,
2022-09-16,,,,75787.0,1942107.0,,,,,
2022-09-19,,,,75176.0,1395026.0,,,,,
2022-09-20,,,,75991.0,1096451.0,,,,,
2022-09-21,,,,75176.0,1190618.0,,,,,
2022-09-22,,,,77825.0,1958186.0,,,,,
2022-09-23,,,,75482.0,1092158.0,,,,,
2022-09-26,,,,67333.0,3814789.0,,,,,
2022-09-27,,,,66212.0,2633227.0,,,,,
2022-09-28,,,,63767.0,2136725.0,,,,,
2022-09-29,,,,62953.0,1564852.0,,,,,
2022-09-30,,,,62646.0,1582828.0,,,,,
2022-10-04,,,,63971.0,2235241.0,,,,,
2022-10-05,,,,63156.0,1334432.0,,,,,
2022-10-06,,,,62850.0,808609.0,,,,,
2022-10-07,,,,60508.0,2239703.0,,,,,
2022-10-11,,,,58776.0,1410749.0,,,,,
2022-10-12,,,,58572.0,1298744.0,,,,,
2022-10-13,,,,53580.0,1906668.0,,,,,
2022-10-14,,,,57757.0,1729375.0,,,,,
2022-10-17,,,,58267.0,1688378.0,,,,,
2022-10-18,,,,60508.0,1516126.0,,,,,
2022-10-19,,,,60508.0,1621986.0,,,,,
2022-10-20,,,,61221.0,1659139.0,,,,,
2022-10-21,,,,60100.0,698171.0,,,,,
2022-10-24,,,,62646.0,1437936.0,,,,,
2022-10-25,,,,62137.0,876731.0,,,,,
2022-10-26,,,,62850.0,860862.0,,,,,
2022-10-27,,,,63869.0,879691.0,,,,,
2022-10-28,,,,64990.0,1135540.0,,,,,
2022-10-31,,,,67537.0,1783659.0,,,,,
2022-11-01,,,,69471.0,1026551.0,,,,,
2022-11-02,,,,71917.0,1775363.0,,,,,
2022-11-03,,,,73241.0,1056198.0,,,,,
2022-11-04,,,,76399.0,1406294.0,,,,,
2022-11-07,,,,72324.0,2735132.0,,,,,
2022-11-08,,,,75176.0,1176669.0,,,,,
2022-11-09,,,,74463.0,794447.0,,,,,
2022-11-10,,,,74463.0,705853.0,,,,,
2022-11-11,,,,74463.0,1051471.0,,,,,
2022-11-14,,,,72222.0,896351.0,,,,,
2022-11-15,,,,72018.0,703411.0,,,,,
2022-11-16,,,,71305.0,1026489.0,,,,,
2022-11-17,,,,69574.0,795466.0,,,,,
2022-11-18,,,,72732.0,1393037.0,,,,,
2022-11-21,,,,73445.0,1169702.0,,,,,
2022-11-22,,,,74158.0,679694.0,,,,,
2022-11-23,,,,72324.0,799293.0,,,,,
2022-11-24,,,,73445.0,520673.0,,,,,
2022-11-25,,,,72833.0,413614.0,,,,,
2022-11-28,,,,72833.0,844359.0,,,,,
2022-11-29,,,,74769.0,1038446.0,,,,,
2022-11-30,,,,73954.0,695971.0,,,,,
2022-12-01,,,,73546.0,513897.0,,,,,
2022-12-02,,,,73342.0,783180.0,,,,,
2022-12-05,,,,69879.0,999000.0,,,,,
2022-12-06,,,,69370.0,531078.0,,,,,
2022-12-07,,,,68351.0,506624.0,,,,,
2022-12-08,,,,67740.0,568951.0,,,,,
2022-12-09,,,,67537.0,525120.0,,,,,
2022-12-12,,,,69370.0,549139.0,,,,,
2022-12-13,,,,70898.0,492016.0,,,,,
2022-12-14,,,,71305.0,289474.0,,,,,
2022-12-15,,,,72629.0,620580.0,,,,,
2022-12-16,,,,71815.0,488231.0,,,,,
2022-12-19,,,,73037.0,428316.0,,,,,
2022-12-20,,,,73649.0,672179.0,,,,,
2022-12-21,,,,73649.0,381238.0,,,,,
2022-12-22,,,,73037.0,474689.0,,,,,
2022-12-23,,,,71509.0,529267.0,,,,,
2022-12-26,,,,73241.0,480441.0,,,,,
2022-12-27,,,,76195.0,928141.0,,,,,
2022-12-28,,,,74259.0,692299.0,,,,,
2022-12-29,,,,74972.0,581093.0,,,,,
2023-01-02,,,,74972.0,678381.0,,,,,
2023-01-03,,,,72732.0,835625.0,,,,,
2023-01-04,,,,73139.0,545197.0,,,,,
2023-01-05,,,,68046.0,1488670.0,,,,,
2023-01-06,,,,68249.0,518811.0,,,,,
2023-01-09,,,,69268.0,515392.0,,,,,
2023-01-10,,,,69268.0,499677.0,,,,,
2023-01-11,,,,74972.0,1614920.0,,,,,
2023-01-12,,,,80167.0,1750588.0,,,,,
2023-01-13,,,,81696.0,1238266.0,,,,,
2023-01-16,,,,82307.0,1218041.0,,,,,
2023-01-17,,,,82409.0,1084615.0,,,,,
2023-01-18,,,,78640.0,1074535.0,,,,,
2023-01-19,,,,76908.0,751190.0,,,,,
2023-01-20,,,,77519.0,710428.0,,,,,
2023-01-25,,,,75991.0,833472.0,,,,,
2023-01-26,,,,79047.0,888082.0,,,,,
2023-01-27,,,,78945.0,617044.0,,,,,
2023-01-30,,,,78538.0,1117910.0,,,,,
2023-01-31,,,,81899.0,960514.0,,,,,
2023-02-01,,,,82307.0,756845.0,,,,,
2023-02-02,,,,82001.0,622358.0,,,,,
2023-02-03,,,,82918.0,685833.0,,,,,
2023-02-06,,,,84955.0,1047985.0,,,,,
2023-02-07,,,,84955.0,762631.0,,,,,
2023-02-08,,,,85465.0,436732.0,,,,,
2023-02-09,,,,86178.0,665326.0,,,,,
2023-02-10,,,,89540.0,1224175.0,,,,,
2023-02-13,,,,89132.0,675364.0,,,,,
2023-02-14,,,,90659.0,761205.0,,,,,
2023-02-15,,,,88724.0,635938.0,,,,,
2023-02-16,,,,89336.0,570376.0,,,,,
2023-02-17,,,,89845.0,454776.0,,,,,
2023-02-20,,,,89030.0,530364.0,,,,,
2023-02-21,,,,89437.0,450245.0,,,,,
2023-02-22,,,,88215.0,1043667.0,,,,,
2023-02-23,,,,90659.0,493955.0,,,,,
2023-02-24,,,,93920.0,941718.0,,,,,
2023-02-27,,,,90659.0,1201665.0,,,,,
2023-02-28,,,,91679.0,680803.0,,,,,
2023-03-02,,,,92595.0,571142.0,,,,,
2023-03-03,,,,95448.0,723345.0,,,,,
2023-03-06,,,,98198.0,714412.0,,,,,
2023-03-07,,,,99115.0,475484.0,,,,,
2023-03-08,,,,98096.0,467240.0,,,,,
2023-03-09,,,,99013.0,469572.0,,,,,
2023-03-10,,,,97383.0,435307.0,,,,,
2023-03-13,,,,97383.0,597954.0,,,,,
2023-03-14,,,,96771.0,591656.0,,,,,
2023-03-15,,,,101152.0,728402.0,,,,,
2023-03-16,,,,97587.0,780609.0,,,,,
2023-03-17,,,,96874.0,813805.0,,,,,
2023-03-20,,,,97485.0,530331.0,,,,,
2023-03-21,,,,99216.0,484366.0,,,,,
2023-03-22,,,,92595.0,2113019.0,,,,,
2023-03-23,,,,93817.0,859789.0,,,,,
2023-03-24,,,,93411.0,618642.0,,,,,
2023-03-27,,,,94633.0,580056.0,,,,,
2023-03-28,,,,97078.0,681310.0,,,,,
2023-03-29,,,,96568.0,378633.0,,,,,
2023-03-30,,,,98402.0,610725.0,,,,,
2023-03-31,,,,101050.0,729625.0,,,,,
2023-04-03,,,,104513.0,635888.0,,,,,
2023-04-04,,,,109505.0,1012692.0,,,,,
2023-04-05,,,,114089.0,1303167.0,,,,,
2023-04-06,,,,115312.0,622334.0,,,,,
2023-04-07,,,,112969.0,619007.0,,,,,
2023-04-10,,,,119488.0,908666.0,,,,,
2023-04-11,,,,114599.0,1224442.0,,,,,
2023-04-12,,,,114700.0,766037.0,,,,,
2023-04-13,,,,113886.0,711685.0,,,,,
2023-04-14,,,,109811.0,1035279.0,,,,,
2023-04-17,,,,112357.0,643694.0,,,,,
2023-04-18,,,,110932.0,559445.0,,,,,
2023-04-19,,,,110320.0,536556.0,,,,,
2023-04-20,,,,109709.0,1036683.0,,,,,
2023-04-21,,,,108487.0,614883.0,,,,,
2023-04-24,,,,108283.0,1693728.0,,,,,
2023-04-25,,,,112561.0,1748255.0,,,,,
2023-04-26,,,,109912.0,1477755.0,,,,,
2023-04-27,,,,113070.0,1958575.0,,,,,
2023-04-28,,,,104616.0,1896604.0,,,,,
2023-05-02,,,,109607.0,1146618.0,,,,,
2023-05-03,,,,108894.0,721049.0,,,,,
2023-05-04,,,,107061.0,567904.0,,,,,
2023-05-08,,,,106958.0,433088.0,,,,,
2023-05-09,,,,103903.0,574291.0,,,,,
2023-05-10,,,,105023.0,423641.0,,,,,
2023-05-11,,,,108487.0,811044.0,,,,,
2023-05-12,,,,104921.0,878863.0,,,,,
2023-05-15,,,,105532.0,378928.0,,,,,
2023-05-16,,,,105430.0,339535.0,,,,,
2023-05-17,,,,106041.0,505039.0,,,,,
2023-05-18,,,,105838.0,522394.0,,,,,
2023-05-19,,,,108894.0,636256.0,,,,,
2023-05-22,,,,113070.0,978826.0,,,,,
2023-05-23,,,,112969.0,613237.0,,,,,
2023-05-24,,,,112765.0,524460.0,,,,,
2023-05-25,,,,110015.0,485602.0,,,,,
2023-05-26,,,,108487.0,644844.0,,,,,
2023-05-30,,,,107570.0,598948.0,,,,,
2023-05-31,,,,108079.0,3723125.0,,,,,
2023-06-01,,,,110015.0,724710.0,,,,,
2023-06-02,,,,112866.0,636594.0,,,,,
2023-06-05,,,,111237.0,366885.0,,,,,
2023-06-07,,,,109811.0,506033.0,,,,,
2023-06-08,,,,110219.0,453165.0,,,,,
2023-06-09,,,,109098.0,413499.0,,,,,
2023-06-12,,,,110219.0,625901.0,,,,,
2023-06-13,,,,112052.0,848981.0,,,,,
2023-06-14,,,,112765.0,547587.0,,,,,
2023-06-15,,,,113478.0,710441.0,,,,,
2023-06-16,,,,118979.0,1131819.0,,,,,
2023-06-19,,,,139861.0,3386670.0,,,,,
2023-06-20,,,,145158.0,2123477.0,,,,,
2023-06-21,,,,141389.0,1550788.0,,,,,
2023-06-22,,,,140269.0,935182.0,,,,,
2023-06-23,,,,136907.0,645094.0,,,,,
2023-06-26,,,,134054.0,679216.0,,,,,
2023-06-27,,,,132935.0,445664.0,,,,,
2023-06-28,,,,130082.0,493707.0,,,,,
2023-06-29,,,,127536.0,682025.0,,,,,
2023-06-30,,,,129777.0,606395.0,,,,,
2023-07-03,,,,132527.0,537636.0,,,,,
2023-07-04,,,,134157.0,509980.0,,,,,
2023-07-05,,,,135175.0,426893.0,,,,,
2023-07-06,,,,134054.0,392366.0,,,,,
2023-07-07,,,,133953.0,349810.0,,,,,
2023-07-10,,,,134258.0,545109.0,,,,,
2023-07-11,,,,143834.0,1082921.0,,,,,
2023-07-12,,,,139760.0,556428.0,,,,,
2023-07-13,,,,143834.0,571105.0,,,,,
2023-07-14,,,,138333.0,606942.0,,,,,
2023-07-17,,,,133444.0,567196.0,,,,,
2023-07-18,,,,130694.0,478847.0,,,,,
2023-07-19,,,,130286.0,377642.0,,,,,
2023-07-20,,,,130286.0,311424.0,,,,,
2023-07-21,,,,130694.0,279574.0,,,,,
2023-07-24,,,,131508.0,558608.0,,,,,
2023-07-25,,,,135481.0,638960.0,,,,,
2023-07-26,,,,129165.0,863968.0,,,,,
2023-07-27,,,,126619.0,3591339.0,,,,,
2023-07-28,,,,117654.0,1471169.0,,,,,
2023-07-31,,,,124479.0,1208611.0,,,,,
2023-08-01,,,,123766.0,543826.0,,,,,
2023-08-02,,,,123053.0,731339.0,,,,,
2023-08-03,,,,121220.0,469073.0,,,,,
2023-08-04,,,,121831.0,309739.0,,,,,
2023-08-07,,,,123155.0,459258.0,,,,,
2023-08-08,,,,120914.0,462493.0,,,,,
2023-08-09,,,,120201.0,338256.0,,,,,
2023-08-10,,,,116840.0,439706.0,,,,,
2023-08-11,,,,118673.0,307534.0,,,,,
2023-08-14,,,,115821.0,332217.0,,,,,
2023-08-16,,,,111237.0,505875.0,,,,,
2023-08-17,,,,110116.0,568029.0,,,,,
2023-08-18,,,,109607.0,452583.0,,,,,
2023-08-21,,,,110932.0,295523.0,,,,,
2023-08-22,,,,110932.0,437749.0,,,,,
2023-08-23,,,,114395.0,428228.0,,,,,
2023-08-24,,,,112765.0,488470.0,,,,,
2023-08-25,,,,112052.0,261832.0,,,,,
2023-08-28,,,,115210.0,259551.0,,,,,
2023-08-29,,,,115413.0,279623.0,,,,,
2023-08-30,,,,117349.0,340541.0,,,,,
2023-08-31,,,,116330.0,450644.0,,,,,
2023-09-01,,,,116737.0,370577.0,,,,,
2023-09-04,,,,116636.0,228244.0,,,,,
2023-09-05,,,,116840.0,224992.0,,,,,
2023-09-06,,,,119794.0,421687.0,,,,,
2023-09-07,,,,116127.0,514167.0,,,,,
2023-09-08,,,,119488.0,470114.0,,,,,
2023-09-11,,,,124072.0,612122.0,,,,,
2023-09-12,,,,119488.0,627379.0,,,,,
2023-09-13,,,,114292.0,521223.0,,,,,
2023-09-14,,,,113173.0,436969.0,,,,,
2023-09-15,,,,113579.0,432150.0,,,,,
2023-09-18,,,,113070.0,211812.0,,,,,
2023-09-19,,,,111338.0,334568.0,,,,,
2023-09-20,,,,111441.0,182891.0,,,,,
2023-09-21,,,,111237.0,304801.0,,,,,
2023-09-22,,,,107774.0,512633.0,,,,,
2023-09-25,,,,106348.0,318325.0,,,,,
2023-09-26,,,,106144.0,326895.0,,,,,
2023-09-27,,,,106551.0,229426.0,,,,,
2023-10-04,,,,104107.0,343535.0,,,,,
2023-10-05,,,,100541.0,413627.0,,,,,
2023-10-06,,,,100642.0,249066.0,,,,,
2023-10-10,,,,102884.0,1160128.0,,,,,
2023-10-11,,,,105532.0,444090.0,,,,,
2023-10-12,,,,106958.0,376794.0,,,,,
2023-10-13,,,,107977.0,251221.0,,,,,
2023-10-16,,,,103291.0,537471.0,,,,,
2023-10-17,,,,102171.0,350505.0,,,,,
2023-10-18,,,,101662.0,458931.0,,,,,
2023-10-19,,,,99115.0,329437.0,,,,,
2023-10-20,,,,95753.0,405962.0,,,,,
2023-10-23,,,,102171.0,670534.0,,,,,
2023-10-24,,,,101662.0,393426.0,,,,,
2023-10-25,,,,102884.0,521800.0,,,,,
2023-10-26,,,,101458.0,344216.0,,,,,
2023-10-27,,,,99420.0,278845.0,,,,,
2023-10-30,,,,103596.0,530442.0,,,,,
2023-10-31,,,,102884.0,573303.0,,,,,
2023-11-01,,,,115617.0,1415587.0,,,,,
2023-11-02,,,,117553.0,739186.0,,,,,
2023-11-03,,,,122238.0,784547.0,,,,,
2023-11-06,,,,123970.0,607995.0,,,,,
2023-11-07,,,,126211.0,534438.0,,,,,
2023-11-08,,,,124072.0,309228.0,,,,,
2023-11-09,,,,126619.0,362186.0,,,,,
2023-11-10,,,,127128.0,282007.0,,,,,
2023-11-13,,,,127433.0,296124.0,,,,,
2023-11-14,,,,130184.0,307100.0,,,,,
2023-11-15,,,,130897.0,360056.0,,,,,
2023-11-16,,,,122748.0,758628.0,,,,,
2023-11-17,,,,123562.0,427915.0,,,,,
2023-11-20,,,,123562.0,233929.0,,,,,
2023-11-21,,,,122238.0,230758.0,,,,,
2023-11-22,,,,123155.0,228313.0,,,,,
2023-11-23,,,,124174.0,220067.0,,,,,
2023-11-24,,,,122340.0,153636.0,,,,,
2023-11-27,,,,120608.0,188365.0,,,,,
2023-11-28,,,,121729.0,257751.0,,,,,
2023-11-29,,,,125396.0,880067.0,,,,,
2023-11-30,,,,128249.0,922405.0,,,,,
2023-12-01,,,,138537.0,1828327.0,,,,,
2023-12-04,,,,140879.0,1131953.0,,,,,
2023-12-05,,,,137620.0,595680.0,,,,,
2023-12-06,,,,138435.0,680892.0,,,,,
2023-12-07,,,,135889.0,574387.0,,,,,
2023-12-08,,,,133749.0,843282.0,,,,,
2023-12-11,,,,131100.0,1088082.0,,,,,
2023-12-12,,,,131100.0,667775.0,,,,,
2023-12-13,,,,127332.0,412782.0,,,,,
2023-12-14,,,,127433.0,465272.0,,,,,
2023-12-15,,,,128249.0,357868.0,,,,,
2023-12-18,,,,128045.0,238068.0,,,,,
2023-12-19,,,,128249.0,173873.0,,,,,
2023-12-20,,,,129471.0,273658.0,,,,,
2023-12-21,,,,127739.0,174478.0,,,,,
2023-12-22,,,,129981.0,306403.0,,,,,
2023-12-26,,,,125192.0,257580.0,,,,,
2023-12-27,,,,126823.0,166936.0,,,,,
2023-12-28,,,,126823.0,182070.0,,,,,
2024-01-02,,,,132119.0,339918.0,,,,,
2024-01-03,,,,135787.0,553646.0,,,,,
2024-01-04,,,,134768.0,413158.0,,,,,
2024-01-05,,,,133545.0,1103488.0,,,,,
2024-01-08,,,,131407.0,268367.0,,,,,
2024-01-09,,,,131610.0,245098.0,,,,,
2024-01-10,,,,138843.0,1076482.0,,,,,
2024-01-11,,,,144649.0,1194839.0,,,,,
2024-01-12,,,,143936.0,983234.0,,,,,
2024-01-15,,,,143427.0,471298.0,,,,,
2024-01-16,,,,141287.0,269539.0,,,,,
2024-01-17,,,,137519.0,388987.0,,,,,
2024-01-18,,,,144037.0,679931.0,,,,,
2024-01-19,,,,147298.0,639476.0,,,,,
2024-01-22,,,,150862.0,531644.0,,,,,
2024-01-23,,,,146279.0,442927.0,,,,,
2024-01-24,,,,144344.0,282351.0,,,,,
2024-01-25,,,,143121.0,352589.0,,,,,
2024-01-26,,,,143223.0,270319.0,,,,,
2024-01-29,,,,138028.0,473162.0,,,,,
2024-01-30,,,,134361.0,417737.0,,,,,
2024-01-31,,,,140677.0,489521.0,,,,,
2024-02-01,,,,135074.0,436106.0,,,,,
2024-02-02,,,,134666.0,325230.0,,,,,
2024-02-05,,,,132935.0,245099.0,,,,,
2024-02-06,,,,134462.0,340558.0,,,,,
2024-02-07,,,,135481.0,273694.0,,,,,
2024-02-08,,,,137315.0,408233.0,,,,,
2024-02-13,,,,138435.0,267854.0,,,,,
2024-02-14,,,,149029.0,1317406.0,,,,,
2024-02-15,,,,147603.0,394908.0,,,,,
2024-02-16,,,,143936.0,393417.0,,,,,
2024-02-19,,,,154733.0,806280.0,,,,,
2024-02-20,,,,156771.0,1261030.0,,,,,
2024-02-21,,,,157281.0,577393.0,,,,,
2024-02-22,,,,160948.0,692284.0,,,,,
2024-02-23,,,,156974.0,672528.0,,,,,
2024-02-26,,,,169301.0,1604755.0,,,,,
2024-02-27,,,,182441.0,4043917.0,,,,,
2024-02-28,,,,198128.0,2845354.0,,,,,
2024-02-29,,,,190998.0,1582971.0,,,,,
2024-03-04,,,,191099.0,774754.0,,,,,
2024-03-05,,,,188757.0,655930.0,,,,,
2024-03-06,,,,207806.0,2254393.0,,,,,
2024-03-07,,,,203731.0,999957.0,,,,,
2024-03-08,,,,203731.0,573398.0,,,,,
2024-03-11,,,,196601.0,628276.0,,,,,
2024-03-12,,,,188757.0,936015.0,,,,,
2024-03-13,,,,186516.0,829911.0,,,,,
2024-03-14,,,,186007.0,745321.0,,,,,
2024-03-15,,,,183460.0,490465.0,,,,,
2024-03-18,,,,186618.0,502555.0,,,,,
2024-03-19,,,,194054.0,1089336.0,,,,,
2024-03-20,,,,194971.0,579382.0,,,,,
2024-03-21,,,,197314.0,384478.0,,,,,
2024-03-22,,,,205769.0,1911554.0,,,,,
2024-03-25,,,,207297.0,873606.0,,,,,
2024-03-26,,,,220030.0,1153768.0,,,,,
2024-03-27,,,,227160.0,820076.0,,,,,
2024-03-28,,,,211372.0,777512.0,,,,,
2024-03-29,,,,208315.0,447258.0,,,,,
2024-04-01,,,,212899.0,314822.0,,,,,
2024-04-02,,,,245497.0,3084215.0,,,,,
2024-04-03,,,,232254.0,2069323.0,,,,,
2024-04-04,,,,240403.0,1075114.0,,,,,
2024-04-05,,,,216464.0,1343425.0,,,,,
2024-04-08,,,,215955.0,665077.0,,,,,
2024-04-09,,,,212899.0,557572.0,,,,,
2024-04-11,,,,217993.0,516717.0,,,,,
2024-04-12,,,,221048.0,462573.0,,,,,
2024-04-15,,,,213918.0,489026.0,,,,,
2024-04-16,,,,214936.0,838454.0,,,,,
2024-04-17,,,,224105.0,802609.0,,,,,
2024-04-18,,,,230217.0,487450.0,,,,,
2024-04-19,,,,238365.0,1827263.0,,,,,
2024-04-22,,,,224105.0,692009.0,,,,,
2024-04-23,,,,240913.0,916151.0,,,,,
2024-04-24,,,,246006.0,863489.0,,,,,
2024-04-25,,,,245497.0,587900.0,,,,,
2024-04-26,,,,239384.0,684477.0,,,,,
2024-04-29,,,,236329.0,452761.0,,,,,
2024-04-30,,,,215446.0,1193549.0,,,,,
2024-05-02,,,,224614.0,778650.0,,,,,
2024-05-03,,,,219521.0,329045.0,,,,,
2024-05-07,,,,222577.0,349474.0,,,,,
2024-05-08,,,,222577.0,287287.0,,,,,
2024-05-09,,,,217993.0,291777.0,,,,,
2024-05-10,,,,222067.0,313749.0,,,,,
2024-05-13,,,,225632.0,235632.0,,,,,
2024-05-14,,,,221048.0,222871.0,,,,,
2024-05-16,,,,219011.0,319110.0,,,,,
2024-05-17,,,,211881.0,294380.0,,,,,
2024-05-20,,,,214427.0,374718.0,,,,,
2024-05-21,,,,211372.0,224620.0,,,,,
2024-05-22,,,,204750.0,358033.0,,,,,
2024-05-23,,,,205259.0,316208.0,,,,,
2024-05-24,,,,207806.0,315995.0,,,,,
2024-05-27,,,,214936.0,326834.0,,,,,
2024-05-28,,,,227160.0,624000.0,,,,,
2024-05-29,,,,222067.0,472746.0,,,,,
2024-05-30,,,,207806.0,448313.0,,,,,
2024-05-31,,,,208824.0,406208.0,,,,,
2024-06-03,,,,227160.0,3114709.0,,,,,
2024-06-04,,,,214936.0,888797.0,,,,,
2024-06-05,,,,210352.0,419057.0,,,,,
2024-06-07,,,,213409.0,383796.0,,,,,
2024-06-10,,,,217993.0,287374.0,,,,,
2024-06-11,,,,213918.0,275739.0,,,,,
2024-06-12,,,,215955.0,273543.0,,,,,
2024-06-13,,,,229198.0,853552.0,,,,,
2024-06-14,,,,232763.0,695838.0,,,,,
2024-06-17,,,,242950.0,675122.0,,,,,
2024-06-18,,,,236838.0,447449.0,,,,,
2024-06-19,,,,255683.0,1668036.0,,,,,
2024-06-20,,,,252627.0,734631.0,,,,,
2024-06-21,,,,240403.0,667713.0,,,,,
2024-06-24,,,,240403.0,265493.0,,,,,
2024-06-25,,,,236838.0,319944.0,,,,,
2024-06-26,,,,233781.0,267147.0,,,,,
2024-06-27,,,,239384.0,388053.0,,,,,
2024-06-28,,,,254155.0,779411.0,,,,,
2024-07-01,,,,248043.0,382828.0,,,,,
2024-07-02,,,,239384.0,517912.0,,,,,
2024-07-03,,,,237347.0,287585.0,,,,,
2024-07-04,,,,246515.0,325833.0,,,,,
2024-07-05,,,,246006.0,236316.0,,,,,
2024-07-08,,,,256192.0,535603.0,,,,,
2024-07-09,,,,256701.0,374826.0,,,,,
2024-07-10,,,,261285.0,1205925.0,,,,,
2024-07-11,,,,261285.0,463007.0,,,,,
2024-07-12,,,,258230.0,334884.0,,,,,
2024-07-15,,,,269944.0,890402.0,,,,,
2024-07-16,,,,274529.0,980198.0,,,,,
2024-07-17,,,,280131.0,777624.0,,,,,
2024-07-18,,,,276566.0,1152390.0,,,,,
2024-07-19,,,,286752.0,633239.0,,,,,
2024-07-22,,,,280131.0,568366.0,,,,,
2024-07-23,,,,292355.0,613470.0,,,,,
2024-07-24,,,,304070.0,941781.0,,,,,
2024-07-25,,,,298976.0,1220050.0,,,,,
2024-07-26,,,,304070.0,584229.0,,,,,
2024-07-29,,,,328517.0,818064.0,,,,,
2024-07-30,,,,324442.0,1037579.0,,,,,
2024-07-31,,,,293374.0,1474953.0,,,,,
2024-08-01,,,,309163.0,993651.0,,,,,
2024-08-02,,,,294392.0,752368.0,,,,,
2024-08-05,,,,271981.0,1263965.0,,,,,
2024-08-06,,,,268926.0,1317323.0,,,,,
2024-08-07,,,,284205.0,914842.0,,,,,
2024-08-08,,,,298976.0,864193.0,,,,,
2024-08-09,,,,309163.0,575171.0,,,,,
2024-08-12,,,,311709.0,407661.0,,,,,
2024-08-13,,,,313746.0,519371.0,,,,,
2024-08-14,,,,313746.0,316677.0,,,,,
2024-08-16,,,,310691.0,321065.0,,,,,
2024-08-19,,,,305597.0,387266.0,,,,,
2024-08-20,,,,292864.0,726705.0,,,,,
2024-08-21,,,,289808.0,564603.0,,,,,
2024-08-22,,,,283187.0,342556.0,,,,,
2024-08-23,,,,280641.0,334434.0,,,,,
2024-08-26,,,,282677.0,324155.0,,,,,
2024-08-27,,,,289299.0,458970.0,,,,,
2024-08-28,,,,295411.0,882602.0,,,,,
2024-08-29,,,,295411.0,0.0,,,,,
2024-08-30,,,,295411.0,0.0,,,,,
2024-09-02,,,,295411.0,0.0,,,,,
2024-09-03,,,,295411.0,0.0,,,,,
2024-09-04,,,,295411.0,0.0,,,,,
2024-09-05,,,,295411.0,0.0,,,,,
2024-09-06,,,,295411.0,0.0,,,,,
2024-09-09,,,,295411.0,0.0,,,,,
2024-09-10,,,,295411.0,0.0,,,,,
2024-09-11,,,,295411.0,0.0,,,,,
2024-09-12,,,,295411.0,0.0,,,,,
2024-09-13,,,,295411.0,0.0,,,,,
2024-09-19,,,,295411.0,0.0,,,,,
2024-09-20,,,,295411.0,0.0,,,,,
2024-09-23,,,,295411.0,0.0,,,,,
2024-09-24,,,,295411.0,0.0,,,,,
2024-09-25,,,,295411.0,0.0,,,,,
2024-09-26,,,,295411.0,0.0,,,,,
2024-09-27,,,,312151.0,1578065.0,,,,,
2024-09-30,,,,292457.0,591733.0,,,,,
2024-10-02,,,,304766.0,662828.0,,,,,
2024-10-04,,,,332338.0,1090627.0,,,,,
2024-10-07,,,,346124.0,834206.0,,,,,
2024-10-08,,,,358925.0,615146.0,,,,,
2024-10-10,,,,345139.0,574149.0,,,,,
2024-10-11,,,,351047.0,242439.0,,,,,
2024-10-14,,,,351047.0,230292.0,,,,,
2024-10-15,,,,368280.0,449492.0,,,,,
2024-10-16,,,,376650.0,473433.0,,,,,
2024-10-17,,,,386989.0,455670.0,,,,,
2024-10-18,,,,381573.0,390247.0,,,,,
2024-10-21,,,,375665.0,263644.0,,,,,
2024-10-22,,,,379604.0,358685.0,,,,,
2024-10-23,,,,367295.0,310610.0,,,,,
2024-10-24,,,,368280.0,284818.0,,,,,
2024-10-25,,,,372218.0,284383.0,,,,,
2024-10-28,,,,371726.0,184604.0,,,,,
2024-10-29,,,,375172.0,232699.0,,,,,
2024-10-30,,,,369757.0,211843.0,,,,,
2024-10-31,,,,362371.0,415492.0,,,,,
2024-11-01,,,,372711.0,489009.0,,,,,
2024-11-04,,,,361387.0,364015.0,,,,,
2024-11-05,,,,356463.0,239479.0,,,,,
2024-11-06,,,,381573.0,840763.0,,,,,
2024-11-07,,,,398805.0,713614.0,,,,,
2024-11-08,,,,397328.0,343384.0,,,,,
2024-11-11,,,,409637.0,342235.0,,,,,
2024-11-12,,,,407175.0,417557.0,,,,,
2024-11-13,,,,395851.0,303605.0,,,,,
2024-11-14,,,,397328.0,331186.0,,,,,
2024-11-15,,,,400775.0,266780.0,,,,,
2024-11-18,,,,386497.0,268418.0,,,,,
2024-11-19,,,,375172.0,316025.0,,,,,
2024-11-20,,,,374188.0,289893.0,,,,,
2024-11-21,,,,351047.0,485267.0,,,,,
2024-11-22,,,,373695.0,483060.0,,,,,
2024-11-25,,,,353509.0,811911.0,,,,,
2024-11-26,,,,314613.0,939780.0,,,,,
2024-11-27,,,,317567.0,374640.0,,,,,
2024-11-28,,,,320029.0,352911.0,,,,,
2024-11-29,,,,307720.0,503897.0,,,,,
2024-12-02,,,,316090.0,311434.0,,,,,
2024-12-03,,,,333322.0,340321.0,,,,,
2024-12-04,,,,329876.0,487122.0,,,,,
2024-12-05,,,,303289.0,850662.0,,,,,
2024-12-06,,,,293442.0,953223.0,,,,,
2024-12-09,,,,274732.0,740401.0,,,,,
2024-12-10,,,,286549.0,768700.0,,,,,
2024-12-11,,,,293442.0,324632.0,,,,,
2024-12-12,,,,306735.0,561255.0,,,,,
2024-12-13,,,,318060.0,402152.0,,,,,
2024-12-16,,,,315105.0,429866.0,,,,,
2024-12-17,,,,300827.0,397381.0,,,,,
2024-12-18,,,,300827.0,224925.0,,,,,
2024-12-19,,,,304274.0,295144.0,,,,,
2024-12-20,,,,300335.0,224574.0,,,,,
2024-12-23,,,,321014.0,341897.0,,,,,
2024-12-24,,,,319044.0,182363.0,,,,,
2024-12-26,,,,318552.0,189170.0,,,,,
2024-12-27,,,,314121.0,199259.0,,,,,
2024-12-30,,,,321506.0,207787.0,,,,,
2025-01-02,,,,357940.0,552514.0,,,,,
2025-01-03,,,,356463.0,264647.0,,,,,
2025-01-06,,,,360402.0,305207.0,,,,,
2025-01-07,,,,375172.0,342500.0,,,,,
2025-01-08,,,,377142.0,296581.0,,,,,
2025-01-09,,,,386004.0,464607.0,,,,,
2025-01-10,,,,372711.0,348501.0,,,,,
2025-01-13,,,,389451.0,426902.0,,,,,
2025-01-14,,,,389451.0,194688.0,,,,,
2025-01-15,,,,388958.0,174479.0,,,,,
2025-01-16,,,,387974.0,217363.0,,,,,
2025-01-17,,,,376650.0,313706.0,,,,,
2025-01-20,,,,371726.0,232227.0,,,,,
2025-01-21,,,,383542.0,286124.0,,,,,
2025-01-22,,,,383050.0,238314.0,,,,,
2025-01-23,,,,377634.0,130952.0,,,,,
2025-01-24,,,,405206.0,491306.0,,,,,
2025-01-31,,,,393882.0,426183.0,,,,,
2025-02-03,,,,386497.0,241023.0,,,,,
2025-02-04,,,,400282.0,281798.0,,,,,
2025-02-05,,,,396344.0,184592.0,,,,,
2025-02-06,,,,414068.0,462241.0,,,,,
2025-02-07,,,,411607.0,516124.0,,,,,
2025-02-10,,,,406683.0,299083.0,,,,,
2025-02-11,,,,490383.0,2638591.0,,,,,
2025-02-12,,,,512047.0,1084114.0,,,,,
2025-02-13,,,,508108.0,713620.0,,,,,
2025-02-14,,,,524848.0,659636.0,,,,,
2025-02-17,,,,568175.0,1037426.0,,,,,
2025-02-18,,,,633165.0,1265118.0,,,,,
2025-02-19,,,,629227.0,535385.0,,,,,
2025-02-20,,,,635135.0,903867.0,,,,,
2025-02-21,,,,649905.0,571510.0,,,,,
2025-02-24,,,,655814.0,392672.0,,,,,
2025-02-25,,,,669600.0,455655.0,,,,,
2025-02-26,,,,661722.0,356957.0,,,,,
2025-02-27,,,,639074.0,494054.0,,,,,
2025-02-28,,,,584915.0,775132.0,,,,,
2025-03-04,,,,690278.0,1276936.0,,,,,
2025-03-05,,,,684370.0,790217.0,,,,,
2025-03-06,,,,667630.0,591764.0,,,,,
2025-03-07,,,,719820.0,966856.0,,,,,
2025-03-10,,,,691263.0,586490.0,,,,,
2025-03-11,,,,667630.0,415030.0,,,,,
2025-03-12,,,,654829.0,736945.0,,,,,
2025-03-13,,,,696187.0,641185.0,,,,,
2025-03-14,,,,694217.0,299519.0,,,,,
2025-03-17,,,,741483.0,676451.0,,,,,
2025-03-18,,,,752315.0,476280.0,,,,,
2025-03-19,,,,744437.0,396364.0,,,,,
2025-03-20,,,,710957.0,431223.0,,,,,
2025-03-21,,,,618395.0,1841838.0,,,,,
2025-03-24,,,,664676.0,737364.0,,,,,
2025-03-25,,,,643997.0,354896.0,,,,,
2025-03-26,,,,656798.0,342537.0,,,,,
2025-03-27,,,,652860.0,218449.0,,,,,
2025-03-28,,,,620364.0,309365.0,,,,,
2025-03-31,,,,617410.0,310032.0,,,,,
2025-04-01,,,,662707.0,348356.0,,,,,
2025-04-02,,,,652860.0,302544.0,,,,,
2025-04-03,,,,686340.0,433811.0,,,,,
2025-04-04,,,,691263.0,429311.0,,,,,
2025-04-07,,,,632181.0,419208.0,,,,,
2025-04-08,,,,687324.0,566838.0,,,,,
2025-04-09,,,,680431.0,417558.0,,,,,
2025-04-10,,,,728682.0,416930.0,,,,,
2025-04-11,,,,767085.0,385452.0,,,,,
2025-04-14,,,,779887.0,274879.0,,,,,
2025-04-15,,,,759208.0,257346.0,,,,,
2025-04-16,,,,775948.0,261193.0,,,,,
2025-04-17,,,,803520.0,330290.0,,,,,
2025-04-18,,,,815336.0,356766.0,,,,,
2025-04-21,,,,817305.0,201338.0,,,,,
2025-04-22,,,,817305.0,153519.0,,,,,
2025-04-23,,,,801550.0,194175.0,,,,,
2025-04-24,,,,811397.0,167510.0,,,,,
2025-04-25,,,,811397.0,245851.0,,,,,
2025-04-28,,,,814351.0,336411.0,,,,,
2025-04-29,,,,796627.0,274319.0,,,,,
2025-04-30,,,,784810.0,516970.0,,,,,
2025-05-02,,,,805489.0,272443.0,,,,,
2025-05-07,,,,876388.0,475710.0,,,,,
2025-05-08,,,,869495.0,329382.0,,,,,
2025-05-09,,,,864571.0,374107.0,,,,,
2025-05-12,,,,807458.0,289656.0,,,,,
2025-05-13,,,,791703.0,366566.0,,,,,
2025-05-14,,,,807458.0,280252.0,,,,,
2025-05-15,,,,809428.0,167490.0,,,,,
2025-05-16,,,,828137.0,162843.0,,,,,
2025-05-19,,,,826168.0,111228.0,,,,,
2025-05-20,,,,802535.0,184182.0,,,,,
2025-05-21,,,,837000.0,244780.0,,,,,
2025-05-22,,,,833000.0,152390.0,,,,,
2025-05-23,,,,830000.0,136055.0,,,,,
2025-05-26,,,,833000.0,169509.0,,,,,
2025-05-27,,,,887000.0,369030.0,,,,,
2025-05-28,,,,832000.0,320783.0,,,,,
2025-05-29,,,,857000.0,234459.0,,,,,
2025-05-30,,,,811000.0,436671.0,,,,,
2025-06-02,,,,835000.0,156208.0,,,,,
2025-06-04,,,,845000.0,213653.0,,,,,
2025-06-05,,,,905000.0,512018.0,,,,,
2025-06-09,,,,880000.0,284593.0,,,,,
2025-06-10,,,,936000.0,337596.0,,,,,
2025-06-11,,,,905000.0,414770.0,,,,,
2025-06-12,,,,953000.0,442140.0,,,,,
2025-06-13,,,,945000.0,493711.0,,,,,
2025-06-16,,,,970000.0,326298.0,,,,,
2025-06-17,,,,954000.0,270383.0,,,,,
2025-06-18,,,,927000.0,257813.0,,,,,
2025-06-19,,,,934000.0,198303.0,,,,,
2025-06-20,,,,938000.0,419837.0,,,,,
2025-06-23,,,,919000.0,243428.0,,,,,
2025-06-24,,,,895000.0,281041.0,,,,,
2025-06-25,,,,856000.0,313167.0,,,,,
2025-06-26,,,,878000.0,322082.0,,,,,
2025-06-27,,,,890000.0,334673.0,,,,,
2025-06-30,,,,848000.0,260471.0,,,,,
2025-07-01,,,,839000.0,185116.0,,,,,
2025-07-02,,,,819000.0,326459.0,,,,,
2025-07-03,,,,817000.0,274396.0,,,,,
2025-07-04,,,,779000.0,297249.0,,,,,
2025-07-07,,,,805000.0,273998.0,,,,,
2025-07-08,,,,815000.0,265811.0,,,,,
2025-07-09,,,,850000.0,273305.0,,,,,
2025-07-10,,,,853000.0,298241.0,,,,,
2025-07-11,,,,806000.0,255773.0,,,,,
2025-07-14,,,,807000.0,183007.0,,,,,
2025-07-15,,,,848000.0,235902.0,,,,,
2025-07-16,,,,854000.0,165528.0,,,,,
2025-07-17,,,,896000.0,463424.0,,,,,
2025-07-18,,,,896000.0,176796.0,,,,,
2025-07-21,,,,919000.0,224163.0,,,,,
2025-07-22,,,,922000.0,207213.0,,,,,
2025-07-23,,,,910000.0,213391.0,,,,,
2025-07-24,,,,941000.0,263357.0,,,,,
2025-07-25,,,,945000.0,126974.0,,,,,
2025-07-28,,,,953000.0,122549.0,,,,,
2025-07-29,,,,998000.0,324999.0,,,,,
2025-07-30,,,,977000.0,292494.0,,,,,
2025-07-31,,,,996000.0,602496.0,,,,,
2025-08-01,,,,939000.0,419450.0,,,,,
2025-08-04,,,,938000.0,118975.0,,,,,
2025-08-05,,,,961000.0,187035.0,,,,,
2025-08-06,,,,936000.0,184646.0,,,,,
2025-08-07,,,,932000.0,155826.0,,,,,
2025-08-08,,,,881000.0,330808.0,,,,,
2025-08-11,,,,880000.0,157243.0,,,,,
2025-08-12,,,,851000.0,307287.0,,,,,
2025-08-13,,,,878000.0,394063.0,,,,,
2025-08-14,,,,883000.0,241011.0,,,,,
2025-08-18,,,,888000.0,236731.0,,,,,
2025-08-19,,,,827000.0,256827.0,,,,,
2025-08-20,,,,816000.0,322736.0,,,,,
2025-08-21,,,,834000.0,128018.0,,,,,
2025-08-22,,,,891000.0,255134.0,,,,,
2025-08-25,,,,903000.0,127028.0,,,,,
2025-08-26,,,,900000.0,246639.0,,,,,
2025-08-27,,,,907000.0,112708.0,,,,,
2025-08-28,,,,908000.0,146074.0,,,,,
2025-08-29,,,,884000.0,183497.0,,,,,
2025-09-01,,,,916000.0,185557.0,,,,,
2025-09-02,,,,933000.0,129384.0,,,,,
2025-09-03,,,,941000.0,152150.0,,,,,
2025-09-04,,,,931000.0,147466.0,,,,,
2025-09-05,,,,920000.0,193204.0,,,,,
2025-09-08,,,,951000.0,176069.0,,,,,
2025-09-09,,,,945000.0,164915.0,,,,,
2025-09-10,,,,967000.0,229210.0,,,,,
2025-09-11,,,,1005000.0,298028.0,,,,,
2025-09-12,,,,1002000.0,169241.0,,,,,
2025-09-15,,,,986000.0,143445.0,,,,,
2025-09-16,,,,1041000.0,226446.0,,,,,
2025-09-17,,,,1030000.0,202933.0,,,,,
2025-09-18,,,,1023000.0,209665.0,,,,,
2025-09-19,,,,1022000.0,363904.0,,,,,
2025-09-22,,,,1022000.0,137450.0,,,,,
2025-09-23,,,,1004000.0,148757.0,,,,,
2025-09-24,,,,1058000.0,295040.0,,,,,
2025-09-25,,,,1048000.0,209497.0,,,,,
2025-09-26,,,,1044000.0,192038.0,,,,,
2025-09-29,,,,1059000.0,124076.0,,,,,
2025-09-30,,,,1107000.0,291287.0,,,,,
2025-10-01,,,,1099000.0,158652.0,,,,,
2025-10-02,,,,1097000.0,189175.0,,,,,
2025-10-10,,,,1042000.0,290169.0,,,,,
2025-10-13,,,,993000.0,183941.0,,,,,
2025-10-14,,,,933000.0,318501.0,,,,,
2025-10-15,,,,954000.0,329226.0,,,,,
2025-10-16,,,,936000.0,184356.0,,,,,
2025-10-17,,,,912000.0,184363.0,,,,,
2025-10-20,,,,953000.0,196306.0,,,,,
2025-10-21,,,,974000.0,247903.0,,,,,
2025-10-22,,,,1007000.0,256790.0,,,,,
2025-10-23,,,,1049000.0,284405.0,,,,,
2025-10-24,,,,1013000.0,189996.0,,,,,
2025-10-27,,,,1039000.0,222929.0,,,,,
2025-10-28,,,,996000.0,183625.0,,,,,
2025-10-29,,,,993000.0,126098.0,,,,,
2025-10-30,,,,994000.0,150339.0,,,,,
2025-10-31,,,,979000.0,123048.0,,,,,
2025-11-03,,,,1042000.0,330523.0,,,,,
2025-11-04,,,,1010000.0,180841.0,,,,,
2025-11-05,,,,950000.0,302267.0,,,,,
2025-11-06,,,,970000.0,142073.0,,,,,
2025-11-07,,,,923000.0,255527.0,,,,,
2025-11-10,,,,965000.0,150467.0,,,,,
2025-11-11,,,,948000.0,118730.0,,,,,
2025-11-12,,,,960000.0,167363.0,,,,,
2025-11-13,,,,956000.0,118138.0,,,,,
2025-11-14,,,,955000.0,211727.0,,,,,
2025-11-17,,,,979000.0,151162.0,,,,,
2025-11-18,,,,921000.0,209914.0,,,,,
2025-11-19,,,,905000.0,309855.0,,,,,
2025-11-20,,,,916000.0,183622.0,,,,,
2025-11-21,,,,869000.0,256581.0,,,,,
2025-11-24,,,,855000.0,301258.0,,,,,
2025-11-25,,,,859000.0,121366.0,,,,,
2025-11-26,,,,871000.0,125169.0,,,,,
2025-11-27,,,,863000.0,198637.0,,,,,
2025-11-28,,,,852000.0,195233.0,,,,,
2025-12-01,,,,813000.0,318566.0,,,,,
2025-12-02,,,,824000.0,300231.0,,,,,
2025-12-03,,,,866000.0,315675.0,,,,,
2025-12-04,,,,855000.0,110369.0,,,,,
2025-12-05,,,,895000.0,192198.0,,,,,
2025-12-08,,,,937000.0,231159.0,,,,,
2025-12-09,,,,960000.0,231353.0,,,,,
2025-12-10,,,,923000.0,155708.0,,,,,
2025-12-11,,,,904000.0,242560.0,,,,,
2025-12-12,,,,961000.0,268675.0,,,,,
2025-12-15,,,,908000.0,144644.0,,,,,
2025-12-16,,,,875000.0,207445.0,,,,,
2025-12-17,,,,870000.0,94698.0,,,,,
2025-12-18,,,,851000.0,115140.0,,,,,
2025-12-19,,,,884000.0,208385.0,,,,,
2025-12-22,,,,886000.0,107353.0,,,,,
2025-12-23,,,,900000.0,88326.0,,,,,
2025-12-24,,,,878000.0,103248.0,,,,,
2025-12-26,,,,870000.0,102783.0,,,,,
2025-12-29,,,,949000.0,339928.0,,,,,
2025-12-30,,,,941000.0,187387.0,,,,,
2026-01-02,,,,946000.0,144603.0,,,,,
2026-01-05,,,,1012000.0,327727.0,,,,,
2026-01-06,,,,1022000.0,279979.0,,,,,
2026-01-07,,,,1010000.0,269662.0,,,,,
2026-01-08,,,,1090000.0,508382.0,,,,,
2026-01-09,,,,1214000.0,575132.0,,,,,
2026-01-12,,,,1212000.0,282589.0,,,,,
2026-01-13,,,,1282000.0,322326.0,,,,,
2026-01-14,,,,1269000.0,182382.0,,,,,
2026-01-15,,,,1294000.0,220568.0,,,,,
2026-01-16,,,,1299000.0,291401.0,,,,,
2026-01-19,,,,1330000.0,194888.0,,,,,
2026-01-20,,,,1309000.0,222510.0,,,,,
2026-01-21,,,,1315000.0,264111.0,,,,,
2026-01-22,,,,1289000.0,205157.0,,,,,
2026-01-23,,,,1255000.0,260134.0,,,,,
2026-01-26,,,,1262000.0,126918.0,,,,,
2026-01-27,,,,1230000.0,154527.0,,,,,
2026-01-28,,,,1288000.0,180905.0,,,,,
2026-01-29,,,,1300000.0,227097.0,,,,,
2026-01-30,,,,1300000.0,247057.0,,,,,
2026-02-02,,,,1239000.0,312729.0,,,,,
2026-02-03,,,,1299000.0,203785.0,,,,,
2026-02-04,,,,1324000.0,143922.0,,,,,
2026-02-05,,,,1227000.0,333625.0,,,,,
2026-02-06,,,,1181000.0,295504.0,,,,,
2026-02-09,,,,1193000.0,275049.0,,,,,
2026-02-10,,,,1146000.0,504416.0,,,,,
2026-02-11,,,,1130000.0,248096.0,,,,,
2026-02-12,,,,1131000.0,210941.0,,,,,
2026-02-13,,,,1105000.0,236946.0,,,,,
2026-02-19,1199000.0,1199000.0,1131000.0,1149000.0,190403.0,,,,,
2026-02-20,1224000.0,1258000.0,1192000.0,1242000.0,443593.0,,,,,
2026-02-23,1241000.0,1251000.0,1215000.0,1236000.0,196612.0,,,,,
2026-02-24,1243000.0,1246000.0,1201000.0,1241000.0,172787.0,,,,,
2026-02-25,1240000.0,1241000.0,1205000.0,1212000.0,168169.0,,,,,
2026-02-26,1207000.0,1207000.0,1182000.0,1194000.0,184947.0,,,,,
2026-02-27,1227000.0,1241000.0,1195000.0,1195000.0,325910.0,,,,,
2026-03-03,1330000.0,1492000.0,1304000.0,1432000.0,1295365.0,,,,,
2026-03-04,1526000.0,1655000.0,1243000.0,1323000.0,1191514.0,,,,,
2026-03-05,1361000.0,1486000.0,1322000.0,1381000.0,785586.0,,,,,
2026-03-06,1414000.0,1540000.0,1368000.0,1481000.0,836707.0,,,,,
2026-03-09,1516000.0,1550000.0,1361000.0,1434000.0,564231.0,,,,,
2026-03-10,1365000.0,1484000.0,1353000.0,1455000.0,452836.0,,,,,
2026-03-11,1459000.0,1496000.0,1390000.0,1410000.0,285240.0,,,,,
2026-03-12,1430000.0,1474000.0,1424000.0,1465000.0,261688.0,,,,,
2026-03-13,1462000.0,1489000.0,1409000.0,1488000.0,324291.0,,,,,
2026-03-16,1478000.0,1522000.0,1457000.0,1476000.0,180940.0,,,,,
2026-03-17,1470000.0,1470000.0,1388000.0,1396000.0,210274.0,,,,,
2026-03-18,1415000.0,1415000.0,1362000.0,1390000.0,161859.0,,,,,
2026-03-19,1416000.0,1417000.0,1361000.0,1375000.0,111115.0,,,,,
2026-03-20,1347000.0,1360000.0,1306000.0,1320000.0,270214.0,,,,,
2026-03-23,1300000.0,1314000.0,1232000.0,1278000.0,232870.0,,,,,
2026-03-24,1310000.0,1348000.0,1291000.0,1335000.0,154321.0,,,,,
2026-03-25,1362000.0,1400000.0,1332000.0,1400000.0,212913.0,,,,,
2026-03-26,1425000.0,1425000.0,1351000.0,1369000.0,158124.0,,,,,
2026-03-27,1349000.0,1349000.0,1287000.0,1335000.0,168664.0,,,,,
2026-03-30,1276000.0,1327000.0,1256000.0,1308000.0,160318.0,,,,,
2026-03-31,1263000.0,1289000.0,1217000.0,1249000.0,277570.0,,,,,
2026-04-01,1323000.0,1364000.0,1283000.0,1333000.0,243803.0,,,,,
2026-04-02,1415000.0,1478000.0,1383000.0,1417000.0,437390.0,,,,,
2026-04-03,1418000.0,1480000.0,1399000.0,1449000.0,193653.0,,,,,
2026-04-06,1449000.0,1474000.0,1410000.0,1450000.0,128832.0,,,,,
2026-04-07,1426000.0,1545000.0,1426000.0,1537000.0,273390.0,,,,,
2026-04-08,1507000.0,1512000.0,1450000.0,1484000.0,286944.0,,,,,
2026-04-09,1485000.0,1495000.0,1423000.0,1451000.0,224072.0,,,,,
2026-04-10,1465000.0,1517000.0,1456000.0,1507000.0,189941.0,,,,,
2026-04-13,1526000.0,1559000.0,1495000.0,1530000.0,165048.0,,,,,
2026-04-14,,,,,,1515000.0,1531000.0,1484000.0,1523000.0,168602.0
2026-04-15,,,,,,1514000.0,1542000.0,1501000.0,1509000.0,153464.0
2026-04-16,,,,,,1570000.0,1570000.0,1511000.0,1519000.0,121112.0
2026-04-17,,,,,,1515000.0,1516000.0,1421000.0,1423000.0,272895.0
2026-04-20,,,,,,1447000.0,1450000.0,1419000.0,1425000.0,147969.0
2026-04-21,,,,,,1425000.0,1425000.0,1425000.0,1425000.0,0.0
