날짜,Open,High,Low,Close,Volume
2018-08-30,9956,9961,9922,9936,10700
2018-08-31,10011,10011,9991,10001,5526
2018-09-03,10021,10036,9966,9976,500
2018-09-04,9996,10021,9996,10006,2351
2018-09-05,10026,10051,9976,10051,2720
2018-09-06,10021,10071,10011,10071,976
2018-09-07,10116,10116,10061,10081,5954
2018-09-10,10071,10096,10061,10091,4223
2018-09-11,10091,10096,10036,10046,48114
2018-09-12,10046,10066,10031,10051,21451
2018-09-13,10051,10051,9976,10001,2106
2018-09-14,9991,9996,9951,9961,4413
2018-09-17,9966,10061,9966,10036,5568
2018-09-18,10036,10071,9996,10001,2191
2018-09-19,9966,9986,9941,9941,16569
2018-09-20,9936,9946,9917,9936,3364
2018-09-21,9927,9927,9867,9882,3377
2018-09-27,9922,9922,9852,9887,2114
2018-09-28,9887,9887,9817,9847,3703
2018-10-01,9842,9857,9802,9857,12637
2018-10-02,9877,9931,9872,9931,892
2018-10-04,9927,9951,9902,9941,1330
2018-10-05,9941,9966,9927,9946,2090
2018-10-08,9892,9946,9892,9946,1394
2018-10-10,9922,9976,9922,9976,1534
2018-10-11,10046,10101,10041,10096,6304
2018-10-12,10056,10056,9961,9991,1977
2018-10-15,10041,10041,9976,10026,7540
2018-10-16,10041,10041,9971,9971,2153
2018-10-17,9966,9966,9902,9951,2059
2018-10-18,9941,10001,9912,10001,1144
2018-10-19,10051,10051,9966,9986,789
2018-10-22,9951,9996,9907,9936,3813
2018-10-23,9961,10046,9961,10046,1539
2018-10-24,10036,10036,9981,10006,2914
2018-10-25,10071,10121,10071,10101,15057
2018-10-26,10106,10150,10076,10140,14398
2018-10-29,10140,10165,10081,10165,5288
2018-10-30,10160,10165,10111,10126,7139
2018-10-31,10096,10116,10081,10111,654
2018-11-01,10126,10131,10041,10086,8108
2018-11-02,10006,10006,9872,9922,15924
2018-11-05,9902,9936,9897,9922,1616
2018-11-06,9912,9931,9897,9931,1670
2018-11-07,9907,9912,9867,9887,3596
2018-11-08,9822,9862,9812,9842,2553
2018-11-09,9857,9946,9857,9946,11115
2018-11-12,9981,10016,9951,10011,1318
2018-11-13,10051,10101,10006,10011,2506
2018-11-14,10026,10031,9981,10031,705
2018-11-15,10036,10046,10006,10016,5066
2018-11-16,10046,10046,9991,10021,2125
2018-11-19,9971,10076,9971,10056,3453
2018-11-20,10076,10076,10021,10036,2970
2018-11-21,10106,10106,10051,10076,4293
2018-11-22,10096,10096,10051,10066,2912
2018-11-23,10076,10091,10036,10081,2793
2018-11-26,10031,10106,10031,10076,823
2018-11-27,10091,10091,10051,10081,1025
2018-11-28,10140,10140,10006,10006,7567
2018-11-29,9922,10021,9917,10011,2754
2018-11-30,9991,10021,9991,10011,2777
2018-12-03,9976,9976,9892,9907,15098
2018-12-04,10021,10021,9922,9922,4613
2018-12-05,9986,10026,9946,10001,2050
2018-12-06,10031,10101,10021,10101,4331
2018-12-07,10101,10101,10026,10076,3463
2018-12-10,10081,10195,10081,10150,3976
2018-12-11,10205,10225,10170,10210,3047
2018-12-12,10185,10185,10140,10145,3223
2018-12-13,10145,10145,10096,10116,5414
2018-12-14,10126,10185,10126,10170,1372
2018-12-17,10126,10225,10126,10225,2476
2018-12-18,10449,10449,10195,10235,4161
2018-12-19,10200,10225,10200,10205,9254
2018-12-20,10230,10260,10210,10240,6318
2018-12-21,10140,10195,10140,10175,9273
2018-12-24,10175,10220,10165,10220,7481
2018-12-26,10250,10255,10210,10250,3728
2018-12-27,10210,10210,10116,10150,7020
2018-12-28,10140,10190,10131,10145,1753
2019-01-02,10150,10255,10150,10215,22024
2019-01-03,10340,10340,10310,10340,7098
2019-01-04,10369,10429,10340,10340,17963
2019-01-07,10379,10379,10220,10255,4974
2019-01-08,10215,10285,10180,10285,6249
2019-01-09,10240,10250,10185,10250,6425
2019-01-10,10255,10260,10195,10225,7359
2019-01-11,10165,10210,10165,10195,6199
2019-01-14,10205,10290,10200,10290,1510
2019-01-15,10275,10275,10215,10245,6283
2019-01-16,10200,10260,10200,10240,3711
2019-01-17,10195,10260,10190,10260,1956
2019-01-18,10225,10225,10200,10225,2720
2019-01-21,10225,10225,10200,10225,3813
2019-01-22,10260,10295,10260,10290,1237
2019-01-23,10300,10300,10240,10270,18927
2019-01-24,10295,10295,10240,10285,20123
2019-01-25,10285,10290,10220,10230,10355
2019-01-28,10145,10190,10145,10180,25715
2019-01-29,10140,10210,10140,10165,13805
2019-01-30,10180,10195,10180,10180,2716
2019-01-31,10180,10190,10150,10175,6679
2019-02-01,10195,10280,10180,10280,13227
2019-02-07,10200,10285,10200,10270,6719
2019-02-08,10344,10344,10285,10315,16870
2019-02-11,10330,10335,10305,10325,6694
2019-02-12,10335,10335,10270,10275,4028
2019-02-13,10230,10265,10230,10265,13431
2019-02-14,10250,10290,10250,10265,2558
2019-02-15,10325,10344,10310,10330,5499
2019-02-18,10285,10330,10285,10320,4945
2019-02-19,10285,10330,10285,10330,7619
2019-02-20,10310,10325,10290,10315,7598
2019-02-21,10275,10330,10265,10320,11434
2019-02-22,10305,10315,10290,10310,5554
2019-02-25,10255,10285,10240,10280,5704
2019-02-26,10230,10270,10200,10270,4047
2019-02-27,10215,10285,10215,10285,7834
2019-02-28,10260,10315,10215,10315,17374
2019-03-04,10260,10260,10210,10240,23482
2019-03-05,10051,10275,10051,10275,7908
2019-03-06,10275,10320,10270,10320,2859
2019-03-07,10344,10344,10295,10315,8582
2019-03-08,10374,10449,10374,10449,11490
2019-03-11,10449,10449,10394,10424,10922
2019-03-12,10369,10384,10340,10369,3784
2019-03-13,10364,10429,10354,10424,6785
2019-03-14,10414,10434,10389,10434,2610
2019-03-15,10404,10474,10404,10469,6734
2019-03-18,10469,10474,10404,10429,9511
2019-03-19,10399,10429,10389,10419,15624
2019-03-20,10374,10414,10374,10394,3104
2019-03-21,10384,10419,10384,10419,7607
2019-03-22,10449,10454,10419,10454,13991
2019-03-25,10499,10583,10499,10563,57703
2019-03-26,10598,10598,10534,10549,16397
2019-03-27,10549,10598,10549,10578,16105
2019-03-28,10668,10668,10618,10648,28571
2019-03-29,10628,10628,10578,10593,35052
2019-04-01,10573,10573,10514,10549,18102
2019-04-02,10568,10568,10489,10563,9932
2019-04-03,10563,10568,10494,10524,17417
2019-04-04,10524,10544,10494,10544,9153
2019-04-05,10529,10529,10509,10524,9773
2019-04-08,10524,10618,10524,10613,10198
2019-04-09,10608,10608,10573,10593,7261
2019-04-10,10588,10618,10573,10573,9741
2019-04-11,10573,10603,10563,10593,13081
2019-04-12,10588,10608,10563,10563,9105
2019-04-15,10563,10563,10449,10474,28437
2019-04-16,10474,10509,10469,10509,11106
2019-04-17,10474,10499,10444,10469,12326
2019-04-18,10469,10504,10444,10504,4324
2019-04-19,10499,10524,10499,10524,7797
2019-04-22,10524,10558,10494,10558,13391
2019-04-23,10549,10583,10539,10583,3885
2019-04-24,10568,10658,10558,10658,7103
2019-04-25,10718,10777,10718,10748,12995
2019-04-26,10753,10772,10718,10772,29696
2019-04-29,10762,10767,10738,10762,18942
2019-04-30,10757,10867,10748,10867,14713
2019-05-02,10857,10857,10762,10822,30281
2019-05-03,10827,10837,10807,10837,12591
2019-05-07,10862,10922,10852,10852,16516
2019-05-08,10907,10917,10867,10902,30470
2019-05-09,10947,10986,10882,10986,30964
2019-05-10,11011,11021,10947,10976,32372
2019-05-13,10976,11096,10976,11096,29156
2019-05-14,11096,11156,11076,11126,22519
2019-05-15,11141,11151,11106,11121,29942
2019-05-16,11131,11185,11131,11161,45955
2019-05-17,11180,11220,11141,11220,16256
2019-05-20,11205,11205,11146,11195,39394
2019-05-21,11175,11175,11136,11175,23543
2019-05-22,11096,11180,11096,11161,15496
2019-05-23,11136,11195,11136,11156,39142
2019-05-24,11180,11205,11180,11185,18644
2019-05-27,11185,11185,11116,11126,56176
2019-05-28,11156,11190,11126,11166,94873
2019-05-29,11180,11300,11180,11300,170126
2019-05-30,11280,11280,11220,11240,80874
2019-05-31,11235,11320,11235,11305,120612
2019-06-03,11355,11394,11250,11270,73228
2019-06-04,11270,11325,11270,11305,26963
2019-06-05,11285,11285,11240,11285,13257
2019-06-07,11265,11295,11240,11295,20699
2019-06-10,11290,11320,11260,11310,16939
2019-06-11,11305,11305,11230,11265,43219
2019-06-12,11265,11285,11250,11275,6352
2019-06-13,11265,11345,11265,11330,25587
2019-06-14,11335,11394,11335,11394,8530
2019-06-17,11355,11370,11330,11355,22184
2019-06-18,11365,11370,11330,11365,33861
2019-06-19,11355,11355,11265,11280,43338
2019-06-20,11300,11305,11205,11205,61086
2019-06-21,11170,11205,11151,11200,25227
2019-06-24,11170,11170,11096,11106,18907
2019-06-25,11136,11146,11101,11146,22442
2019-06-26,11136,11170,11136,11151,13891
2019-06-27,11121,11121,11081,11106,10962
2019-06-28,11131,11141,11106,11111,21747
2019-07-01,11071,11131,11021,11126,30159
2019-07-02,11161,11225,11161,11215,20748
2019-07-03,11250,11325,11250,11325,18792
2019-07-04,11315,11320,11285,11295,16779
2019-07-05,11315,11335,11305,11330,11898
2019-07-08,11275,11350,11270,11350,23627
2019-07-09,11350,11350,11315,11335,11448
2019-07-10,11325,11325,11300,11300,17497
2019-07-11,11305,11315,11240,11280,30044
2019-07-12,11225,11265,11225,11265,9218
2019-07-15,11260,11285,11245,11255,18993
2019-07-16,11285,11300,11255,11265,13621
2019-07-17,11270,11305,11270,11305,17076
2019-07-18,11310,11365,11275,11320,16974
2019-07-19,11295,11295,11245,11290,18045
2019-07-22,11285,11315,11280,11300,12204
2019-07-23,11305,11320,11295,11320,10290
2019-07-24,11330,11330,11290,11295,12130
2019-07-25,11305,11335,11295,11335,29530
2019-07-26,11325,11375,11325,11375,16720
2019-07-29,11360,11370,11325,11350,33759
2019-07-30,11365,11365,11320,11340,22698
2019-07-31,11350,11350,11315,11350,21779
2019-08-01,11375,11409,11370,11379,34464
2019-08-02,11414,11603,11414,11603,95482
2019-08-05,11688,11887,11688,11882,92971
2019-08-06,12001,12011,11822,11882,116328
2019-08-07,11907,11957,11882,11937,116906
2019-08-08,11937,11937,11827,11832,130083
2019-08-09,11842,11882,11842,11872,65077
2019-08-12,11917,11932,11842,11932,235845
2019-08-13,11982,12036,11957,12036,72729
2019-08-14,12036,12036,11827,11922,75605
2019-08-16,11987,12056,11967,11982,76327
2019-08-19,11992,11992,11942,11972,61594
2019-08-20,11967,11967,11887,11912,43369
2019-08-21,11947,11947,11812,11862,213401
2019-08-22,11867,11922,11852,11922,20442
2019-08-23,11922,11947,11882,11907,24236
2019-08-26,12091,12116,12011,12101,77555
2019-08-27,12086,12086,12001,12021,91983
2019-08-28,12046,12061,12026,12046,33657
2019-08-29,12051,12106,12046,12091,47911
2019-08-30,12001,12011,11947,12011,45380
2019-09-02,11987,12041,11987,12006,48375
2019-09-03,12046,12056,12016,12051,27095
2019-09-04,12121,12121,12011,12011,35778
2019-09-05,11997,12001,11872,11912,52162
2019-09-06,11394,11837,11394,11802,52011
2019-09-09,11792,11797,11738,11773,38143
2019-09-10,11748,11748,11683,11728,28405
2019-09-11,11678,11678,11623,11623,47199
2019-09-16,11489,11598,11459,11459,90780
2019-09-17,11519,11564,11479,11549,43513
2019-09-18,11559,11588,11529,11583,9261
2019-09-19,11583,11633,11574,11593,78293
2019-09-20,11623,11633,11564,11583,60420
2019-09-23,11583,11663,11583,11643,19747
2019-09-24,11698,11698,11643,11683,37760
2019-09-25,11773,11788,11743,11773,39280
2019-09-26,11743,11753,11713,11743,22732
2019-09-27,11748,11773,11738,11743,29441
2019-09-30,11758,11788,11713,11713,38025
2019-10-01,11743,11768,11703,11733,30677
2019-10-02,11758,11837,11758,11837,59159
2019-10-04,11927,11927,11827,11867,62279
2019-10-07,11907,11907,11852,11887,36421
2019-10-08,11877,11877,11788,11797,26763
2019-10-10,11847,11907,11758,11832,176163
2019-10-11,11783,11783,11673,11698,28340
2019-10-14,11643,11643,11564,11603,56964
2019-10-15,11633,11643,11579,11623,28991
2019-10-16,11618,11628,11564,11618,87327
2019-10-17,11643,11643,11593,11623,78056
2019-10-18,11643,11643,11524,11554,31719
2019-10-21,11554,11554,11454,11454,31434
2019-10-22,11394,11439,11389,11399,37293
2019-10-23,11419,11489,11419,11459,32001
2019-10-24,11469,11469,11404,11469,16909
2019-10-25,11464,11499,11454,11464,19765
2019-10-28,11444,11444,11375,11389,37818
2019-10-29,11379,11379,11300,11305,27756
2019-10-30,11340,11375,11320,11355,34680
2019-10-31,11370,11384,11300,11355,28571
2019-11-01,11375,11489,11375,11439,34078
2019-11-04,11375,11439,11330,11330,93578
2019-11-05,11330,11340,11285,11300,56972
2019-11-06,11275,11275,11215,11220,78780
2019-11-07,11235,11305,11235,11275,11073
2019-11-08,11205,11210,11141,11190,34495
2019-11-11,11225,11295,11180,11295,20296
2019-11-12,11240,11260,11195,11195,17711
2019-11-13,11205,11305,11205,11285,19866
2019-11-14,11295,11365,11295,11360,23949
2019-11-15,11379,11389,11310,11389,24087
2019-11-18,11379,11379,11305,11330,17053
2019-11-19,11370,11399,11355,11375,23058
2019-11-20,11409,11444,11399,11434,22351
2019-11-21,11479,11534,11474,11529,45730
2019-11-22,11529,11529,11469,11504,16747
2019-11-25,11499,11499,11444,11454,25185
2019-11-26,11454,11484,11404,11484,23921
2019-11-27,11484,11494,11459,11494,44505
2019-11-28,11494,11509,11484,11499,19838
2019-11-29,11499,11524,11484,11519,20240
2019-12-02,11519,11519,11449,11504,27006
2019-12-03,11519,11544,11499,11519,48357
2019-12-04,11613,11693,11613,11678,122598
2019-12-05,11658,11658,11588,11613,40944
2019-12-06,11618,11618,11544,11579,18181
2019-12-09,11564,11564,11529,11549,23437
2019-12-10,11603,11608,11564,11583,13863
2019-12-11,11588,11593,11549,11583,18919
2019-12-12,11583,11598,11534,11549,16273
2019-12-13,11499,11499,11250,11310,52133
2019-12-16,11419,11424,11355,11365,176433
2019-12-17,11295,11335,11270,11280,43780
2019-12-18,11280,11315,11260,11315,51004
2019-12-19,11305,11305,11225,11240,40645
2019-12-20,11205,11250,11195,11195,36651
2019-12-23,11195,11235,11190,11230,33521
2019-12-24,11230,11260,11220,11255,33569
2019-12-26,11290,11290,11210,11215,30371
2019-12-27,11270,11270,11215,11240,34753
2019-12-30,11255,11255,11205,11220,100643
2020-01-02,11190,11210,11156,11195,60964
2020-01-03,11265,11350,11205,11335,57598
2020-01-06,11444,11454,11379,11454,57310
2020-01-07,11474,11474,11335,11360,35478
2020-01-08,11350,11539,11295,11439,55925
2020-01-09,11335,11335,11245,11265,56568
2020-01-10,11265,11300,11250,11265,29706
2020-01-13,11320,11320,11225,11245,32194
2020-01-14,11245,11245,11175,11225,39128
2020-01-15,11260,11325,11260,11280,25071
2020-01-16,11265,11325,11265,11315,22886
2020-01-17,11335,11335,11250,11300,32865
2020-01-20,11325,11325,11260,11280,35429
2020-01-21,11265,11389,11265,11370,28981
2020-01-22,11389,11414,11360,11365,32786
2020-01-23,11389,11429,11389,11424,35148
2020-01-28,11449,11628,11449,11603,90001
2020-01-29,11583,11603,11559,11598,49079
2020-01-30,11643,11723,11643,11708,107404
2020-01-31,11723,11797,11713,11797,100994
2020-02-03,11892,11917,11847,11877,153012
2020-02-04,11877,11887,11758,11773,97006
2020-02-05,11559,11802,11559,11802,46716
2020-02-06,11783,11783,11588,11628,51279
2020-02-07,11738,11738,11688,11713,34928
2020-02-10,11802,11837,11733,11753,63325
2020-02-11,11812,11812,11683,11693,35607
2020-02-12,11693,11703,11623,11638,55240
2020-02-13,11673,11703,11643,11693,31948
2020-02-14,11703,11733,11678,11698,37988
2020-02-17,11703,11723,11668,11723,40173
2020-02-18,11723,11797,11723,11788,48641
2020-02-19,11832,11832,11758,11797,51165
2020-02-20,11842,11927,11743,11887,43781
2020-02-21,11892,12036,11892,12036,109665
2020-02-24,12046,12310,12046,12196,167681
2020-02-25,12330,12330,12111,12136,156895
2020-02-26,12280,12280,12191,12245,121678
2020-02-27,12166,12295,12166,12285,82213
2020-02-28,12335,12345,12245,12325,186809
2020-03-02,12335,12424,12230,12235,154737
2020-03-03,12126,12230,12116,12220,127558
2020-03-04,12225,12270,12205,12250,78707
2020-03-05,12240,12240,12146,12176,60816
2020-03-06,12300,12424,12285,12419,56487
2020-03-09,12544,12808,12544,12768,156262
2020-03-10,12972,12972,12474,12499,127791
2020-03-11,12499,12574,12370,12509,100741
2020-03-12,12116,12673,12116,12653,198680
2020-03-13,12688,12937,12688,12758,159510
2020-03-16,12753,12753,12479,12648,108618
2020-03-17,12604,13081,12604,13031,96421
2020-03-18,12972,12972,12693,12808,75198
2020-03-19,12708,13206,12708,13022,111004
2020-03-20,12648,12972,12648,12813,85486
2020-03-23,12813,13365,12813,13206,101526
2020-03-24,13211,13265,13076,13101,106616
2020-03-25,13036,13036,12708,12837,135643
2020-03-26,12832,12937,12758,12882,119925
2020-03-27,12882,12882,12618,12688,68753
2020-03-30,12763,12922,12763,12882,68549
2020-03-31,12882,12887,12818,12842,56755
2020-04-01,12813,13066,12813,13061,76878
2020-04-02,13101,13161,13012,13012,69961
2020-04-03,12952,13076,12932,13036,66681
2020-04-06,12982,13101,12982,13007,69956
2020-04-07,12987,12987,12818,12857,73826
2020-04-08,12857,12867,12773,12862,105161
2020-04-09,12862,12862,12703,12808,62327
2020-04-10,12837,12887,12688,12733,35414
2020-04-13,12658,12813,12658,12813,37447
2020-04-14,12778,12793,12733,12778,27138
2020-04-16,12917,13027,12917,12972,30538
2020-04-17,12967,12967,12827,12877,67492
2020-04-20,12877,12937,12852,12937,30592
2020-04-21,12982,13151,12937,13046,78375
2020-04-22,13171,13171,13056,13106,51860
2020-04-23,13116,13116,13027,13027,49353
2020-04-24,13236,13236,13031,13101,41720
2020-04-27,13101,13101,13007,13007,43570
2020-04-28,12982,12982,12917,12947,30283
2020-04-29,12907,12922,12887,12922,43522
2020-05-04,12942,13236,12778,13046,58009
2020-05-06,12947,12972,12907,12932,40965
2020-05-07,12932,13036,12927,12937,50582
2020-05-08,12937,12937,12877,12937,53924
2020-05-11,12922,12927,12847,12927,38031
2020-05-12,12912,12967,12912,12947,44793
2020-05-13,12977,13022,12972,12982,22082
2020-05-14,13022,13036,12997,13031,23348
2020-05-15,13091,13106,13031,13071,123699
2020-05-18,13071,13106,13022,13096,50576
2020-05-19,12977,12987,12927,12977,40309
2020-05-20,12962,13036,12962,13036,17872
2020-05-21,13036,13071,12987,13056,42670
2020-05-22,13061,13156,13061,13136,55575
2020-05-25,13136,13216,13126,13216,39009
2020-05-26,13226,13226,13017,13111,79780
2020-05-27,13096,13106,13046,13106,32313
2020-05-28,13181,13181,13091,13126,38430
2020-05-29,13131,13156,13106,13151,39606
2020-06-01,13236,13449,13012,13022,83075
2020-06-02,13022,13046,12967,13046,40035
2020-06-03,13036,13036,12867,12887,65105
2020-06-04,12882,12882,12788,12842,68325
2020-06-05,12813,12813,12653,12653,61929
2020-06-08,12405,12837,12395,12574,72988
2020-06-09,12574,12579,12484,12554,38515
2020-06-10,12554,12594,12474,12504,69599
2020-06-11,12539,12658,12519,12658,51446
2020-06-12,12847,12847,12678,12723,124622
2020-06-15,12793,12887,12758,12887,53057
2020-06-16,12713,12778,12713,12753,59061
2020-06-17,12753,12847,12743,12793,36648
2020-06-18,12832,12862,12763,12768,78759
2020-06-19,12788,12827,12768,12793,35189
2020-06-22,12823,12857,12778,12857,59385
2020-06-23,12857,12862,12743,12773,38421
2020-06-24,12773,12773,12623,12623,57670
2020-06-25,12698,12783,12698,12738,34355
2020-06-26,12738,12738,12653,12733,31191
2020-06-29,12808,12808,12693,12718,49480
2020-06-30,12758,12798,12683,12778,53348
2020-07-01,12743,12773,12688,12768,49439
2020-07-02,12663,12738,12663,12723,60176
2020-07-03,12753,12753,12673,12683,55841
2020-07-06,12683,12738,12638,12643,48208
2020-07-07,12638,12683,12589,12683,48339
2020-07-08,12683,12718,12648,12693,28938
2020-07-09,12698,12698,12609,12673,39949
2020-07-10,12738,12808,12708,12803,38922
2020-07-13,12803,12813,12723,12753,70598
2020-07-14,12773,12803,12768,12768,36196
2020-07-15,12773,12798,12708,12748,31806
2020-07-16,12738,12803,12728,12778,24389
2020-07-17,12827,12827,12778,12808,21440
2020-07-20,12813,12813,12768,12798,42693
2020-07-21,12803,12803,12713,12738,38102
2020-07-22,12718,12718,12683,12718,25775
2020-07-23,12718,12758,12713,12718,36465
2020-07-24,12823,12823,12738,12778,42645
2020-07-27,12778,12778,12708,12743,39044
2020-07-28,12738,12743,12658,12723,41614
2020-07-29,12723,12733,12703,12713,33335
2020-07-30,12693,12718,12658,12703,28790
2020-07-31,12703,12718,12663,12718,39825
2020-08-03,12723,12748,12703,12738,69756
2020-08-04,12738,12753,12688,12738,65416
2020-08-05,12773,12773,12713,12738,29410
2020-08-06,12713,12713,12618,12638,65288
2020-08-07,12653,12698,12633,12653,37434
2020-08-10,12778,12778,12604,12643,42903
2020-08-11,12643,12688,12584,12609,39884
2020-08-12,12614,12614,12559,12569,28702
2020-08-13,12633,12633,12484,12514,29655
2020-08-14,12474,12539,12454,12504,35055
2020-08-18,12504,12574,12504,12554,42063
2020-08-19,12584,12584,12524,12544,26248
2020-08-20,12544,12604,12539,12604,41808
2020-08-21,12604,12604,12549,12579,25036
2020-08-24,12609,12673,12579,12643,50315
2020-08-25,12643,12643,12569,12579,37607
2020-08-26,12579,12579,12544,12544,33754
2020-08-27,12549,12579,12534,12559,39289
2020-08-28,12514,12559,12499,12499,55750
2020-08-31,12504,12559,12469,12559,81878
2020-09-01,12609,12609,12519,12524,47996
2020-09-02,12579,12618,12564,12589,83229
2020-09-03,12574,12638,12574,12628,29761
2020-09-04,12663,12688,12638,12638,61672
2020-09-07,12648,12648,12554,12584,28943
2020-09-08,12579,12604,12574,12589,21528
2020-09-09,12589,12658,12589,12623,23127
2020-09-10,12569,12599,12564,12574,24563
2020-09-11,12574,12628,12574,12604,15777
2020-09-14,13031,13031,12579,12589,21566
2020-09-15,12589,12589,12529,12534,29951
2020-09-16,12499,12554,12489,12499,26468
2020-09-17,12499,12504,12454,12484,25837
2020-09-18,12429,12429,12320,12320,33706
2020-09-21,12320,12400,12265,12295,28844
2020-09-22,12305,12375,12305,12370,16348
2020-09-23,12350,12385,12335,12375,8321
2020-09-24,12439,12459,12405,12459,13802
2020-09-25,12464,12469,12410,12469,10729
2020-09-28,12509,12509,12454,12479,16390
2020-09-29,12479,12479,12414,12449,26746
2020-10-05,12410,12410,12325,12360,35816
2020-10-06,12126,12290,12111,12270,71677
2020-10-07,12285,12335,12240,12250,14287
2020-10-08,12250,12250,12186,12201,24760
2020-10-12,12156,12156,12111,12116,35222
2020-10-13,12141,12171,12126,12131,20207
2020-10-14,12106,12176,12091,12156,26025
2020-10-15,12156,12156,12101,12101,17307
2020-10-16,12191,12191,12101,12141,16045
2020-10-19,12101,12101,12051,12081,26050
2020-10-20,12071,12071,12016,12046,21142
2020-10-21,12036,12036,11912,11922,25452
2020-10-22,11967,11977,11917,11932,21098
2020-10-23,11927,11947,11902,11912,27375
2020-10-26,11947,11947,11872,11872,15197
2020-10-27,11882,11927,11867,11872,11868
2020-10-28,11932,11942,11892,11927,28449
2020-10-29,12011,12011,11932,11942,17120
2020-10-30,11887,11952,11857,11952,21235
2020-11-02,11952,11952,11897,11917,25828
2020-11-03,11917,11942,11892,11917,20868
2020-11-04,11897,12086,11788,12001,24629
2020-11-05,12011,12011,11907,11942,12894
2020-11-06,11927,11927,11842,11842,18593
2020-11-09,11797,11802,11723,11753,21235
2020-11-10,11693,11728,11658,11683,22175
2020-11-11,11663,11668,11569,11569,28368
2020-11-12,11623,11678,11608,11663,45542
2020-11-13,11653,11723,11653,11723,10872
2020-11-16,11708,11708,11598,11623,36919
2020-11-17,11623,11623,11583,11598,18115
2020-11-18,11623,11638,11598,11603,18427
2020-11-19,11633,11723,11633,11708,14101
2020-11-20,11718,11748,11698,11723,16218
2020-11-23,11723,11723,11693,11693,34661
2020-11-24,11693,11708,11653,11678,18903
2020-11-25,11643,11648,11593,11648,35974
2020-11-26,11648,11648,11583,11583,60419
2020-11-27,11574,11628,11574,11593,21731
2020-11-30,11593,11643,11593,11643,35558
2020-12-01,11668,11668,11623,11623,35858
2020-12-02,11583,11593,11514,11534,45378
2020-12-03,11529,11529,11459,11469,25830
2020-12-04,11469,11469,11320,11335,31579
2020-12-07,11310,11335,11295,11305,46425
2020-12-08,11315,11375,11315,11355,27758
2020-12-09,11360,11375,11310,11335,24977
2020-12-10,11345,11399,11345,11389,20654
2020-12-11,11424,11464,11389,11444,23178
2020-12-14,11474,11474,11419,11439,24416
2020-12-15,11504,11514,11454,11479,28635
2020-12-16,11479,11489,11424,11489,19793
2020-12-17,11504,11504,11449,11474,17902
2020-12-18,11474,11544,11474,11544,30514
2020-12-21,11544,11593,11514,11579,96329
2020-12-22,11579,11633,11569,11623,73169
2020-12-23,11623,11673,11623,11653,97331
2020-12-24,11618,11628,11544,11564,53572
2020-12-28,11464,11569,11464,11499,62285
2020-12-29,11499,11519,11444,11459,69104
2020-12-30,11459,11464,11384,11409,55967
2021-01-04,11409,11409,11330,11360,114452
2021-01-05,11399,11419,11370,11419,54971
2021-01-06,11414,11414,11360,11370,78961
2021-01-07,11350,11360,11320,11340,60998
2021-01-08,11365,11414,11340,11340,50723
2021-01-11,11340,11429,11340,11404,68731
2021-01-12,11394,11424,11360,11399,42303
2021-01-13,11399,11399,11335,11370,34382
2021-01-14,11399,11454,11399,11409,38406
2021-01-15,11409,11444,11370,11444,53436
2021-01-18,11653,11653,11454,11484,44049
2021-01-19,11499,11499,11429,11469,33749
2021-01-20,11469,11474,11429,11454,37009
2021-01-21,11454,11464,11434,11454,31377
2021-01-22,11474,11499,11444,11474,33535
2021-01-25,11474,11509,11444,11469,45910
2021-01-26,11494,11564,11484,11564,52880
2021-01-27,11554,11554,11484,11544,47237
2021-01-28,11588,11718,11588,11718,46931
2021-01-29,11683,11703,11603,11688,53049
2021-02-01,11723,11733,11633,11638,82551
2021-02-02,11663,11668,11603,11633,50894
2021-02-03,11638,11653,11554,11598,44926
2021-02-04,11569,11628,11554,11618,28999
2021-02-05,11643,11723,11623,11673,55911
2021-02-08,11608,11643,11588,11618,47635
2021-02-09,11588,11603,11549,11588,40596
2021-02-10,11539,11559,11489,11494,42734
2021-02-15,11439,11449,11409,11409,82584
2021-02-16,11389,11409,11340,11389,43835
2021-02-17,11379,11429,11379,11409,91224
2021-02-18,11404,11434,11379,11424,52852
2021-02-19,11444,11454,11394,11399,49518
2021-02-22,11399,11399,11325,11384,49976
2021-02-23,11384,11439,11384,11419,35095
2021-02-24,11419,11469,11394,11449,38513
2021-02-25,11449,11449,11340,11345,60826
2021-02-26,11365,11429,11325,11414,105215
2021-03-02,11404,11494,11384,11469,96169
2021-03-03,11479,11494,11444,11454,32367
2021-03-04,11424,11474,11424,11454,31186
2021-03-05,11419,11469,11375,11404,35779
2021-03-08,11409,11449,11375,11424,28856
2021-03-09,11479,11544,11474,11499,43934
2021-03-10,11499,11588,11499,11554,36292
2021-03-11,11534,11554,11484,11519,26905
2021-03-12,11534,11534,11424,11444,56575
2021-03-15,11444,11464,11414,11449,38904
2021-03-16,11449,11449,11389,11409,38970
2021-03-17,11419,11434,11384,11399,26529
2021-03-18,11320,11340,11300,11330,37042
2021-03-19,11320,11375,11320,11350,26124
2021-03-22,11350,11384,11345,11355,25718
2021-03-23,11325,11360,11305,11350,14506
2021-03-24,11384,11454,11384,11449,24720
2021-03-25,11449,11469,11414,11439,24860
2021-03-26,11439,11444,11384,11384,45714
2021-03-29,11384,11414,11365,11404,44472
2021-03-30,11384,11389,11340,11360,26335
2021-03-31,11360,11389,11315,11345,24562
2021-04-01,11335,11350,11260,11335,30487
2021-04-02,11340,11355,11305,11315,44478
2021-04-05,11305,11310,11265,11280,52417
2021-04-06,11280,11280,11205,11205,54258
2021-04-07,11166,11295,11166,11235,25065
2021-04-08,11270,11280,11240,11250,26164
2021-04-09,11295,11295,11230,11285,22799
2021-04-12,11285,11345,11265,11325,31010
2021-04-13,11345,11345,11300,11310,18965
2021-04-14,11315,11340,11265,11265,22095
2021-04-15,11295,11295,11230,11255,29781
2021-04-16,11280,11335,11260,11275,21764
2021-04-19,11280,11335,11280,11305,37910
2021-04-20,11305,11305,11215,11215,37574
2021-04-21,11275,11330,11275,11325,22118
2021-04-22,11325,11335,11295,11325,27330
2021-04-23,11345,11355,11320,11320,23673
2021-04-26,11320,11320,11235,11245,49166
2021-04-27,11250,11250,11205,11220,69964
2021-04-28,11235,11240,11195,11210,23630
2021-04-29,11210,11210,11146,11156,32084
2021-04-30,11200,11215,11141,11200,29837
2021-05-03,11325,11325,11240,11325,36076
2021-05-04,11320,11350,11300,11350,62687
2021-05-06,11365,11404,11365,11399,30749
2021-05-07,11389,11389,11340,11360,25254
2021-05-10,11360,11360,11270,11290,38257
2021-05-11,11250,11360,11250,11340,27778
2021-05-12,11350,11375,11315,11375,27210
2021-05-13,11375,11419,11370,11384,39296
2021-05-14,11384,11419,11375,11384,16682
2021-05-17,11419,11494,11399,11484,26938
2021-05-18,11494,11494,11409,11419,32655
2021-05-20,11424,11434,11394,11424,19946
2021-05-21,11474,11474,11379,11399,21324
2021-05-24,11399,11419,11384,11404,26639
2021-05-25,11404,11404,11350,11370,29112
2021-05-26,11394,11394,11315,11340,30537
2021-05-27,11365,11365,11330,11345,19063
2021-05-28,11345,11345,11275,11295,23731
2021-05-31,11300,11315,11255,11265,40201
2021-06-01,11265,11265,11195,11210,46022
2021-06-02,11210,11290,11205,11285,58484
2021-06-03,11285,11305,11245,11280,57344
2021-06-04,11295,11325,11285,11295,23466
2021-06-07,11295,11310,11265,11310,25484
2021-06-08,11310,11345,11275,11325,16307
2021-06-09,11325,11384,11325,11370,19317
2021-06-10,11384,11409,11375,11384,14482
2021-06-11,11384,11399,11355,11355,18823
2021-06-14,11345,11429,11345,11419,39041
2021-06-15,11419,11419,11379,11404,24292
2021-06-16,11434,11434,11379,11379,24825
2021-06-17,11365,11464,11365,11464,15506
2021-06-18,11459,11509,11459,11479,22131
2021-06-21,11593,11633,11534,11588,40338
2021-06-22,11579,11579,11504,11534,26505
2021-06-23,11534,11593,11524,11569,18186
2021-06-24,11534,11583,11524,11544,19483
2021-06-25,11519,11534,11449,11479,36703
2021-06-28,11409,11494,11409,11489,26564
2021-06-29,11489,11603,11479,11494,40905
2021-06-30,11499,11539,11464,11464,46597
2021-07-01,11534,11559,11494,11554,30979
2021-07-02,11569,11569,11544,11554,33432
2021-07-05,11554,11569,11524,11569,39429
2021-07-06,11569,11583,11539,11539,24679
2021-07-07,11593,11693,11593,11678,41530
2021-07-08,11678,11778,11678,11768,49910
2021-07-09,11792,11842,11788,11837,53899
2021-07-12,11837,11837,11743,11778,75955
2021-07-13,11778,11807,11733,11807,43189
2021-07-14,11822,11822,11763,11778,27115
2021-07-15,11778,11807,11718,11718,35238
2021-07-16,11723,11773,11718,11738,33004
2021-07-19,11738,11847,11738,11827,51721
2021-07-20,11862,11952,11862,11932,76771
2021-07-21,11932,11997,11892,11997,51422
2021-07-22,11907,11922,11872,11892,48144
2021-07-23,11897,11902,11847,11902,33902
2021-07-26,11902,11967,11892,11962,46348
2021-07-27,11962,11962,11872,11897,40148
2021-07-28,11927,12026,11922,11962,62642
2021-07-29,11937,11937,11862,11877,49900
2021-07-30,11877,11927,11847,11927,59911
2021-08-02,11952,11972,11912,11942,90112
2021-08-03,11942,11987,11932,11932,79042
2021-08-04,11932,11957,11887,11897,71382
2021-08-05,11912,11912,11832,11877,56440
2021-08-06,11867,11867,11807,11812,36129
2021-08-09,11812,11842,11788,11802,55729
2021-08-10,11802,11857,11802,11852,24964
2021-08-11,11882,11887,11842,11882,52400
2021-08-12,11882,11937,11882,11937,29019
2021-08-13,11862,12041,11862,12041,82996
2021-08-17,12046,12191,12041,12176,73827
2021-08-18,12424,12424,12061,12091,69601
2021-08-19,12240,12240,12116,12181,49900
2021-08-20,12240,12240,12111,12210,43832
2021-08-23,12205,12205,12096,12141,52962
2021-08-24,12111,12111,12041,12051,41285
2021-08-25,12031,12061,11982,12061,34239
2021-08-26,12041,12071,11977,12056,41798
2021-08-27,12056,12086,12016,12031,68697
2021-08-30,12101,12101,11982,12046,59059
2021-08-31,12046,12066,11977,11987,75330
2021-09-01,11987,11987,11902,11932,59648
2021-09-02,11932,12001,11922,11997,64785
2021-09-03,12091,12091,11927,11952,53494
2021-09-06,11952,11982,11927,11947,47484
2021-09-07,11952,11952,11902,11932,34718
2021-09-08,11942,12001,11917,12001,36915
2021-09-09,12006,12076,12001,12046,31015
2021-09-10,12096,12116,12031,12061,38146
2021-09-13,12141,12141,12046,12106,57707
2021-09-14,12106,12116,12026,12061,27199
2021-09-15,12061,12116,12061,12096,33373
2021-09-16,12086,12101,12036,12101,45479
2021-09-17,12181,12181,12071,12101,27628
2021-09-23,12121,12201,12091,12101,87859
2021-09-24,12056,12101,11977,12051,34826
2021-09-27,12036,12051,11982,12016,51857
2021-09-28,12011,12041,12001,12006,58884
2021-09-29,12006,12056,11997,12016,57712
2021-09-30,12056,12091,12026,12051,45339
2021-10-01,12051,12131,12051,12106,53083
2021-10-05,12116,12151,12066,12111,46257
2021-10-06,12101,12116,12046,12096,52096
2021-10-07,12096,12106,12056,12106,83588
2021-10-08,12101,12161,12086,12161,32642
2021-10-12,12131,12141,12076,12141,36655
2021-10-13,12141,12141,12066,12066,26954
2021-10-14,12091,12096,12021,12031,37285
2021-10-15,12016,12041,11982,12006,22205
2021-10-18,12041,12225,11957,11972,27520
2021-10-19,12026,12031,11897,11897,36903
2021-10-20,11862,11877,11797,11817,38409
2021-10-21,11872,11882,11822,11877,34378
2021-10-22,11877,11877,11817,11822,39053
2021-10-25,11797,11857,11753,11763,64574
2021-10-26,11733,11792,11733,11788,61021
2021-10-27,11763,11812,11763,11807,34483
2021-10-28,11927,11927,11812,11852,37042
2021-10-29,11897,11897,11783,11802,65437
2021-11-01,11753,11902,11753,11877,75152
2021-11-02,11822,11892,11822,11867,90686
2021-11-03,11877,11962,11877,11947,47635
2021-11-04,11927,11932,11867,11932,65678
2021-11-05,11962,12036,11957,12006,36987
2021-11-08,12021,12061,12011,12021,54939
2021-11-09,12021,12021,11932,11967,40442
2021-11-10,11967,12041,11967,12021,32635
2021-11-11,12031,12031,11927,11927,40379
2021-11-12,11927,11927,11852,11887,29261
2021-11-15,11997,11997,11882,11932,58808
2021-11-16,11932,11952,11862,11902,37958
2021-11-17,11902,11932,11877,11897,33175
2021-11-18,11992,12026,11892,11927,28748
2021-11-19,11867,11967,11867,11967,18041
2021-11-22,11977,12041,11972,11977,44333
2021-11-23,11977,11977,11927,11957,34971
2021-11-24,11967,11977,11927,11942,77882
2021-11-25,11952,11992,11912,11987,44111
2021-11-26,12011,12096,11962,12091,113734
2021-11-29,12091,12220,12041,12191,110450
2021-11-30,12205,12205,12041,12126,120620
2021-12-01,12126,12191,11982,12006,155396
2021-12-02,11753,12136,11753,12001,189478
2021-12-03,12001,12131,11987,12131,47885
2021-12-06,11962,12136,11962,12086,110522
2021-12-07,12086,12141,12001,12011,61747
2021-12-08,12011,12011,11942,11972,51577
2021-12-09,12176,12191,11892,11937,34874
2021-12-10,11932,12006,11907,11967,42243
2021-12-13,11992,12076,11927,11987,47240
2021-12-14,12171,12171,11987,12071,42782
2021-12-15,12091,12091,12021,12071,51566
2021-12-16,12061,12086,12021,12081,17355
2021-12-17,12081,12121,12066,12096,42458
2021-12-20,12181,12181,12091,12151,38871
2021-12-21,12151,12176,12121,12151,44892
2021-12-22,12151,12161,12091,12131,34834
2021-12-23,12131,12131,12061,12091,34961
2021-12-24,12171,12171,12061,12126,34218
2021-12-27,12126,12176,12001,12081,97110
2021-12-28,12091,12091,12016,12066,66569
2021-12-29,12156,12156,12066,12101,52205
2021-12-30,12101,12101,11942,12091,45434
2022-01-03,12091,12141,11942,12086,158905
2022-01-04,12076,12076,12006,12046,93920
2022-01-05,11967,12091,11967,12076,82862
2022-01-06,12136,12141,11972,11972,72796
2022-01-07,11972,12076,11972,12016,53648
2022-01-10,12016,12016,11922,11922,68613
2022-01-11,11922,11937,11877,11897,52190
2022-01-12,11942,11942,11842,11887,60608
2022-01-13,11882,11882,11812,11857,47275
2022-01-14,11857,11887,11847,11857,44932
2022-01-17,11852,11857,11748,11827,58972
2022-01-18,11822,11822,11768,11792,37124
2022-01-19,11743,11788,11738,11773,49283
2022-01-20,11773,11832,11643,11783,37536
2022-01-21,11837,11902,11832,11887,57086
2022-01-24,11907,11907,11847,11882,70191
2022-01-25,12116,12116,11832,11917,90267
2022-01-26,11952,11952,11872,11917,52939
2022-01-27,11912,11942,11842,11887,48875
2022-01-28,11992,11992,11907,11937,63683
2022-02-03,11937,12011,11932,12001,246976
2022-02-04,12021,12021,11847,11852,113448
2022-02-07,11812,11822,11773,11817,126040
2022-02-08,11817,11817,11758,11763,42914
2022-02-09,11763,11763,11718,11758,44159
2022-02-10,11748,11758,11718,11758,38074
2022-02-11,11698,11743,11683,11698,37794
2022-02-14,11718,11758,11713,11713,51208
2022-02-15,11663,11738,11663,11733,76966
2022-02-16,11723,11723,11643,11683,25913
2022-02-17,11743,11763,11653,11688,29061
2022-02-18,11902,11907,11688,11698,27544
2022-02-21,11698,11897,11698,11728,50871
2022-02-22,11753,11812,11753,11768,44302
2022-02-23,11807,11807,11678,11723,29923
2022-02-24,11723,11887,11713,11847,51653
2022-02-25,11842,11842,11753,11773,58058
2022-02-28,11773,11917,11773,11842,66227
2022-03-02,11877,12021,11877,12016,193637
2022-03-03,12086,12101,11867,11927,88633
2022-03-04,11932,12116,11932,12041,59625
2022-03-07,12166,12280,11992,12240,93986
2022-03-08,12275,12285,12201,12265,70826
2022-03-10,12201,12201,11987,12076,42717
2022-03-11,12131,12131,12011,12091,32469
2022-03-14,12225,12225,12016,12091,33248
2022-03-15,12106,12106,11972,12001,47008
2022-03-16,11992,12036,11947,11952,25877
2022-03-17,11942,11942,11728,11743,63425
2022-03-18,11748,11753,11663,11673,44675
2022-03-21,11907,11907,11678,11723,49692
2022-03-22,11663,11792,11623,11623,54033
2022-03-23,11768,11768,11494,11529,42820
2022-03-24,11668,11668,11583,11603,27139
2022-03-25,11643,11643,11564,11613,38711
2022-03-28,11613,11613,11489,11519,72912
2022-03-29,11519,11588,11484,11504,43486
2022-03-30,11524,11534,11479,11494,55311
2022-03-31,11449,11554,11449,11544,55671
2022-04-01,11579,11588,11514,11534,71110
2022-04-04,11534,11534,11454,11454,63688
2022-04-05,11444,11504,11404,11444,53113
2022-04-06,11424,11424,11345,11350,49281
2022-04-07,11365,11434,11365,11414,31132
2022-04-08,11414,11434,11394,11404,35799
2022-04-11,11379,11439,11379,11404,57481
2022-04-12,11404,11444,11394,11404,64332
2022-04-13,11409,11459,11384,11414,51483
2022-04-14,11454,11469,11409,11454,28968
2022-04-15,11439,11454,11409,11419,26948
2022-04-18,11419,11429,11375,11394,58474
2022-04-19,11613,11613,11394,11454,35441
2022-04-20,11394,11394,11335,11350,32772
2022-04-21,11370,11429,11365,11394,23829
2022-04-22,11444,11444,11345,11345,84838
2022-04-25,11424,11544,11419,11544,66918
2022-04-26,11564,11574,11494,11534,69846
2022-04-27,11544,11783,11544,11743,115392
2022-04-28,11748,11807,11673,11773,49402
2022-04-29,11763,11763,11608,11613,53257
2022-05-02,11613,11658,11598,11623,121525
2022-05-03,11623,11623,11559,11559,57561
2022-05-04,11559,11569,11509,11559,74069
2022-05-06,11559,11633,11559,11628,121651
2022-05-09,11653,11653,11559,11579,58945
2022-05-10,11579,11733,11579,11658,65105
2022-05-11,11758,11758,11693,11713,43082
2022-05-12,11788,11907,11788,11907,41239
2022-05-13,11907,11932,11718,11857,35914
2022-05-16,11628,11882,11628,11827,62855
2022-05-17,11827,11837,11758,11773,40795
2022-05-18,11763,11763,11623,11623,26597
2022-05-19,11783,11788,11713,11768,29659
2022-05-20,11783,11783,11703,11728,26529
2022-05-23,11842,11842,11688,11703,138342
2022-05-24,11613,11713,11613,11708,20156
2022-05-25,11753,11792,11728,11792,21360
2022-05-26,11807,11847,11753,11827,39662
2022-05-27,11827,11827,11683,11718,32225
2022-05-30,11718,11718,11534,11534,33890
2022-05-31,11529,11529,11444,11444,41137
2022-06-02,11444,11549,11434,11524,96926
2022-06-03,11524,11524,11414,11459,167158
2022-06-07,11459,11524,11454,11494,69265
2022-06-08,11494,11529,11489,11489,128072
2022-06-09,11489,11529,11454,11494,35545
2022-06-10,11489,11583,11489,11574,28880
2022-06-13,11574,11638,11225,11603,72568
2022-06-14,11345,11588,11335,11539,82804
2022-06-15,11574,11574,11444,11499,33521
2022-06-16,11499,11559,11459,11549,28519
2022-06-17,11559,11643,11469,11593,41416
2022-06-20,11593,11733,11593,11618,83041
2022-06-21,11618,11628,11554,11628,44155
2022-06-22,11628,11683,11618,11683,28496
2022-06-23,11778,11832,11773,11792,55319
2022-06-24,11837,11862,11792,11832,46719
2022-06-27,11832,11832,11628,11673,74674
2022-06-28,11554,11668,11554,11623,42872
2022-06-29,11643,11797,11643,11797,32527
2022-06-30,11942,11942,11812,11842,63801
2022-07-01,11842,11977,11812,11942,117340
2022-07-04,12001,12046,11987,11997,80055
2022-07-05,11997,12006,11922,12006,90657
2022-07-06,12141,12176,12101,12141,84699
2022-07-07,12041,12076,11952,11972,28159
2022-07-08,11912,11972,11882,11952,21051
2022-07-11,11837,11912,11822,11912,77715
2022-07-12,12026,12106,12011,12066,39902
2022-07-13,12041,12056,11982,12026,40467
2022-07-14,12026,12091,12011,12071,17087
2022-07-15,12076,12201,12076,12191,64973
2022-07-18,12126,12186,12106,12121,43997
2022-07-19,12091,12101,12026,12056,57778
2022-07-20,11947,12011,11907,11997,29947
2022-07-21,12006,12041,11937,11937,27564
2022-07-22,12086,12131,12076,12111,33029
2022-07-25,12201,12210,12156,12205,44321
2022-07-26,12196,12210,12146,12161,35259
2022-07-27,12176,12210,12151,12210,49376
2022-07-28,12191,12201,12091,12091,33351
2022-07-29,12205,12245,12151,12215,73883
2022-08-01,12230,12280,12230,12250,134854
2022-08-02,12250,12375,12215,12320,293184
2022-08-03,12315,12315,12205,12245,57276
2022-08-04,12225,12250,12196,12225,51855
2022-08-05,12225,12225,12136,12146,65616
2022-08-08,12146,12146,12061,12126,43061
2022-08-09,12126,12166,12111,12131,27570
2022-08-10,12141,12161,12126,12136,42867
2022-08-11,12081,12121,12066,12106,37864
2022-08-12,12106,12106,12016,12041,32289
2022-08-16,12051,12205,12051,12176,130747
2022-08-17,12136,12161,12111,12131,29180
2022-08-18,12141,12191,12106,12181,35878
2022-08-19,12186,12255,12186,12220,39939
2022-08-22,12220,12310,12220,12310,49426
2022-08-23,12300,12315,12235,12315,39470
2022-08-24,12245,12300,12230,12265,50561
2022-08-25,12210,12215,12131,12136,49808
2022-08-26,12210,12210,12136,12136,24158
2022-08-29,11962,12260,11962,12260,58088
2022-08-30,12245,12280,12215,12260,27853
2022-08-31,12250,12275,12141,12156,42088
2022-09-01,12156,12250,12136,12220,68460
2022-09-02,12205,12260,12156,12260,62118
2022-09-05,12260,12459,12260,12414,55771
2022-09-06,12395,12434,12355,12405,39567
2022-09-07,12405,12449,12325,12380,36003
2022-09-08,12380,12499,12350,12464,862500
2022-09-13,12395,12395,12310,12340,65913
2022-09-14,12375,12464,12365,12410,41663
2022-09-15,12365,12464,12365,12429,29891
2022-09-16,12479,12479,12330,12350,21282
2022-09-19,12350,12370,12310,12365,29199
2022-09-20,12345,12360,12330,12350,20394
2022-09-21,12295,12355,12250,12355,36288
2022-09-22,12345,12459,12345,12459,40623
2022-09-23,12305,12330,12285,12310,43898
2022-09-26,12335,12489,12335,12439,70532
2022-09-27,12355,12365,12300,12325,49075
2022-09-28,12310,12390,12255,12380,59622
2022-09-29,12429,12534,12429,12484,60786
2022-09-30,12464,12489,12400,12449,53714
2022-10-04,12584,12618,12499,12499,89104
2022-10-05,12499,12539,12380,12380,55428
2022-10-06,12380,12380,12156,12210,77354
2022-10-07,12210,12280,12141,12196,34886
2022-10-11,12728,12728,12270,12315,442586
2022-10-12,12315,12390,12230,12265,39422
2022-10-13,12280,12335,12275,12315,19946
2022-10-14,12315,12330,12230,12275,34031
2022-10-17,12320,12380,12285,12335,31700
2022-10-18,12340,12340,12220,12250,19703
2022-10-19,12250,12250,12126,12201,21597
2022-10-20,12230,12230,12131,12171,157617
2022-10-21,12156,12205,12106,12181,23026
2022-10-24,12181,12290,12136,12270,27808
2022-10-25,12270,12315,12156,12220,27334
2022-10-26,12220,12260,12191,12225,24020
2022-10-27,12205,12260,12126,12161,59346
2022-10-28,12270,12325,12220,12325,58664
2022-10-31,12260,12270,12156,12270,45626
2022-11-01,12270,12280,12166,12166,69042
2022-11-02,12176,12186,12116,12141,46710
2022-11-03,12210,12210,12096,12166,31074
2022-11-04,12131,12191,12086,12121,37389
2022-11-07,11977,12076,11942,11952,49045
2022-11-08,11852,11852,11733,11768,52107
2022-11-09,11768,11788,11623,11683,53261
2022-11-10,11718,11832,11683,11788,38881
2022-11-11,11792,11902,11469,11524,70552
2022-11-14,11474,11583,11365,11549,69406
2022-11-15,11549,11559,11444,11489,42327
2022-11-16,11489,11653,11484,11588,50064
2022-11-17,11658,11822,11648,11778,39695
2022-11-18,11797,11797,11673,11748,34829
2022-11-21,11763,11892,11693,11882,56603
2022-11-22,11892,11897,11807,11877,35631
2022-11-23,11867,11877,11788,11847,23316
2022-11-24,11773,11778,11643,11678,69527
2022-11-25,11703,11748,11633,11673,40989
2022-11-28,11673,11827,11673,11812,53178
2022-11-29,11812,11827,11574,11583,85371
2022-11-30,11579,11653,11514,11544,61723
2022-12-01,11524,11544,11225,11479,82429
2022-12-02,11529,11608,11474,11544,61243
2022-12-05,11539,11554,11384,11404,301723
2022-12-06,11444,11628,11439,11623,26336
2022-12-07,11673,11743,11633,11703,29451
2022-12-08,11703,11783,11678,11748,33201
2022-12-09,11713,11713,11529,11579,114773
2022-12-12,11569,11618,11494,11593,37319
2022-12-13,11544,11569,11459,11489,83541
2022-12-14,11494,11574,11484,11554,47080
2022-12-15,11554,11603,11554,11588,28595
2022-12-16,11763,11763,11588,11618,58228
2022-12-19,11643,11658,11509,11598,41250
2022-12-20,11569,11569,11315,11355,93857
2022-12-21,11320,11330,11245,11245,34667
2022-12-22,11245,11320,11205,11240,44374
2022-12-23,11265,11320,11245,11280,35527
2022-12-26,11185,11474,11151,11315,44098
2022-12-27,11190,11205,11111,11170,45475
2022-12-28,11121,11121,11056,11081,59072
2022-12-29,11101,11101,11011,11046,50389
2023-01-02,11046,11235,11046,11235,77223
2023-01-03,11235,11250,11116,11175,56548
2023-01-04,11205,11285,11200,11245,169297
2023-01-05,11315,11320,11170,11185,48706
2023-01-06,11290,11295,11101,11161,66112
2023-01-09,11170,11170,11046,11056,62062
2023-01-10,11066,11071,11006,11051,55282
2023-01-11,11016,11091,10991,11061,50963
2023-01-12,11136,11136,11026,11101,34350
2023-01-13,11106,11141,11056,11116,33472
2023-01-16,11081,11081,11001,11016,70872
2023-01-17,11071,11076,11021,11041,46612
2023-01-18,11046,11136,11001,11061,74590
2023-01-19,11071,11195,11071,11141,36908
2023-01-20,11225,11225,11056,11121,48888
2023-01-25,11230,11230,11026,11036,104445
2023-01-26,11066,11066,11006,11036,63452
2023-01-27,10996,10996,10947,10986,76895
2023-01-30,10966,10966,10932,10952,78519
2023-01-31,10971,10971,10927,10966,79920
2023-02-01,10996,10996,10952,10986,64357
2023-02-02,10952,10971,10907,10947,222034
2023-02-03,10996,11061,10996,11056,163972
2023-02-06,11071,11126,11051,11121,123791
2023-02-07,11121,11121,11066,11101,91472
2023-02-08,11066,11146,11041,11131,63803
2023-02-09,11151,11195,11131,11146,74425
2023-02-10,11136,11151,11111,11141,71685
2023-02-13,11136,11215,11111,11210,75925
2023-02-14,11180,11185,11131,11156,42857
2023-02-15,11136,11245,11136,11230,54135
2023-02-16,11205,11245,11185,11235,51774
2023-02-17,11245,11325,11235,11300,79499
2023-02-20,11300,11320,11255,11270,69282
2023-02-21,11295,11295,11255,11285,85346
2023-02-22,11290,11295,11250,11290,80146
2023-02-23,11290,11310,11210,11240,40346
2023-02-24,11250,11330,11245,11330,41486
2023-02-27,11375,11439,11345,11439,82427
2023-02-28,11414,11474,11379,11454,58868
2023-03-02,11539,11539,11225,11305,120800
2023-03-03,11245,11255,11156,11170,406823
2023-03-06,11275,11275,11175,11195,116491
2023-03-07,11205,11225,11195,11215,49770
2023-03-08,11335,11384,11325,11360,53131
2023-03-09,11350,11384,11325,11370,37873
2023-03-10,11499,11588,11464,11534,82695
2023-03-13,11534,11564,11439,11449,86890
2023-03-14,11529,11683,11509,11653,105044
2023-03-15,11514,11514,11434,11479,65204
2023-03-16,11753,11788,11658,11683,309330
2023-03-17,11554,11569,11489,11564,68619
2023-03-20,11678,11788,11608,11788,124408
2023-03-21,11643,11733,11628,11733,63232
2023-03-22,11549,11628,11549,11613,81775
2023-03-23,11668,11673,11444,11484,88520
2023-03-24,11569,11648,11554,11643,57084
2023-03-27,11663,11748,11663,11693,148965
2023-03-28,11593,11603,11539,11583,81685
2023-03-29,11529,11583,11509,11583,54266
2023-03-30,11583,11603,11519,11539,127388
2023-03-31,11524,11574,11444,11574,162285
2023-04-03,11593,11753,11593,11708,117877
2023-04-04,11738,11802,11698,11792,322512
2023-04-05,11837,11857,11802,11807,213898
2023-04-06,11902,11952,11897,11932,183549
2023-04-07,12051,12051,11927,11927,86063
2023-04-10,11927,11927,11852,11902,113965
2023-04-11,11902,11907,11847,11877,113476
2023-04-12,11768,11887,11753,11877,112880
2023-04-13,11902,11947,11773,11802,137499
2023-04-14,11797,11797,11628,11683,261368
2023-04-17,11683,11733,11613,11698,152203
2023-04-18,11713,11733,11693,11708,275849
2023-04-19,11713,11763,11683,11743,297719
2023-04-20,11763,11827,11723,11758,122144
2023-04-21,11693,11867,11693,11852,425058
2023-04-24,11857,11902,11822,11902,205540
2023-04-25,11922,11977,11887,11922,344373
2023-04-26,11982,12046,11982,12006,157351
2023-04-27,12006,12041,11982,11987,319665
2023-04-28,12091,12091,11912,11967,217932
2023-05-02,11967,11967,11917,11952,441648
2023-05-03,12056,12086,12021,12021,445887
2023-05-04,12051,12106,11957,11972,241152
2023-05-08,11972,11972,11852,11902,333854
2023-05-09,11962,11962,11842,11882,274100
2023-05-10,11882,11892,11857,11862,140457
2023-05-11,11872,11937,11857,11937,211712
2023-05-12,12011,12081,12011,12046,117297
2023-05-15,12081,12081,11957,11982,125615
2023-05-16,11982,12096,11942,12026,82478
2023-05-17,11997,12006,11962,11977,82158
2023-05-18,12081,12081,11867,11897,253646
2023-05-19,11897,11897,11763,11768,103939
2023-05-22,11743,11743,11648,11663,160596
2023-05-23,11608,11613,11559,11588,105487
2023-05-24,11658,11678,11628,11628,154172
2023-05-25,11628,11678,11613,11678,55873
2023-05-26,11678,11683,11598,11608,168760
2023-05-30,11608,11638,11564,11628,100753
2023-05-31,11633,11728,11618,11728,87173
2023-06-01,11698,11703,11643,11658,101129
2023-06-02,11773,11773,11554,11554,179173
2023-06-05,11554,11554,11464,11474,215511
2023-06-07,11474,11519,11449,11514,67214
2023-06-08,11484,11484,11419,11419,104012
2023-06-09,11419,11424,11370,11375,58303
2023-06-12,11340,11375,11310,11315,80110
2023-06-13,11315,11315,11170,11170,135583
2023-06-14,11111,11205,11101,11190,97682
2023-06-15,11175,11255,11151,11170,110369
2023-06-16,11175,11285,11161,11170,73144
2023-06-19,11170,11260,11166,11235,61055
2023-06-20,11230,11245,11175,11205,86752
2023-06-21,11280,11365,11280,11340,79935
2023-06-22,11330,11365,11300,11365,88777
2023-06-23,11360,11429,11345,11414,50150
2023-06-26,11444,11504,11419,11459,115758
2023-06-27,11459,11499,11394,11404,45610
2023-06-28,11389,11449,11370,11439,38507
2023-06-29,11499,11559,11469,11549,56069
2023-06-30,11628,11628,11464,11464,85751
2023-07-03,11429,11449,11360,11394,185930
2023-07-04,11394,11394,11310,11340,212278
2023-07-05,11330,11384,11300,11315,67063
2023-07-06,11315,11330,11255,11270,49438
2023-07-07,11275,11290,11215,11230,76158
2023-07-10,11185,11245,11170,11230,75323
2023-07-11,11260,11260,11170,11215,55934
2023-07-12,11200,11225,11161,11175,51679
2023-07-13,11151,11185,11121,11141,72648
2023-07-14,11141,11166,11076,11111,214231
2023-07-17,11111,11116,11051,11081,99115
2023-07-18,11081,11116,11021,11056,70825
2023-07-19,11146,11146,11066,11136,44180
2023-07-20,11240,11240,11086,11151,35339
2023-07-21,11151,11210,11146,11205,48366
2023-07-24,11220,11250,11161,11170,78060
2023-07-25,11245,11245,11106,11106,125973
2023-07-26,11146,11166,11081,11091,118363
2023-07-27,11185,11185,11056,11170,87336
2023-07-28,11175,11175,11021,11041,155195
2023-07-31,11041,11071,11001,11026,92277
2023-08-01,11026,11141,11026,11141,105000
2023-08-02,11136,11235,11031,11230,65933
2023-08-03,11230,11245,11185,11190,83402
2023-08-04,11205,11250,11146,11240,50757
2023-08-07,11250,11335,11250,11295,103063
2023-08-08,11300,11434,11290,11429,87389
2023-08-09,11429,11484,11429,11444,91328
2023-08-10,11444,11444,11404,11419,61567
2023-08-11,11419,11439,11360,11439,96230
2023-08-14,11539,11539,11384,11424,75758
2023-08-16,11444,11489,11444,11479,42333
2023-08-17,11479,11479,11424,11429,111939
2023-08-18,11429,11449,11375,11449,64968
2023-08-21,11464,11484,11424,11454,79479
2023-08-22,11399,11399,11350,11360,64414
2023-08-23,11414,11414,11370,11404,36110
2023-08-24,11404,11404,11300,11325,46644
2023-08-25,11315,11360,11285,11310,35734
2023-08-28,11305,11310,11245,11305,71250
2023-08-29,11320,11365,11305,11325,38998
2023-08-30,11355,11384,11340,11379,42985
2023-08-31,11404,11404,11365,11389,29835
2023-09-01,11399,11414,11340,11360,60996
2023-09-04,11355,11355,11285,11325,56269
2023-09-05,11275,11404,11275,11404,33969
2023-09-06,11404,11434,11375,11384,61168
2023-09-07,11384,11419,11365,11404,32161
2023-09-08,11439,11444,11414,11434,35391
2023-09-11,11409,11409,11350,11375,50658
2023-09-12,11325,11340,11305,11335,43817
2023-09-13,11340,11355,11315,11355,33598
2023-09-14,11365,11379,11345,11355,32940
2023-09-15,11340,11375,11330,11335,42672
2023-09-18,11325,11325,11265,11280,35302
2023-09-19,11240,11310,11240,11305,22323
2023-09-20,11295,11310,11265,11310,26360
2023-09-21,11280,11355,11280,11340,33077
2023-09-22,11265,11315,11255,11280,42486
2023-09-25,11315,11315,11255,11295,50574
2023-09-26,11290,11370,11260,11365,63651
2023-09-27,11384,11439,11370,11394,71627
2023-10-04,11394,11394,11275,11290,123246
2023-10-05,11260,11290,11215,11260,115407
2023-10-06,11474,11474,11255,11290,76010
2023-10-10,11290,11360,11290,11325,79924
2023-10-11,11325,11325,11230,11250,185266
2023-10-12,11265,11325,11265,11295,46684
2023-10-13,11290,11330,11275,11320,34476
2023-10-16,11320,11375,11320,11350,43532
2023-10-17,11404,11404,11260,11290,28157
2023-10-18,11250,11250,11166,11175,41737
2023-10-19,11175,11205,11156,11170,33605
2023-10-20,11170,11185,11126,11136,53682
2023-10-23,11136,11245,11136,11170,66146
2023-10-24,11185,11185,11116,11136,58030
2023-10-25,11136,11205,11136,11205,65384
2023-10-26,11195,11210,11161,11205,57254
2023-10-27,11210,11240,11175,11235,59649
2023-10-30,11245,11245,11190,11200,83437
2023-10-31,11190,11225,11141,11195,73079
2023-11-01,11170,11240,11166,11230,92158
2023-11-02,11245,11285,11225,11235,125836
2023-11-03,11235,11235,11076,11111,80206
2023-11-06,11106,11111,10971,10976,110435
2023-11-07,10976,11036,10957,11016,61120
2023-11-08,11036,11081,10976,11066,37883
2023-11-09,11066,11121,10922,11096,88594
2023-11-10,11096,11096,11056,11071,38777
2023-11-13,11081,11136,11056,11131,53352
2023-11-14,11076,11175,11076,11175,45991
2023-11-15,11210,11210,11056,11086,88561
2023-11-16,11081,11116,11001,11001,49940
2023-11-17,11001,11056,10996,11046,56601
2023-11-20,11041,11051,10937,10986,128833
2023-11-21,10986,11021,10942,10996,94316
2023-11-22,11051,11091,11026,11086,72803
2023-11-23,11116,11116,11056,11071,35460
2023-11-24,11071,11106,11031,11101,41848
2023-11-27,11101,11101,11021,11066,66909
2023-11-28,11066,11071,11011,11051,43814
2023-11-29,11156,11156,11036,11111,29535
2023-11-30,11205,11205,11086,11106,80192
2023-12-01,11101,11210,11101,11195,81761
2023-12-04,11195,11270,11180,11265,77389
2023-12-05,11290,11345,11285,11330,64415
2023-12-06,11375,11389,11355,11365,106497
2023-12-07,11653,11653,11419,11479,60593
2023-12-08,11479,11479,11305,11330,48411
2023-12-11,11330,11375,11320,11340,59271
2023-12-12,11340,11375,11340,11365,40057
2023-12-13,11479,11479,11345,11404,34317
2023-12-14,11404,11409,11330,11399,134512
2023-12-15,11399,11414,11370,11409,112869
2023-12-18,11429,11444,11399,11424,99096
2023-12-19,11424,11509,11424,11489,100839
2023-12-20,11489,11489,11419,11444,65049
2023-12-21,11449,11524,11444,11514,82926
2023-12-22,11514,11514,11434,11479,101854
2023-12-26,11469,11469,11399,11419,84972
2023-12-27,11419,11434,11394,11419,58336
2023-12-28,11474,11474,11399,11429,69572
2024-01-02,11429,11479,11379,11454,144236
2024-01-03,11479,11544,11474,11479,153525
2024-01-04,11479,11554,11479,11554,72769
2024-01-05,11489,11539,11489,11524,65140
2024-01-08,11504,11519,11469,11504,72165
2024-01-09,11504,11534,11469,11524,60922
2024-01-10,11554,11593,11554,11579,54294
2024-01-11,11579,11579,11524,11529,57771
2024-01-12,11539,11593,11539,11564,82713
2024-01-15,11564,11653,11564,11633,72017
2024-01-16,11663,11718,11628,11713,69579
2024-01-17,11713,11797,11713,11773,109692
2024-01-18,11773,11773,11698,11708,51281
2024-01-19,11827,11842,11613,11658,59489
2024-01-22,11658,11678,11593,11678,58202
2024-01-23,11703,11723,11658,11668,48204
2024-01-24,11658,11703,11658,11678,52481
2024-01-25,11832,11832,11613,11643,62504
2024-01-26,11658,11713,11658,11693,42779
2024-01-29,11688,11693,11653,11668,63550
2024-01-30,11738,11738,11643,11663,61755
2024-01-31,11663,11738,11663,11728,48690
2024-02-01,11768,11842,11728,11748,78531
2024-02-02,11867,11867,11683,11703,92738
2024-02-05,11703,11703,11618,11628,73104
2024-02-06,11623,11623,11564,11588,47427
2024-02-07,11588,11633,11583,11618,31094
2024-02-08,11613,11628,11579,11608,54628
2024-02-13,11708,11708,11534,11554,93454
2024-02-14,11554,11554,11499,11524,35539
2024-02-15,11638,11638,11524,11554,31884
2024-02-16,11554,11564,11509,11544,98285
2024-02-19,11544,11544,11479,11524,80973
2024-02-20,11564,11564,11524,11544,63878
2024-02-21,11544,11593,11524,11549,97794
2024-02-22,11663,11663,11459,11474,48164
2024-02-23,11588,11588,11429,11449,71858
2024-02-26,11469,11549,11469,11534,57139
2024-02-27,11479,11519,11479,11484,50875
2024-02-28,11484,11544,11479,11519,61908
2024-02-29,11519,11554,11509,11509,48394
2024-03-04,11549,11564,11509,11559,98556
2024-03-05,11559,11583,11539,11579,58122
2024-03-06,11623,11658,11623,11628,60258
2024-03-07,11668,11668,11583,11618,40512
2024-03-08,11643,11643,11554,11554,76012
2024-03-11,11554,11554,11484,11489,68476
2024-03-12,11489,11499,11444,11474,44939
2024-03-13,11474,11474,11414,11464,47249
2024-03-14,11464,11469,11419,11459,117087
2024-03-15,11469,11509,11459,11509,69343
2024-03-18,11509,11529,11484,11529,82007
2024-03-19,11534,11569,11519,11549,38250
2024-03-20,11549,11583,11549,11574,28822
2024-03-21,11663,11663,11459,11469,56649
2024-03-22,11474,11618,11474,11618,54375
2024-03-25,11618,11703,11608,11673,66276
2024-03-26,11658,11658,11588,11623,55216
2024-03-27,11623,11713,11618,11713,55335
2024-03-28,11743,11753,11673,11703,45415
2024-03-29,11783,11783,11668,11723,39545
2024-04-01,11728,11763,11693,11758,67959
2024-04-02,11758,11758,11673,11688,107531
2024-04-03,11668,11678,11613,11643,61552
2024-04-04,11643,11643,11608,11618,38890
2024-04-05,11703,11718,11668,11703,42297
2024-04-08,11703,11703,11613,11618,61392
2024-04-09,11618,11648,11603,11643,50349
2024-04-11,11643,11648,11598,11618,55190
2024-04-12,11623,11708,11623,11708,47727
2024-04-15,11613,11837,11613,11792,71669
2024-04-16,11792,11877,11593,11817,91801
2024-04-17,11852,11852,11703,11723,138987
2024-04-18,11723,11743,11668,11698,39731
2024-04-19,11698,11892,11698,11753,83695
2024-04-22,11792,11792,11678,11703,95422
2024-04-23,11708,11718,11668,11703,52887
2024-04-24,11773,11773,11613,11628,41995
2024-04-25,11628,11693,11628,11653,50643
2024-04-26,11738,11738,11598,11633,49205
2024-04-29,11753,11753,11648,11688,54115
2024-04-30,11688,11758,11678,11743,126887
2024-05-02,11743,11758,11678,11693,90676
2024-05-03,11778,11778,11618,11628,59780
2024-05-07,11623,11743,11623,11683,58282
2024-05-08,11688,11743,11688,11728,36897
2024-05-09,11763,11763,11703,11738,39453
2024-05-10,11743,11768,11728,11763,47411
2024-05-13,11763,11788,11723,11743,57936
2024-05-14,11743,11753,11728,11748,42074
2024-05-16,11852,11852,11653,11658,73200
2024-05-17,11658,11738,11633,11708,56885
2024-05-20,11773,11773,11663,11663,50706
2024-05-21,11797,11797,11698,11718,39153
2024-05-22,11718,11763,11703,11718,48869
2024-05-23,11758,11758,11708,11718,32850
2024-05-24,11748,11763,11723,11723,52206
2024-05-27,11723,11768,11703,11703,54590
2024-05-28,11698,11698,11633,11668,28047
2024-05-29,11668,11678,11633,11643,36176
2024-05-30,11648,11743,11648,11728,52978
2024-05-31,11728,11837,11728,11837,49660
2024-06-03,11837,11857,11778,11802,68914
2024-06-04,11822,11882,11817,11872,50292
2024-06-05,11882,11932,11857,11892,49696
2024-06-07,11917,11917,11837,11867,63416
2024-06-10,11912,11917,11832,11832,50785
2024-06-11,11862,11862,11827,11857,36002
2024-06-12,11897,11922,11877,11892,51664
2024-06-13,11892,11947,11872,11937,46122
2024-06-14,11987,12016,11982,12011,37141
2024-06-17,12011,12066,12011,12041,63023
2024-06-18,11977,12021,11977,12011,74635
2024-06-19,11902,12056,11902,12056,49664
2024-06-20,12136,12136,12031,12066,33318
2024-06-21,12076,12141,12066,12086,64789
2024-06-24,12101,12126,12086,12101,60009
2024-06-25,12096,12106,12061,12091,36637
2024-06-26,12141,12141,12081,12086,46873
2024-06-27,12086,12086,12001,12011,32809
2024-06-28,12086,12086,11962,11962,51454
2024-07-01,11942,11952,11907,11932,79328
2024-07-02,11932,11992,11897,11977,123777
2024-07-03,11977,12031,11972,12021,72336
2024-07-04,12031,12066,11977,11982,54038
2024-07-05,11987,11992,11947,11992,54638
2024-07-08,11992,12061,11992,12061,79396
2024-07-09,12116,12116,12046,12056,50168
2024-07-10,12091,12091,12056,12081,35996
2024-07-11,12081,12081,12016,12031,80281
2024-07-12,12046,12101,12016,12101,97244
2024-07-15,12101,12121,12066,12116,61682
2024-07-16,12116,12166,12116,12151,61123
2024-07-17,12161,12176,12126,12146,43272
2024-07-18,12146,12156,12096,12151,60822
2024-07-19,12161,12171,12146,12156,65191
2024-07-22,12166,12171,12141,12166,43229
2024-07-23,12161,12161,12106,12136,52251
2024-07-24,12106,12141,12096,12121,31208
2024-07-25,12106,12151,12091,12131,96245
2024-07-26,12131,12151,12111,12136,81744
2024-07-29,12186,12186,12131,12156,64075
2024-07-30,12161,12186,12156,12186,51703
2024-07-31,12215,12215,12131,12131,73541
2024-08-01,12146,12146,12061,12101,64777
2024-08-02,12215,12290,12205,12235,121473
2024-08-05,12285,12489,12255,12489,278981
2024-08-06,12484,12484,12285,12340,155349
2024-08-07,12325,12330,12280,12315,105382
2024-08-08,12350,12360,12305,12335,54752
2024-08-09,12245,12290,12156,12186,125030
2024-08-12,12210,12265,12171,12255,91348
2024-08-13,12280,12290,12255,12275,76146
2024-08-14,12265,12270,12215,12240,66692
2024-08-16,12191,12191,12146,12151,73019
2024-08-19,12101,12101,11922,11952,168471
2024-08-20,11952,11962,11882,11942,96843
2024-08-21,11977,12021,11922,12011,54852
2024-08-22,11982,12051,11982,12021,41282
2024-08-23,12021,12051,11997,12011,42456
2024-08-26,11947,11997,11887,11962,106902
2024-08-27,11962,11977,11947,11952,55174
2024-08-28,11937,12031,11937,12026,48626
2024-08-29,12026,12026,11962,11977,46372
2024-08-30,11972,11982,11952,11982,37369
2024-09-02,11982,11992,11942,11957,50509
2024-09-03,11982,12036,11962,12016,46143
2024-09-04,12061,12091,12036,12086,103477
2024-09-05,12076,12091,12031,12081,66147
2024-09-06,12086,12086,12011,12031,37560
2024-09-09,12031,12141,12031,12116,53347
2024-09-10,12166,12196,12161,12181,57791
2024-09-11,12235,12245,12181,12201,77980
2024-09-12,12210,12210,12161,12161,106622
2024-09-13,12260,12260,12071,12106,120510
2024-09-19,12106,12106,12006,12051,97338
2024-09-20,12031,12076,12031,12051,49350
2024-09-23,12051,12106,12046,12091,56711
2024-09-24,12081,12096,12041,12076,38865
2024-09-25,12016,12066,11997,12066,57827
2024-09-26,12081,12081,11992,12001,47803
2024-09-27,11932,11937,11882,11907,69994
2024-09-30,11872,11872,11797,11827,73177
2024-10-02,11892,11987,11892,11947,69429
2024-10-04,11947,12021,11947,12006,64260
2024-10-07,12031,12041,11977,12016,906499
2024-10-08,12011,12051,11962,12036,62681
2024-10-10,12006,12006,11962,11987,65236
2024-10-11,11982,11997,11947,11982,42363
2024-10-14,11982,12056,11977,12026,86244
2024-10-15,12026,12096,12016,12081,93409
2024-10-16,12096,12176,12086,12141,117899
2024-10-17,12240,12240,12136,12181,78828
2024-10-18,12181,12186,12146,12146,113344
2024-10-21,12186,12210,12126,12210,103622
2024-10-22,12210,12210,12146,12166,94219
2024-10-23,12166,12191,12136,12156,65182
2024-10-24,12151,12161,12121,12146,78527
2024-10-25,12146,12260,12141,12255,199877
2024-10-28,12255,12255,12141,12141,84574
2024-10-29,12141,12151,12081,12151,92916
2024-10-30,12151,12166,12136,12151,54166
2024-10-31,12091,12096,12051,12081,71884
2024-11-01,12031,12081,12016,12076,71432
2024-11-04,12071,12071,11967,11997,115540
2024-11-05,12046,12096,12046,12091,90896
2024-11-06,12091,12151,12061,12131,119783
2024-11-07,12126,12191,12116,12136,103750
2024-11-08,12121,12136,12086,12131,80589
2024-11-11,12146,12205,12146,12176,133821
2024-11-12,12176,12250,12176,12250,86761
2024-11-13,12235,12250,12201,12205,70443
2024-11-14,12205,12225,12156,12156,89759
2024-11-15,12176,12205,12111,12126,75997
2024-11-18,12131,12131,12051,12111,118287
2024-11-19,12111,12141,12086,12101,116604
2024-11-20,12101,12146,12091,12106,47402
2024-11-21,12156,12191,12156,12166,49492
2024-11-22,12171,12201,12166,12191,43788
2024-11-25,12255,12255,12186,12245,59441
2024-11-26,12265,12340,12230,12265,71168
2024-11-27,12265,12265,12205,12240,44094
2024-11-28,12240,12315,12210,12235,34246
2024-11-29,12235,12285,12235,12265,49792
2024-12-02,12265,12365,12265,12345,93802
2024-12-03,12390,12390,12350,12355,97813
2024-12-04,12464,12479,12380,12424,116426
2024-12-05,12479,12499,12469,12489,52050
2024-12-06,12544,12609,12484,12529,53951
2024-12-09,12599,12738,12594,12723,108619
2024-12-10,12718,12718,12584,12609,85457
2024-12-11,12609,12643,12579,12609,71202
2024-12-12,12559,12599,12544,12564,97808
2024-12-13,12673,12673,12534,12544,74159
2024-12-16,12519,12549,12464,12529,101622
2024-12-17,12569,12569,12509,12534,101116
2024-12-18,12614,12614,12509,12529,36395
2024-12-19,12559,12559,12519,12549,78443
2024-12-20,12564,12564,12479,12499,695338
2024-12-23,12499,12544,12499,12544,390591
2024-12-24,12549,12554,12504,12554,57429
2024-12-26,12579,12623,12549,12609,81574
2024-12-27,12703,12837,12638,12668,192078
2024-12-30,12673,12703,12618,12703,92770
2025-01-02,12708,12718,12648,12673,161650
2025-01-03,12738,12738,12663,12698,119748
2025-01-06,12693,12698,12643,12653,185040
2025-01-07,12653,12673,12509,12544,94386
2025-01-08,12459,12529,12459,12524,70468
2025-01-09,12524,12604,12524,12584,55894
2025-01-10,12589,12604,12544,12604,79787
2025-01-13,12604,12609,12534,12549,70401
2025-01-14,12549,12549,12469,12504,49399
2025-01-15,12564,12564,12459,12489,51005
2025-01-16,12554,12559,12489,12544,97636
2025-01-17,12564,12589,12549,12589,82461
2025-01-20,12589,12589,12494,12519,94525
2025-01-21,12479,12494,12424,12474,105588
2025-01-22,12464,12464,12365,12434,78781
2025-01-23,12434,12434,12395,12410,51010
2025-01-24,12474,12474,12335,12360,98632
2025-01-31,12360,12643,12360,12609,130462
2025-02-03,12658,12788,12658,12733,135432
2025-02-04,12733,12733,12633,12688,104488
2025-02-05,12688,12688,12574,12574,105797
2025-02-06,12673,12678,12618,12633,59268
2025-02-07,12633,12648,12614,12628,132696
2025-02-10,12623,12678,12614,12628,99685
2025-02-11,12638,12673,12633,12633,58744
2025-02-12,12663,12663,12579,12609,49568
2025-02-13,12614,12614,12499,12509,119993
2025-02-14,12509,12554,12499,12539,69385
2025-02-17,12628,12638,12519,12544,78508
2025-02-18,12564,12569,12534,12549,84565
2025-02-19,12534,12534,12469,12474,73829
2025-02-20,12499,12529,12489,12504,69602
2025-02-21,12574,12574,12459,12489,67065
2025-02-24,12559,12559,12419,12459,107877
2025-02-25,12469,12544,12469,12529,56281
2025-02-26,12529,12614,12529,12599,60594
2025-02-27,12638,12723,12633,12723,67672
2025-02-28,12763,12932,12763,12927,159722
2025-03-04,13061,13061,12967,13002,163155
2025-03-05,12962,12962,12862,12877,138170
2025-03-06,12877,12877,12663,12703,70596
2025-03-07,12753,12808,12753,12803,81238
2025-03-10,12808,12877,12778,12827,66668
2025-03-11,12992,13002,12942,12967,127044
2025-03-12,12947,12947,12818,12847,61617
2025-03-13,12847,12857,12788,12852,106500
2025-03-14,12852,12877,12832,12837,64540
2025-03-17,12837,12837,12738,12763,70508
2025-03-18,12688,12818,12688,12818,72676
2025-03-19,12763,12837,12763,12813,73660
2025-03-20,12827,12947,12827,12927,64533
2025-03-21,12987,13027,12957,12962,74752
2025-03-24,12962,13002,12922,12987,53382
2025-03-25,12932,12972,12927,12952,75799
2025-03-26,12952,12952,12902,12917,55012
2025-03-27,12912,12972,12897,12902,42586
2025-03-28,12648,12947,12648,12932,61033
2025-03-31,13141,13141,13051,13111,107657
2025-04-01,13141,13141,13041,13106,125369
2025-04-02,13116,13116,13027,13056,105342
2025-04-03,13211,13226,13131,13166,194977
2025-04-04,13166,13166,12917,12977,167700
2025-04-07,13176,13360,12987,13320,405401
2025-04-08,13141,13186,13076,13181,132600
2025-04-09,13136,13196,13022,13076,206695
2025-04-10,12997,13002,12813,12872,201984
2025-04-11,12872,12872,12743,12798,151266
2025-04-14,12499,12544,12210,12479,202185
2025-04-15,12594,12609,12554,12594,76166
2025-04-16,12683,12683,12614,12638,49814
2025-04-17,12688,13036,12564,12584,87234
2025-04-18,12584,12618,12559,12594,28436
2025-04-21,12614,12614,12529,12559,60003
2025-04-22,12559,12599,12494,12519,61277
2025-04-23,12589,12648,12554,12554,82277
2025-04-24,12534,12683,12529,12678,43111
2025-04-25,12678,12778,12678,12738,104694
2025-04-28,12798,12847,12783,12827,77436
2025-04-29,12818,12857,12798,12827,73024
2025-04-30,12847,12847,12708,12718,72285
2025-05-02,12788,12847,12549,12549,189831
2025-05-07,12474,12474,12270,12410,143494
2025-05-08,12439,12459,12390,12424,77581
2025-05-09,12424,12524,12375,12390,103336
2025-05-12,12310,12424,12290,12375,77926
2025-05-13,12424,12499,12385,12469,86212
2025-05-14,12449,12499,12400,12489,61640
2025-05-15,12494,12494,12201,12240,106281
2025-05-16,12280,12355,12255,12285,85582
2025-05-19,12290,12345,12265,12280,93179
2025-05-20,12275,12300,12240,12265,87230
2025-05-21,12265,12265,12181,12186,86119
2025-05-22,12071,12096,12001,12096,104511
2025-05-23,12111,12141,12056,12076,138553
2025-05-26,12066,12066,11947,11987,122257
2025-05-27,11992,12086,11992,12061,56792
2025-05-28,12116,12151,12081,12126,60203
2025-05-29,12131,12166,12076,12076,44791
2025-05-30,12121,12201,12091,12186,58982
2025-06-02,12215,12230,12131,12141,117750
2025-06-04,12141,12171,12101,12101,146707
2025-06-05,12101,12141,12041,12076,190156
2025-06-09,11982,12008,11937,11952,129861
2025-06-10,11952,12071,11937,12036,77126
2025-06-11,12036,12116,12021,12106,68813
2025-06-12,12126,12151,12001,12031,73878
2025-06-13,12056,12220,12056,12191,144176
2025-06-16,12131,12131,12031,12056,89279
2025-06-17,12056,12091,12031,12056,56746
2025-06-18,12230,12240,12141,12141,63473
2025-06-19,12176,12300,12166,12230,93872
2025-06-20,12230,12230,12121,12136,55967
2025-06-23,12220,12295,12210,12275,81104
2025-06-24,12196,12196,12111,12126,133078
2025-06-25,12126,12196,12101,12176,113150
2025-06-26,12161,12186,12121,12141,78586
2025-06-27,12176,12186,12141,12171,56790
2025-06-30,12186,12196,12056,12091,74609
2025-07-01,12111,12191,12106,12191,89566
2025-07-02,12171,12240,12151,12196,88552
2025-07-03,12151,12215,12136,12196,105644
2025-07-04,12181,12210,12146,12176,91672
2025-07-07,12176,12230,12156,12215,127403
2025-07-08,12205,12215,12151,12171,67011
2025-07-09,12215,12225,12181,12205,49349
2025-07-10,12275,12285,12230,12230,73428
2025-07-11,12230,12272,12215,12255,61898
2025-07-14,12255,12260,12220,12260,80716
2025-07-15,12260,12300,12235,12255,90483
2025-07-16,12260,12290,12240,12265,74319
2025-07-17,12300,12340,12295,12325,323459
2025-07-18,12325,12375,12315,12360,327878
2025-07-21,12380,12385,12340,12355,338087
2025-07-22,12335,12380,12320,12365,306107
2025-07-23,12335,12335,12260,12305,58961
2025-07-24,12210,12240,12141,12166,98389
2025-07-25,12196,12275,12191,12260,63891
2025-07-28,12260,12300,12250,12290,74798
2025-07-29,12375,12385,12350,12365,69012
2025-07-30,12385,12414,12315,12350,73935
2025-07-31,12355,12454,12340,12375,81079
2025-08-01,12444,12484,12414,12474,116183
2025-08-04,12494,12539,12424,12454,137496
2025-08-05,12469,12539,12459,12519,60954
2025-08-06,12504,12524,12479,12509,49995
2025-08-07,12484,12504,12424,12434,193850
2025-08-08,12444,12504,12410,12499,70420
2025-08-11,12489,12489,12444,12474,207549
2025-08-12,12474,12509,12464,12479,68255
2025-08-13,12424,12459,12414,12424,80681
2025-08-14,12424,12489,12424,12469,121367
2025-08-18,12484,12484,12410,12429,100110
2025-08-19,12459,12464,12429,12459,85810
2025-08-20,12519,12559,12484,12549,71338
2025-08-21,12569,12574,12544,12569,71506
2025-08-22,12564,12564,12469,12479,77602
2025-08-25,12479,12504,12464,12469,127670
2025-08-26,12499,12549,12479,12544,100052
2025-08-27,12574,12579,12549,12564,50288
2025-08-28,12594,12594,12519,12539,51916
2025-08-29,12539,12569,12509,12569,84155
2025-09-01,12554,12589,12539,12579,95090
2025-09-02,12574,12579,12529,12544,79817
2025-09-03,12564,12589,12534,12544,37087
2025-09-04,12589,12620,12554,12604,135629
2025-09-05,12628,12658,12614,12628,94295
2025-09-08,12628,12693,12628,12678,331141
2025-09-09,12663,12673,12628,12663,89126
2025-09-10,12663,12668,12614,12614,114732
2025-09-11,12648,12703,12648,12688,149002
2025-09-12,12688,12688,12658,12678,100042
2025-09-15,12678,12678,12618,12643,101139
2025-09-16,12648,12648,12574,12579,86330
2025-09-17,12579,12623,12579,12609,65744
2025-09-18,12579,12653,12574,12648,77136
2025-09-19,12638,12688,12623,12658,96323
2025-09-22,12678,12693,12618,12648,101919
2025-09-23,12628,12658,12604,12643,80520
2025-09-24,12648,12698,12643,12698,116294
2025-09-25,12733,12733,12678,12698,335490
2025-09-26,12723,12783,12723,12773,117609
2025-09-29,12728,12738,12663,12673,97598
2025-09-30,12698,12743,12683,12723,81854
2025-10-01,12723,12768,12698,12708,96862
2025-10-02,12743,12793,12738,12738,98615
2025-10-10,12877,12917,12867,12907,187932
2025-10-13,12987,13051,12977,13002,197073
2025-10-14,13041,13096,13002,13096,199378
2025-10-15,13081,13081,12997,13002,177502
2025-10-16,13007,13007,12957,12962,159524
2025-10-17,13022,13066,13007,13066,213120
2025-10-20,13031,13031,12957,12982,149959
2025-10-21,13041,13091,13002,13091,104293
2025-10-22,13106,13141,13101,13116,100675
2025-10-23,13166,13236,13131,13196,138285
2025-10-24,13156,13171,13106,13151,175510
2025-10-27,13131,13131,13061,13061,195136
2025-10-28,13096,13161,13096,13156,105147
2025-10-29,13131,13151,13096,13111,128514
2025-10-30,12987,12987,12922,12982,200791
2025-10-31,12987,13022,12947,12957,124071
2025-11-03,12982,13031,12967,12987,167015
2025-11-04,12987,13101,12987,13091,164419
2025-11-05,13141,13236,13136,13211,247615
2025-11-06,13101,13156,13076,13156,92498
2025-11-07,13216,13295,13176,13280,223208
2025-11-10,13270,13270,13196,13201,443616
2025-11-11,13265,13355,13231,13310,112582
2025-11-12,13360,13415,13310,13370,153786
2025-11-13,13435,13459,13370,13385,97541
2025-11-14,13415,13430,13231,13280,100617
2025-11-17,13216,13280,13201,13260,105690
2025-11-18,13285,13370,13285,13340,103762
2025-11-19,13330,13380,13325,13360,112502
2025-11-20,13360,13375,13330,13360,101114
2025-11-21,13435,13464,13410,13464,149446
2025-11-24,13449,13519,13445,13519,143648
2025-11-25,13524,13534,13469,13489,92423
2025-11-26,13454,13464,13365,13445,142288
2025-11-27,13495,13495,13410,13435,97983
2025-11-28,13440,13515,13400,13510,117021
2025-12-01,13440,13475,13405,13460,98072
2025-12-02,13435,13450,13385,13405,128952
2025-12-03,13405,13460,13400,13430,64721
2025-12-04,13425,13485,13395,13475,87698
2025-12-05,13470,13470,13415,13415,95549
2025-12-08,13415,13425,13345,13365,145024
2025-12-09,13355,13380,13345,13375,142307
2025-12-10,13355,13370,13325,13350,110355
2025-12-11,13345,13430,13330,13430,111684
2025-12-12,13415,13425,13390,13405,96654
2025-12-15,13405,13440,13365,13385,143079
2025-12-16,13385,13445,13365,13445,88526
2025-12-17,13445,13490,13430,13465,162850
2025-12-18,13480,13490,13430,13470,71707
2025-12-19,13470,13500,13450,13480,148286
2025-12-22,13465,13490,13440,13470,117103
2025-12-23,13470,13520,13465,13505,128206
2025-12-24,13485,13485,13215,13225,155416
2025-12-26,13225,13250,13030,13130,174896
2025-12-29,13130,13170,13055,13055,135795
2025-12-30,13130,13150,13065,13150,109052
2026-01-02,13125,13140,13090,13115,244017
2026-01-05,13125,13180,13125,13135,224213
2026-01-06,13155,13215,13140,13165,136095
2026-01-07,13190,13220,13180,13185,221780
2026-01-08,13200,13245,13200,13245,147690
2026-01-09,13245,13285,13215,13270,151167
2026-01-12,13295,13375,13270,13360,234179
2026-01-13,13380,13415,13365,13390,148071
2026-01-14,13455,13460,13420,13450,120418
2026-01-15,13380,13430,13370,13405,144448
2026-01-16,13385,13425,13360,13410,131650
2026-01-19,13390,13390,13335,13355,148662
2026-01-20,13355,13400,13340,13375,126763
2026-01-21,13375,13385,13265,13300,153265
2026-01-22,13285,13330,13265,13305,345358
2026-01-23,13280,13305,13260,13275,123583
2026-01-26,13140,13155,13040,13070,677012
2026-01-27,13150,13165,13060,13060,220225
2026-01-28,13000,13000,12865,12895,291106
2026-01-29,12930,12950,12875,12900,299438
2026-01-30,12950,13040,12945,13010,499017
2026-02-02,13135,13275,13125,13275,575348
2026-02-03,13170,13175,13095,13095,210079
2026-02-04,13130,13170,13120,13125,168971
2026-02-05,13240,13310,13220,13310,343067
2026-02-06,13425,13470,13370,13380,256199
2026-02-09,13330,13345,13270,13270,166719
2026-02-10,13270,13300,13245,13290,93366
2026-02-11,13325,13330,13250,13250,160626
2026-02-12,13210,13235,13110,13140,111942
2026-02-13,13185,13230,13175,13230,105315
2026-02-19,13295,13340,13240,13240,165661
2026-02-20,13285,13310,13255,13255,116543
2026-02-23,13195,13265,13180,13220,171186
2026-02-24,13275,13320,13270,13270,141331
2026-02-25,13270,13270,13130,13135,151097
2026-02-26,13115,13145,13030,13095,136937
2026-02-27,13180,13270,13170,13270,152175
2026-03-03,13420,13490,13405,13450,239532
2026-03-04,13545,13615,13500,13550,262226
2026-03-05,13425,13445,13335,13440,206515
2026-03-06,13495,13525,13420,13480,131843
2026-03-09,13570,13655,13515,13605,159838
2026-03-10,13465,13525,13435,13445,130543
2026-03-11,13465,13475,13380,13410,108663
2026-03-12,13450,13485,13420,13455,82330
2026-03-13,13530,13530,13475,13530,71685
2026-03-16,13580,13610,13550,13605,141190
2026-03-17,13580,13595,13535,13570,95599
2026-03-18,13550,13565,13510,13530,79372
2026-03-19,13625,13630,13545,13595,82415
2026-03-20,13465,13590,13450,13590,79290
2026-03-23,13520,13605,13490,13605,118465
2026-03-24,13480,13525,13445,13460,78762
2026-03-25,13455,13520,13430,13510,59115
2026-03-26,13570,13595,13545,13580,58164
2026-03-27,13550,13570,13490,13525,87871
2026-03-30,13585,13645,13565,13635,105393
2026-03-31,13695,13885,13685,13855,127476
2026-04-01,13685,13710,13620,13635,119599
2026-04-02,13650,13735,13625,13690,140423
2026-04-03,13670,13670,13605,13615,70731
2026-04-06,13615,13645,13565,13590,83110
2026-04-07,13645,13655,13560,13580,54105
2026-04-08,13455,13460,13380,13390,124786
2026-04-09,13415,13460,13390,13450,103442
2026-04-10,13395,13440,13370,13430,103520
2026-04-13,13490,13530,13430,13465,100423
2026-04-14,13425,13470,13390,13440,103679
2026-04-15,13400,13420,13375,13405,96486
2026-04-16,13395,13405,13330,13385,81161
2026-04-17,13405,13435,13390,13430,80355
2026-04-20,13430,13435,13375,13420,110992
2026-04-21,13400,13400,13345,13360,121914
2026-04-22,13410,13440,13380,13395,103158
2026-04-23,13405,13445,13385,13410,226247
2026-04-24,13410,13430,13395,13415,80307
2026-04-27,13390,13390,13310,13330,143277
2026-04-28,13330,13355,13305,13320,95446
2026-04-29,13295,13370,13295,13365,69743
2026-04-30,13365,13380,13325,13335,113937
2026-05-04,13310,13310,13195,13195,266450
2026-05-06,13195,13200,13085,13115,166454
2026-05-07,13085,13155,13070,13155,117972
2026-05-08,13155,13255,13145,13255,126144
2026-05-11,13240,13315,13200,13280,140458
2026-05-12,13280,13395,13270,13385,203520
2026-05-13,13390,13470,13385,13385,98418
2026-05-14,13385,13425,13370,13400,97684
2026-05-15,13400,13480,13390,13430,130744
2026-05-18,13365,13405,13340,13360,129825
2026-05-19,13330,13445,13320,13420,95259
2026-05-20,13415,13440,13355,13405,101464
2026-05-21,13390,13450,13365,13420,78390
