date,close,volume,inst_net_buy,foreign_net_buy,foreign_net_buy_norm,inst_net_buy_norm,foreign_ratio_feat,short_proxy_score,source
2021-12-22,9479,342620,0,0,-0.0,0.0,,0.0,ohlcv_proxy
2021-12-23,9712,307051,0,0,0.0,0.0,,0.0,ohlcv_proxy
2021-12-24,9851,670548,0,0,0.0,0.0,,0.0,ohlcv_proxy
2021-12-27,9891,539480,0,0,0.0,0.0,,0.0,ohlcv_proxy
2021-12-28,10149,461399,0,0,1e-06,0.0,,0.0,ohlcv_proxy
2021-12-29,10159,403772,0,0,0.0,0.0,,0.0,ohlcv_proxy
2021-12-30,10070,242474,0,0,0.0,0.0,,0.0,ohlcv_proxy
2022-01-03,9980,399428,0,0,0.0,0.0,,0.0,ohlcv_proxy
2022-01-04,10124,613813,0,0,0.0,0.0,,0.0,ohlcv_proxy
2022-01-05,9727,544796,0,0,-0.0,0.0,,0.0,ohlcv_proxy
2022-01-06,9082,1001075,0,0,-1e-06,-0.1,-0.003052,0.0,ohlcv_proxy
2022-01-07,9236,490948,0,0,-1e-06,-0.1,-0.008395,0.0,ohlcv_proxy
2022-01-10,9072,357154,0,0,-1e-06,-0.1,-0.017582,0.0,ohlcv_proxy
2022-01-11,8993,309280,0,0,-1e-06,-0.1,-0.036123,0.0,ohlcv_proxy
2022-01-12,9335,374958,0,0,-0.0,-0.1,-0.044319,0.0,ohlcv_proxy
2022-01-13,9300,313451,0,0,-0.0,-0.1,-0.038175,0.0,ohlcv_proxy
2022-01-14,8928,710519,0,0,-1e-06,-0.1,-0.042566,0.0,ohlcv_proxy
2022-01-17,8943,204621,0,0,-1e-06,-0.1,-0.044828,0.0,ohlcv_proxy
2022-01-18,8839,406193,0,0,-1e-06,-0.1,-0.048514,0.0,ohlcv_proxy
2022-01-19,8402,524115,0,0,-1e-06,-0.1,-0.064878,0.0,ohlcv_proxy
2022-01-20,8457,278870,0,0,-1e-06,0.0,-0.074313,0.0,ohlcv_proxy
2022-01-21,8015,958892,0,0,-2e-06,-0.1,-0.097127,0.0,ohlcv_proxy
2022-01-24,7831,471651,0,0,-2e-06,-0.1,-0.101575,0.0,ohlcv_proxy
2022-01-25,7553,732254,0,0,-2e-06,-0.1,-0.113431,0.0,ohlcv_proxy
2022-01-26,7484,619525,0,0,-2e-06,-0.1,-0.118154,0.0,ohlcv_proxy
2022-01-27,7146,529759,0,0,-2e-06,-0.1,-0.122214,0.0,ohlcv_proxy
2022-01-28,7399,423596,0,0,-2e-06,-0.1,-0.132521,0.0,ohlcv_proxy
2022-02-03,7970,824392,0,0,-1e-06,0.0,-0.113336,0.0,ohlcv_proxy
2022-02-04,8020,317229,0,0,-0.0,0.0,-0.095163,0.0,ohlcv_proxy
2022-02-07,7906,178783,0,0,-1e-06,0.0,-0.079416,0.0,ohlcv_proxy
2022-02-08,7772,265671,0,0,-1e-06,0.0,-0.050171,0.0,ohlcv_proxy
2022-02-09,8010,226950,0,0,-0.0,0.1,-0.028197,0.0,ohlcv_proxy
2022-02-10,8189,201921,0,0,0.0,0.1,-0.020758,0.0,ohlcv_proxy
2022-02-11,7762,472824,0,0,-1e-06,0.1,-0.025369,0.0,ohlcv_proxy
2022-02-14,7419,384712,0,0,-1e-06,0.1,-0.030402,0.0,ohlcv_proxy
2022-02-15,7424,239099,0,0,-1e-06,0.1,-0.029869,0.0,ohlcv_proxy
2022-02-16,7737,167822,0,0,-0.0,0.1,-0.024686,0.0,ohlcv_proxy
2022-02-17,7672,307244,0,0,-0.0,0.0,-0.029085,0.0,ohlcv_proxy
2022-02-18,7414,537978,0,0,-1e-06,0.0,-0.033865,0.0,ohlcv_proxy
2022-02-21,7211,550545,0,0,-1e-06,0.0,-0.033838,0.0,ohlcv_proxy
2022-02-22,6824,1017384,0,0,-2e-06,-0.1,-0.050415,0.1,ohlcv_proxy
2022-02-23,7097,422590,0,0,-1e-06,-0.1,-0.047667,0.1,ohlcv_proxy
2022-02-24,6303,2847109,0,0,-3e-06,-0.2,-0.071878,0.2,ohlcv_proxy
2022-02-25,6987,1769677,0,0,-1e-06,-0.1,-0.061872,0.2,ohlcv_proxy
2022-02-28,6987,1896488,0,0,-1e-06,-0.1,-0.052217,0.2,ohlcv_proxy
2022-03-02,7176,1036489,0,0,-0.0,-0.1,-0.046266,0.2,ohlcv_proxy
2022-03-03,7365,751201,0,0,-0.0,-0.1,-0.041718,0.2,ohlcv_proxy
2022-03-04,7097,2318857,0,0,-1e-06,-0.2,0.002976,0.3,ohlcv_proxy
2022-03-07,6714,1515987,0,0,-1e-06,-0.3,0.002518,0.3,ohlcv_proxy
2022-03-08,6278,1843986,0,0,-2e-06,-0.4,-0.011042,0.3,ohlcv_proxy
2022-03-10,6779,946400,0,0,-1e-06,-0.3,-0.016275,0.2,ohlcv_proxy
2022-03-11,6695,1367439,0,0,-1e-06,-0.3,-0.022805,0.2,ohlcv_proxy
2022-03-14,6491,1601860,0,0,-1e-06,-0.2,-0.04178,0.1,ohlcv_proxy
2022-03-15,6198,2054564,0,0,-2e-06,-0.4,-0.049658,0.1,ohlcv_proxy
2022-03-16,6630,1425153,0,0,-1e-06,-0.4,-0.03573,0.1,ohlcv_proxy
2022-03-17,7042,1201101,0,0,0.0,-0.4,-0.029347,0.1,ohlcv_proxy
2022-03-18,7121,1048915,0,0,0.0,-0.4,-0.022366,0.1,ohlcv_proxy
2022-03-21,7389,1132740,0,0,1e-06,-0.3,-0.001501,0.0,ohlcv_proxy
2022-03-22,7414,927863,0,0,1e-06,-0.2,0.042786,0.0,ohlcv_proxy
2022-03-23,7752,715666,0,0,1e-06,-0.1,0.073127,0.0,ohlcv_proxy
2022-03-24,7608,700307,0,0,1e-06,-0.1,0.087133,0.0,ohlcv_proxy
2022-03-25,7881,993907,0,0,1e-06,-0.1,0.10704,0.0,ohlcv_proxy
2022-03-28,7767,685120,0,0,1e-06,-0.1,0.106039,0.0,ohlcv_proxy
2022-03-29,8099,1057068,0,0,1e-06,0.0,0.122589,0.0,ohlcv_proxy
2022-03-30,8347,984618,0,0,2e-06,0.0,0.131745,0.0,ohlcv_proxy
2022-03-31,8243,717388,0,0,1e-06,0.0,0.141219,0.0,ohlcv_proxy
2022-04-01,8020,854571,0,0,1e-06,0.0,0.142074,0.0,ohlcv_proxy
2022-04-04,7970,704048,0,0,1e-06,0.0,0.142065,0.0,ohlcv_proxy
2022-04-05,8223,828540,0,0,1e-06,0.0,0.134713,0.0,ohlcv_proxy
2022-04-06,7891,877134,0,0,0.0,0.0,0.10313,0.0,ohlcv_proxy
2022-04-07,7573,1281292,0,0,-0.0,0.0,0.074488,0.0,ohlcv_proxy
2022-04-08,7643,687513,0,0,0.0,0.0,0.058089,0.0,ohlcv_proxy
2022-04-11,7300,1023275,0,0,-1e-06,0.0,0.03014,0.0,ohlcv_proxy
2022-04-12,6997,1241880,0,0,-1e-06,0.0,-0.018003,0.0,ohlcv_proxy
2022-04-13,7102,1094349,0,0,-1e-06,0.0,-0.042564,0.0,ohlcv_proxy
2022-04-14,7305,1018059,0,0,-0.0,0.0,-0.054001,0.0,ohlcv_proxy
2022-04-15,6973,454342,0,0,-1e-06,0.0,-0.0665,0.0,ohlcv_proxy
2022-04-18,6809,735242,0,0,-1e-06,0.0,-0.075942,0.0,ohlcv_proxy
2022-04-19,7022,607529,0,0,-1e-06,0.0,-0.072959,0.0,ohlcv_proxy
2022-04-20,7082,705313,0,0,-0.0,0.0,-0.070567,0.0,ohlcv_proxy
2022-04-21,7082,616898,0,0,-0.0,0.0,-0.078133,0.0,ohlcv_proxy
2022-04-22,6739,1514791,0,0,-1e-06,-0.1,-0.079078,0.0,ohlcv_proxy
2022-04-25,6283,2460424,0,0,-2e-06,-0.2,-0.092208,0.1,ohlcv_proxy
2022-04-26,6531,1098554,0,0,-1e-06,-0.2,-0.089097,0.1,ohlcv_proxy
2022-04-27,6129,2657098,0,0,-2e-06,-0.3,-0.091395,0.2,ohlcv_proxy
2022-04-28,6233,1114661,0,0,-2e-06,-0.3,-0.090625,0.2,ohlcv_proxy
2022-04-29,6387,1175712,0,0,-1e-06,-0.3,-0.090457,0.2,ohlcv_proxy
2022-05-02,5960,2430794,0,0,-2e-06,-0.4,-0.086875,0.3,ohlcv_proxy
2022-05-03,6099,1206496,0,0,-1e-06,-0.4,-0.083843,0.3,ohlcv_proxy
2022-05-04,6119,937390,0,0,-1e-06,-0.4,-0.075035,0.3,ohlcv_proxy
2022-05-06,5871,2677668,0,0,-2e-06,-0.5,-0.071566,0.4,ohlcv_proxy
2022-05-09,5608,2477980,0,0,-2e-06,-0.5,-0.079203,0.4,ohlcv_proxy
2022-05-10,5439,2821146,0,0,-3e-06,-0.5,-0.083652,0.3,ohlcv_proxy
2022-05-11,5489,1345733,0,0,-2e-06,-0.5,-0.085864,0.3,ohlcv_proxy
2022-05-12,5042,3584971,0,0,-4e-06,-0.5,-0.095362,0.3,ohlcv_proxy
2022-05-13,5176,2016862,0,0,-3e-06,-0.5,-0.104304,0.3,ohlcv_proxy
2022-05-16,5300,2231507,0,0,-2e-06,-0.5,-0.106665,0.3,ohlcv_proxy
2022-05-17,5374,1051088,0,0,-2e-06,-0.4,-0.107874,0.2,ohlcv_proxy
2022-05-18,5504,1660452,0,0,-1e-06,-0.4,-0.100563,0.2,ohlcv_proxy
2022-05-19,4987,4301369,0,0,-3e-06,-0.5,-0.088508,0.3,ohlcv_proxy
2022-05-20,5057,2062739,0,0,-2e-06,-0.4,-0.083753,0.2,ohlcv_proxy
2022-05-23,5087,2195369,0,0,-2e-06,-0.3,-0.079854,0.2,ohlcv_proxy
2022-05-24,4878,2481521,0,0,-3e-06,-0.2,-0.078521,0.2,ohlcv_proxy
2022-05-25,4928,1347888,0,0,-2e-06,-0.2,-0.084371,0.2,ohlcv_proxy
2022-05-26,4953,2003689,0,0,-2e-06,-0.1,-0.073984,0.1,ohlcv_proxy
2022-05-27,5255,2678393,0,0,-1e-06,-0.1,-0.058704,0.1,ohlcv_proxy
2022-05-30,5786,2304962,0,0,1e-06,-0.1,-0.029878,0.1,ohlcv_proxy
2022-05-31,5677,2290333,0,0,1e-06,-0.1,0.006548,0.1,ohlcv_proxy
2022-06-02,5518,1679520,0,0,0.0,-0.1,0.023712,0.1,ohlcv_proxy
2022-06-03,5806,1436162,0,0,1e-06,0.0,0.05112,0.0,ohlcv_proxy
2022-06-07,5479,1272703,0,0,-0.0,0.0,0.072788,0.0,ohlcv_proxy
2022-06-08,5603,1088819,0,0,0.0,0.0,0.066632,0.0,ohlcv_proxy
2022-06-09,5528,1317058,0,0,0.0,0.0,0.06037,0.0,ohlcv_proxy
2022-06-10,5325,1168053,0,0,-1e-06,0.0,0.055779,0.0,ohlcv_proxy
2022-06-13,4680,4333818,0,0,-3e-06,-0.1,-0.022401,0.1,ohlcv_proxy
2022-06-14,4605,3187689,0,0,-3e-06,-0.2,-0.050002,0.1,ohlcv_proxy
2022-06-15,4521,1875297,0,0,-3e-06,-0.2,-0.067734,0.1,ohlcv_proxy
2022-06-16,4595,1882429,0,0,-2e-06,-0.2,-0.083352,0.1,ohlcv_proxy
2022-06-17,4367,2529689,0,0,-3e-06,-0.2,-0.095004,0.1,ohlcv_proxy
2022-06-20,4441,1442824,0,0,-3e-06,-0.2,-0.104279,0.1,ohlcv_proxy
2022-06-21,4531,1228560,0,0,-2e-06,-0.2,-0.107375,0.1,ohlcv_proxy
2022-06-22,4486,1929523,0,0,-2e-06,-0.2,-0.103495,0.1,ohlcv_proxy
2022-06-23,4585,1245347,0,0,-1e-06,-0.2,-0.104575,0.1,ohlcv_proxy
2022-06-24,4824,1267215,0,0,-0.0,-0.2,-0.084191,0.1,ohlcv_proxy
2022-06-27,5062,1964439,0,0,1e-06,-0.1,-0.05485,0.0,ohlcv_proxy
2022-06-28,5052,1548192,0,0,1e-06,0.0,-0.032756,0.0,ohlcv_proxy
2022-06-29,4700,1360798,0,0,-1e-06,0.0,-0.007388,0.0,ohlcv_proxy
2022-06-30,4575,1055076,0,0,-1e-06,0.0,0.006299,0.0,ohlcv_proxy
2022-07-01,4491,1339778,0,0,-2e-06,0.0,0.003153,0.0,ohlcv_proxy
2022-07-04,4595,769935,0,0,-1e-06,0.0,-0.009473,0.0,ohlcv_proxy
2022-07-05,4695,1207397,0,0,-0.0,0.0,-0.023532,0.0,ohlcv_proxy
2022-07-06,4734,1339805,0,0,-0.0,0.0,-0.01613,0.0,ohlcv_proxy
2022-07-07,4878,1311620,0,0,0.0,0.0,0.003016,0.0,ohlcv_proxy
2022-07-08,4992,901429,0,0,1e-06,0.0,0.026888,0.0,ohlcv_proxy
2022-07-11,4948,580344,0,0,1e-06,0.0,0.036036,0.0,ohlcv_proxy
2022-07-12,4784,664236,0,0,-0.0,0.0,0.039813,0.0,ohlcv_proxy
2022-07-13,4769,1053993,0,0,-0.0,0.0,0.039998,0.0,ohlcv_proxy
2022-07-14,4709,736719,0,0,-0.0,0.0,0.031411,0.0,ohlcv_proxy
2022-07-15,4794,986605,0,0,-0.0,0.0,0.013444,0.0,ohlcv_proxy
2022-07-18,5022,981531,0,0,1e-06,0.0,0.013481,0.0,ohlcv_proxy
2022-07-19,4883,886916,0,0,0.0,0.0,0.013469,0.0,ohlcv_proxy
2022-07-20,5196,1297071,0,0,1e-06,0.0,0.025909,0.0,ohlcv_proxy
2022-07-21,5320,885153,0,0,2e-06,0.0,0.039519,0.0,ohlcv_proxy
2022-07-22,5379,954236,0,0,2e-06,0.0,0.057431,0.0,ohlcv_proxy
2022-07-25,5270,699626,0,0,1e-06,0.0,0.067544,0.0,ohlcv_proxy
2022-07-26,5191,548536,0,0,1e-06,0.0,0.081686,0.0,ohlcv_proxy
2022-07-27,5166,1069340,0,0,1e-06,0.0,0.074675,0.0,ohlcv_proxy
2022-07-28,5404,1232305,0,0,1e-06,0.0,0.069365,0.0,ohlcv_proxy
2022-07-29,5697,1412880,0,0,2e-06,0.0,0.070706,0.0,ohlcv_proxy
2022-08-01,5697,623626,0,0,2e-06,0.0,0.073633,0.0,ohlcv_proxy
2022-08-02,5687,583604,0,0,2e-06,0.0,0.075624,0.0,ohlcv_proxy
2022-08-03,5727,630597,0,0,2e-06,0.0,0.086967,0.0,ohlcv_proxy
2022-08-04,5975,965145,0,0,2e-06,0.0,0.100933,0.0,ohlcv_proxy
2022-08-05,6094,831651,0,0,2e-06,0.0,0.109103,0.0,ohlcv_proxy
2022-08-08,6010,645680,0,0,2e-06,0.0,0.111479,0.0,ohlcv_proxy
2022-08-09,5945,620620,0,0,2e-06,0.0,0.110388,0.0,ohlcv_proxy
2022-08-10,5757,693768,0,0,1e-06,0.0,0.100005,0.0,ohlcv_proxy
2022-08-11,6154,1215403,0,0,2e-06,0.0,0.094081,0.0,ohlcv_proxy
2022-08-12,6084,537622,0,0,1e-06,0.0,0.081241,0.0,ohlcv_proxy
2022-08-16,6347,1079832,0,0,2e-06,0.0,0.081632,0.0,ohlcv_proxy
2022-08-17,6342,653619,0,0,2e-06,0.0,0.079836,0.0,ohlcv_proxy
2022-08-18,6164,671322,0,0,1e-06,0.0,0.080668,0.0,ohlcv_proxy
2022-08-19,6164,707697,0,0,1e-06,0.0,0.075051,0.0,ohlcv_proxy
2022-08-22,5910,767213,0,0,0.0,0.0,0.062047,0.0,ohlcv_proxy
2022-08-23,5618,936582,0,0,-1e-06,0.0,0.027652,0.0,ohlcv_proxy
2022-08-24,5642,560738,0,0,-0.0,0.0,0.005192,0.0,ohlcv_proxy
2022-08-25,5811,810133,0,0,0.0,0.0,-0.013303,0.0,ohlcv_proxy
2022-08-26,5846,631321,0,0,0.0,0.0,-0.029774,0.0,ohlcv_proxy
2022-08-29,5280,1592817,0,0,-2e-06,-0.1,-0.055404,0.1,ohlcv_proxy
2022-08-30,5365,1102964,0,0,-1e-06,-0.1,-0.060658,0.1,ohlcv_proxy
2022-08-31,5275,1883211,0,0,-1e-06,-0.2,-0.066152,0.1,ohlcv_proxy
2022-09-01,5002,1872837,0,0,-2e-06,-0.3,-0.080699,0.1,ohlcv_proxy
2022-09-02,5106,888467,0,0,-2e-06,-0.3,-0.086057,0.1,ohlcv_proxy
2022-09-05,4987,1228996,0,0,-2e-06,-0.3,-0.085776,0.1,ohlcv_proxy
2022-09-06,5052,681115,0,0,-1e-06,-0.3,-0.08868,0.1,ohlcv_proxy
2022-09-07,4893,1505888,0,0,-2e-06,-0.4,-0.097014,0.1,ohlcv_proxy
2022-09-08,5141,1210562,0,0,-1e-06,-0.4,-0.086642,0.1,ohlcv_proxy
2022-09-13,5533,2119901,0,0,1e-06,-0.3,-0.053655,0.1,ohlcv_proxy
2022-09-14,4923,3762966,0,0,-2e-06,-0.3,-0.050934,0.1,ohlcv_proxy
2022-09-15,4958,1314455,0,0,-1e-06,-0.3,-0.042338,0.1,ohlcv_proxy
2022-09-16,4734,1653972,0,0,-2e-06,-0.2,-0.03641,0.1,ohlcv_proxy
2022-09-19,4704,1269213,0,0,-2e-06,-0.1,-0.037748,0.1,ohlcv_proxy
2022-09-20,4843,1100577,0,0,-1e-06,-0.1,-0.058145,0.1,ohlcv_proxy
2022-09-21,4749,1123404,0,0,-2e-06,-0.1,-0.062618,0.1,ohlcv_proxy
2022-09-22,4531,2286851,0,0,-2e-06,-0.2,-0.072673,0.1,ohlcv_proxy
2022-09-23,4451,1773997,0,0,-3e-06,-0.1,-0.077113,0.1,ohlcv_proxy
2022-09-26,4223,1901280,0,0,-3e-06,-0.1,-0.085473,0.1,ohlcv_proxy
2022-09-27,4417,1470536,0,0,-2e-06,-0.2,-0.089653,0.1,ohlcv_proxy
2022-09-28,4228,2103131,0,0,-3e-06,-0.1,-0.095411,0.0,ohlcv_proxy
2022-09-29,4367,1426183,0,0,-2e-06,-0.1,-0.097116,0.0,ohlcv_proxy
2022-09-30,4238,1994518,0,0,-2e-06,-0.1,-0.094801,0.0,ohlcv_proxy
2022-10-04,4357,1356358,0,0,-2e-06,-0.1,-0.083267,0.0,ohlcv_proxy
2022-10-05,4446,1729462,0,0,-1e-06,-0.1,-0.076572,0.0,ohlcv_proxy
2022-10-06,4511,980684,0,0,-1e-06,-0.1,-0.062445,0.0,ohlcv_proxy
2022-10-07,4382,741500,0,0,-1e-06,0.0,-0.059164,0.0,ohlcv_proxy
2022-10-11,3975,3016461,0,0,-3e-06,-0.1,-0.070749,0.0,ohlcv_proxy
2022-10-12,3990,1540337,0,0,-3e-06,-0.1,-0.076409,0.0,ohlcv_proxy
2022-10-13,3891,1050416,0,0,-3e-06,-0.1,-0.082478,0.0,ohlcv_proxy
2022-10-14,4124,2047583,0,0,-1e-06,-0.1,-0.075344,0.0,ohlcv_proxy
2022-10-17,3910,2942540,0,0,-3e-06,-0.2,-0.075648,0.0,ohlcv_proxy
2022-10-18,4238,2960025,0,0,-0.0,-0.1,-0.052748,0.0,ohlcv_proxy
2022-10-19,4183,1110359,0,0,-1e-06,-0.1,-0.042996,0.0,ohlcv_proxy
2022-10-20,4069,1855392,0,0,-1e-06,-0.1,-0.032732,0.0,ohlcv_proxy
2022-10-21,4015,1242422,0,0,-1e-06,-0.1,-0.030983,0.0,ohlcv_proxy
2022-10-24,4283,2005951,0,0,0.0,-0.1,-0.003576,0.0,ohlcv_proxy
2022-10-25,4367,957964,0,0,1e-06,0.0,-0.001521,0.0,ohlcv_proxy
2022-10-26,4357,1278992,0,0,0.0,0.0,0.004717,0.0,ohlcv_proxy
2022-10-27,4367,1281485,0,0,0.0,0.0,0.021776,0.0,ohlcv_proxy
2022-10-28,4089,2374776,0,0,-1e-06,0.0,0.020456,0.0,ohlcv_proxy
2022-10-31,4382,3247805,0,0,1e-06,0.2,0.026871,0.0,ohlcv_proxy
2022-11-01,4387,1172704,0,0,1e-06,0.1,0.026915,0.0,ohlcv_proxy
2022-11-02,4278,1197523,0,0,-0.0,0.1,0.02522,0.0,ohlcv_proxy
2022-11-03,3965,4301117,0,0,-2e-06,0.0,0.005039,0.1,ohlcv_proxy
2022-11-04,3851,4175119,0,0,-2e-06,-0.1,-0.004975,0.2,ohlcv_proxy
2022-11-07,3900,2562025,0,0,-2e-06,-0.1,-0.026899,0.2,ohlcv_proxy
2022-11-08,3985,2499323,0,0,-1e-06,-0.1,-0.035132,0.2,ohlcv_proxy
2022-11-09,4049,2799508,0,0,-1e-06,-0.1,-0.037053,0.2,ohlcv_proxy
2022-11-10,3900,2036566,0,0,-1e-06,-0.1,-0.039237,0.2,ohlcv_proxy
2022-11-11,4486,5500207,0,0,2e-06,0.0,0.003669,0.2,ohlcv_proxy
2022-11-14,4511,2571576,0,0,2e-06,-0.1,0.01977,0.2,ohlcv_proxy
2022-11-15,4595,1119142,0,0,2e-06,-0.1,0.036242,0.2,ohlcv_proxy
2022-11-16,4625,1929714,0,0,2e-06,-0.1,0.056163,0.2,ohlcv_proxy
2022-11-17,4541,1596569,0,0,1e-06,0.0,0.075325,0.1,ohlcv_proxy
2022-11-18,4476,2207147,0,0,1e-06,0.1,0.073798,0.0,ohlcv_proxy
2022-11-21,4446,872483,0,0,1e-06,0.1,0.073182,0.0,ohlcv_proxy
2022-11-22,4387,1163443,0,0,0.0,0.1,0.065612,0.0,ohlcv_proxy
2022-11-23,4491,901784,0,0,1e-06,0.1,0.056817,0.0,ohlcv_proxy
2022-11-24,4605,1005127,0,0,1e-06,0.1,0.056653,0.0,ohlcv_proxy
2022-11-25,4625,459200,0,0,1e-06,0.0,0.057463,0.0,ohlcv_proxy
2022-11-28,4451,898248,0,0,0.0,0.0,0.059139,0.0,ohlcv_proxy
2022-11-29,4456,929891,0,0,0.0,0.0,0.063983,0.0,ohlcv_proxy
2022-11-30,4362,1309895,0,0,-0.0,0.0,0.054106,0.0,ohlcv_proxy
2022-12-01,4739,1894582,0,0,2e-06,0.0,0.055956,0.0,ohlcv_proxy
2022-12-02,4700,778858,0,0,1e-06,0.0,0.044094,0.0,ohlcv_proxy
2022-12-05,4695,482494,0,0,1e-06,0.0,0.041203,0.0,ohlcv_proxy
2022-12-06,4531,953181,0,0,0.0,0.0,0.035289,0.0,ohlcv_proxy
2022-12-07,4372,1372770,0,0,-1e-06,0.0,0.02746,0.0,ohlcv_proxy
2022-12-08,4312,997285,0,0,-1e-06,0.0,-0.007042,0.0,ohlcv_proxy
2022-12-09,4441,984124,0,0,-0.0,0.0,-0.017471,0.0,ohlcv_proxy
2022-12-12,4352,635413,0,0,-0.0,0.0,-0.02461,0.0,ohlcv_proxy
2022-12-13,4471,807405,0,0,0.0,0.0,-0.026495,0.0,ohlcv_proxy
2022-12-14,4600,1215992,0,0,1e-06,0.0,-0.011951,0.0,ohlcv_proxy
2022-12-15,4501,751964,0,0,0.0,0.0,-0.002403,0.0,ohlcv_proxy
2022-12-16,4203,2864649,0,0,-1e-06,-0.1,-0.02153,0.1,ohlcv_proxy
2022-12-19,4129,1109796,0,0,-2e-06,-0.1,-0.026352,0.1,ohlcv_proxy
2022-12-20,3940,3199904,0,0,-3e-06,-0.2,-0.045612,0.2,ohlcv_proxy
2022-12-21,4039,1377949,0,0,-2e-06,-0.2,-0.057813,0.2,ohlcv_proxy
2022-12-22,4134,924621,0,0,-1e-06,-0.2,-0.060267,0.2,ohlcv_proxy
2022-12-23,3915,1556381,0,0,-2e-06,-0.2,-0.070907,0.2,ohlcv_proxy
2022-12-26,3950,862333,0,0,-2e-06,-0.2,-0.072606,0.2,ohlcv_proxy
2022-12-27,3985,1312135,0,0,-1e-06,-0.2,-0.062929,0.2,ohlcv_proxy
2022-12-28,3816,1432344,0,0,-2e-06,-0.2,-0.068549,0.2,ohlcv_proxy
2022-12-29,3742,1210938,0,0,-3e-06,-0.2,-0.070413,0.2,ohlcv_proxy
2023-01-02,3796,820051,0,0,-2e-06,-0.1,-0.069233,0.1,ohlcv_proxy
2023-01-03,3915,1053134,0,0,-1e-06,-0.1,-0.065531,0.1,ohlcv_proxy
2023-01-04,3866,1263573,0,0,-1e-06,0.0,-0.065827,0.0,ohlcv_proxy
2023-01-05,3836,920379,0,0,-1e-06,0.0,-0.05911,0.0,ohlcv_proxy
2023-01-06,3761,1377835,0,0,-2e-06,0.0,-0.052549,0.0,ohlcv_proxy
2023-01-09,3975,1947508,0,0,-0.0,0.0,-0.03629,0.0,ohlcv_proxy
2023-01-10,3960,1124803,0,0,-0.0,0.0,-0.031807,0.0,ohlcv_proxy
2023-01-11,4049,916594,0,0,0.0,0.0,-0.021848,0.0,ohlcv_proxy
2023-01-12,4193,2143088,0,0,1e-06,0.1,0.003191,0.0,ohlcv_proxy
2023-01-13,4198,976536,0,0,1e-06,0.1,0.023316,0.0,ohlcv_proxy
2023-01-16,4278,928870,0,0,1e-06,0.1,0.042728,0.0,ohlcv_proxy
2023-01-17,4233,668198,0,0,1e-06,0.1,0.054592,0.0,ohlcv_proxy
2023-01-18,4312,873366,0,0,1e-06,0.1,0.060699,0.0,ohlcv_proxy
2023-01-19,4193,850797,0,0,1e-06,0.1,0.062387,0.0,ohlcv_proxy
2023-01-20,4159,787166,0,0,0.0,0.1,0.061029,0.0,ohlcv_proxy
2023-01-25,4431,1981546,0,0,2e-06,0.2,0.066544,0.0,ohlcv_proxy
2023-01-26,4546,1057276,0,0,2e-06,0.2,0.073178,0.0,ohlcv_proxy
2023-01-27,4595,1289143,0,0,2e-06,0.2,0.078565,0.0,ohlcv_proxy
2023-01-30,4690,1800757,0,0,2e-06,0.2,0.086387,0.0,ohlcv_proxy
2023-01-31,4526,1026137,0,0,1e-06,0.2,0.08651,0.0,ohlcv_proxy
2023-02-01,4660,685701,0,0,2e-06,0.2,0.092405,0.0,ohlcv_proxy
2023-02-02,4982,1643144,0,0,3e-06,0.2,0.100443,0.0,ohlcv_proxy
2023-02-03,5067,1487507,0,0,3e-06,0.2,0.106415,0.0,ohlcv_proxy
2023-02-06,4997,552716,0,0,2e-06,0.2,0.111637,0.0,ohlcv_proxy
2023-02-07,4992,648639,0,0,2e-06,0.2,0.117735,0.0,ohlcv_proxy
2023-02-08,5186,944280,0,0,3e-06,0.1,0.117424,0.0,ohlcv_proxy
2023-02-09,5047,699022,0,0,2e-06,0.1,0.111632,0.0,ohlcv_proxy
2023-02-10,4883,846874,0,0,1e-06,0.1,0.09434,0.0,ohlcv_proxy
2023-02-13,4804,685620,0,0,1e-06,0.0,0.07508,0.0,ohlcv_proxy
2023-02-14,4968,690809,0,0,1e-06,0.0,0.066641,0.0,ohlcv_proxy
2023-02-15,4972,1870341,0,0,1e-06,0.1,0.047168,0.0,ohlcv_proxy
2023-02-16,5151,1130058,0,0,2e-06,0.1,0.04541,0.0,ohlcv_proxy
2023-02-17,4858,1211145,0,0,0.0,0.1,0.037937,0.0,ohlcv_proxy
2023-02-20,4878,437610,0,0,0.0,0.1,0.035272,0.0,ohlcv_proxy
2023-02-21,4838,367386,0,0,0.0,0.1,0.028101,0.0,ohlcv_proxy
2023-02-22,4650,831243,0,0,-1e-06,0.1,0.007164,0.0,ohlcv_proxy
2023-02-23,4709,644424,0,0,-0.0,0.1,-0.019283,0.0,ohlcv_proxy
2023-02-24,4690,551986,0,0,-0.0,0.1,-0.032396,0.0,ohlcv_proxy
2023-02-27,4575,631372,0,0,-1e-06,0.1,-0.045179,0.0,ohlcv_proxy
2023-02-28,4620,453196,0,0,-0.0,0.1,-0.05366,0.0,ohlcv_proxy
2023-03-02,4491,1118117,0,0,-1e-06,0.0,-0.06103,0.0,ohlcv_proxy
2023-03-03,4595,655668,0,0,-0.0,0.0,-0.06149,0.0,ohlcv_proxy
2023-03-06,4824,1338465,0,0,1e-06,0.1,-0.044086,0.0,ohlcv_proxy
2023-03-07,4814,616742,0,0,0.0,0.1,-0.03552,0.0,ohlcv_proxy
2023-03-08,4675,762239,0,0,-0.0,0.1,-0.031653,0.0,ohlcv_proxy
2023-03-09,4714,588610,0,0,0.0,0.1,-0.014452,0.0,ohlcv_proxy
2023-03-10,4516,1403584,0,0,-1e-06,0.0,-0.017108,0.0,ohlcv_proxy
2023-03-13,4605,1444695,0,0,-0.0,0.1,-0.026321,0.0,ohlcv_proxy
2023-03-14,4501,761178,0,0,-1e-06,0.1,-0.03266,0.0,ohlcv_proxy
2023-03-15,4714,825943,0,0,0.0,0.1,-0.028993,0.0,ohlcv_proxy
2023-03-16,4774,889533,0,0,0.0,0.1,-0.020346,0.0,ohlcv_proxy
2023-03-17,5002,1372785,0,0,1e-06,0.2,0.00777,0.0,ohlcv_proxy
2023-03-20,4923,719816,0,0,1e-06,0.1,0.023322,0.0,ohlcv_proxy
2023-03-21,4987,532084,0,0,1e-06,0.1,0.038464,0.0,ohlcv_proxy
2023-03-22,5126,905250,0,0,1e-06,0.1,0.051389,0.0,ohlcv_proxy
2023-03-23,5077,1143207,0,0,1e-06,0.1,0.058859,0.0,ohlcv_proxy
2023-03-24,5131,759383,0,0,1e-06,0.2,0.060811,0.0,ohlcv_proxy
2023-03-27,5211,800147,0,0,1e-06,0.1,0.066914,0.0,ohlcv_proxy
2023-03-28,5102,670044,0,0,1e-06,0.1,0.065516,0.0,ohlcv_proxy
2023-03-29,5087,340202,0,0,1e-06,0.1,0.062513,0.0,ohlcv_proxy
2023-03-30,5221,702424,0,0,1e-06,0.1,0.061884,0.0,ohlcv_proxy
2023-03-31,5320,1035460,0,0,1e-06,0.0,0.064687,0.0,ohlcv_proxy
2023-04-03,5389,858863,0,0,1e-06,0.0,0.066731,0.0,ohlcv_proxy
2023-04-04,5424,526772,0,0,1e-06,0.0,0.073716,0.0,ohlcv_proxy
2023-04-05,5414,603650,0,0,1e-06,0.0,0.074943,0.0,ohlcv_proxy
2023-04-06,5265,871163,0,0,1e-06,0.0,0.070726,0.0,ohlcv_proxy
2023-04-07,5360,459528,0,0,1e-06,0.0,0.061889,0.0,ohlcv_proxy
2023-04-10,5330,516510,0,0,1e-06,0.0,0.048568,0.0,ohlcv_proxy
2023-04-11,5374,621032,0,0,1e-06,0.0,0.038622,0.0,ohlcv_proxy
2023-04-12,5270,639416,0,0,0.0,0.0,0.027211,0.0,ohlcv_proxy
2023-04-13,5211,563197,0,0,0.0,0.0,0.021055,0.0,ohlcv_proxy
2023-04-14,5374,680799,0,0,1e-06,0.0,0.016957,0.0,ohlcv_proxy
2023-04-17,5384,408302,0,0,1e-06,0.0,0.014272,0.0,ohlcv_proxy
2023-04-18,5384,398778,0,0,1e-06,0.0,0.010969,0.0,ohlcv_proxy
2023-04-19,5330,308957,0,0,0.0,0.0,0.011611,0.0,ohlcv_proxy
2023-04-20,5335,531943,0,0,0.0,0.0,0.013289,0.0,ohlcv_proxy
2023-04-21,5295,356585,0,0,0.0,0.0,0.008311,0.0,ohlcv_proxy
2023-04-24,5240,388576,0,0,-0.0,0.0,0.002118,0.0,ohlcv_proxy
2023-04-25,5231,406549,0,0,-0.0,0.0,-0.005494,0.0,ohlcv_proxy
2023-04-26,5206,429756,0,0,-0.0,0.0,-0.010282,0.0,ohlcv_proxy
2023-04-27,5221,382409,0,0,-0.0,0.0,-0.015993,0.0,ohlcv_proxy
2023-04-28,5389,544020,0,0,0.0,0.0,-0.011259,0.0,ohlcv_proxy
2023-05-02,5479,846027,0,0,1e-06,0.1,0.001094,0.0,ohlcv_proxy
2023-05-03,5374,335626,0,0,0.0,0.1,0.005831,0.0,ohlcv_proxy
2023-05-04,5345,290885,0,0,0.0,0.1,0.011558,0.0,ohlcv_proxy
2023-05-08,5479,582806,0,0,1e-06,0.1,0.017225,0.0,ohlcv_proxy
2023-05-09,5494,583761,0,0,1e-06,0.1,0.019883,0.0,ohlcv_proxy
2023-05-10,5454,319091,0,0,0.0,0.1,0.017168,0.0,ohlcv_proxy
2023-05-11,5578,468670,0,0,1e-06,0.1,0.022484,0.0,ohlcv_proxy
2023-05-12,5608,589856,0,0,1e-06,0.1,0.026692,0.0,ohlcv_proxy
2023-05-15,5578,286290,0,0,1e-06,0.1,0.02703,0.0,ohlcv_proxy
2023-05-16,5588,220808,0,0,1e-06,0.1,0.029634,0.0,ohlcv_proxy
2023-05-17,5633,324300,0,0,1e-06,0.0,0.033417,0.0,ohlcv_proxy
2023-05-18,5747,469999,0,0,1e-06,0.0,0.03745,0.0,ohlcv_proxy
2023-05-19,5985,804486,0,0,2e-06,0.1,0.053314,0.0,ohlcv_proxy
2023-05-22,5950,280222,0,0,1e-06,0.1,0.057905,0.0,ohlcv_proxy
2023-05-23,5995,414931,0,0,1e-06,0.1,0.061566,0.0,ohlcv_proxy
2023-05-24,5831,574269,0,0,1e-06,0.1,0.059269,0.0,ohlcv_proxy
2023-05-25,5925,383456,0,0,1e-06,0.1,0.05954,0.0,ohlcv_proxy
2023-05-26,6035,640095,0,0,1e-06,0.1,0.052435,0.0,ohlcv_proxy
2023-05-30,6412,1159747,0,0,2e-06,0.2,0.06297,0.0,ohlcv_proxy
2023-05-31,6352,655466,0,0,2e-06,0.2,0.062728,0.0,ohlcv_proxy
2023-06-01,6322,631990,0,0,1e-06,0.2,0.066056,0.0,ohlcv_proxy
2023-06-02,6516,510463,0,0,2e-06,0.2,0.069457,0.0,ohlcv_proxy
2023-06-05,6526,358369,0,0,2e-06,0.1,0.075887,0.0,ohlcv_proxy
2023-06-07,6566,306516,0,0,1e-06,0.1,0.070679,0.0,ohlcv_proxy
2023-06-08,6308,572893,0,0,1e-06,0.1,0.061008,0.0,ohlcv_proxy
2023-06-09,6506,313811,0,0,1e-06,0.1,0.062323,0.0,ohlcv_proxy
2023-06-12,6605,428345,0,0,1e-06,0.1,0.057089,0.0,ohlcv_proxy
2023-06-13,6858,729486,0,0,2e-06,0.1,0.060585,0.0,ohlcv_proxy
2023-06-14,6868,562146,0,0,2e-06,0.0,0.061572,0.0,ohlcv_proxy
2023-06-15,6953,609941,0,0,2e-06,0.0,0.07546,0.0,ohlcv_proxy
2023-06-16,7161,1075525,0,0,2e-06,0.1,0.081042,0.0,ohlcv_proxy
2023-06-19,7072,421439,0,0,1e-06,0.1,0.08146,0.0,ohlcv_proxy
2023-06-20,7027,312726,0,0,1e-06,0.1,0.078636,0.0,ohlcv_proxy
2023-06-21,7027,321974,0,0,1e-06,0.1,0.078901,0.0,ohlcv_proxy
2023-06-22,6804,567576,0,0,1e-06,0.1,0.068922,0.0,ohlcv_proxy
2023-06-23,6933,437707,0,0,1e-06,0.1,0.047447,0.0,ohlcv_proxy
2023-06-26,6883,375502,0,0,1e-06,0.1,0.036552,0.0,ohlcv_proxy
2023-06-27,6744,593407,0,0,0.0,0.1,0.021308,0.0,ohlcv_proxy
2023-06-28,6873,326522,0,0,1e-06,0.1,0.012105,0.0,ohlcv_proxy
2023-06-29,6928,226484,0,0,1e-06,0.1,0.010366,0.0,ohlcv_proxy
2023-06-30,6938,201502,0,0,1e-06,0.0,0.003716,0.0,ohlcv_proxy
2023-07-03,7131,491410,0,0,1e-06,0.0,0.008842,0.0,ohlcv_proxy
2023-07-04,7126,454360,0,0,1e-06,0.0,0.021913,0.0,ohlcv_proxy
2023-07-05,7102,215334,0,0,1e-06,0.0,0.025698,0.0,ohlcv_proxy
2023-07-06,7077,383945,0,0,1e-06,0.0,0.02191,0.0,ohlcv_proxy
2023-07-07,7007,344189,0,0,0.0,0.0,0.019469,0.0,ohlcv_proxy
2023-07-10,6888,374911,0,0,0.0,0.0,0.009714,0.0,ohlcv_proxy
2023-07-11,7032,417862,0,0,0.0,0.0,0.004421,0.0,ohlcv_proxy
2023-07-12,7107,1056175,0,0,0.0,0.1,0.005745,0.0,ohlcv_proxy
2023-07-13,7290,714002,0,0,1e-06,0.2,0.010087,0.0,ohlcv_proxy
2023-07-14,7484,887486,0,0,1e-06,0.3,0.021259,0.0,ohlcv_proxy
2023-07-17,7459,283037,0,0,1e-06,0.3,0.027575,0.0,ohlcv_proxy
2023-07-18,7583,450242,0,0,1e-06,0.3,0.033691,0.0,ohlcv_proxy
2023-07-19,7747,403727,0,0,1e-06,0.3,0.050119,0.0,ohlcv_proxy
2023-07-20,7638,415659,0,0,1e-06,0.3,0.05532,0.0,ohlcv_proxy
2023-07-21,7389,513546,0,0,0.0,0.3,0.050709,0.0,ohlcv_proxy
2023-07-24,7330,341903,0,0,0.0,0.3,0.044825,0.0,ohlcv_proxy
2023-07-25,7360,206432,0,0,0.0,0.3,0.035519,0.0,ohlcv_proxy
2023-07-26,7424,769781,0,0,0.0,0.3,0.021689,0.0,ohlcv_proxy
2023-07-27,7504,361348,0,0,0.0,0.2,0.015546,0.0,ohlcv_proxy
2023-07-28,7419,685895,0,0,0.0,0.1,0.014311,0.0,ohlcv_proxy
2023-07-31,7608,469539,0,0,1e-06,0.1,0.01762,0.0,ohlcv_proxy
2023-08-01,7628,294164,0,0,1e-06,0.1,0.018683,0.0,ohlcv_proxy
2023-08-02,7474,554334,0,0,0.0,0.1,0.019411,0.0,ohlcv_proxy
2023-08-03,7251,584572,0,0,-0.0,0.1,0.011008,0.0,ohlcv_proxy
2023-08-04,7355,449616,0,0,0.0,0.1,0.008202,0.0,ohlcv_proxy
2023-08-07,7211,424171,0,0,-0.0,0.1,-0.00361,0.0,ohlcv_proxy
2023-08-08,7206,333904,0,0,-0.0,0.1,-0.012289,0.0,ohlcv_proxy
2023-08-09,7186,216178,0,0,-0.0,0.0,-0.023928,0.0,ohlcv_proxy
2023-08-10,7067,367356,0,0,-0.0,0.0,-0.028513,0.0,ohlcv_proxy
2023-08-11,7032,291528,0,0,-0.0,0.0,-0.035548,0.0,ohlcv_proxy
2023-08-14,6903,533659,0,0,-1e-06,0.0,-0.04348,0.0,ohlcv_proxy
2023-08-16,6938,298426,0,0,-1e-06,0.0,-0.046861,0.0,ohlcv_proxy
2023-08-17,6779,521116,0,0,-1e-06,0.0,-0.050572,0.0,ohlcv_proxy
2023-08-18,6615,474818,0,0,-1e-06,0.0,-0.05654,0.0,ohlcv_proxy
2023-08-21,6585,334462,0,0,-1e-06,0.0,-0.061034,0.0,ohlcv_proxy
2023-08-22,6829,375816,0,0,-0.0,0.0,-0.061658,0.0,ohlcv_proxy
2023-08-23,6853,191194,0,0,-0.0,0.0,-0.062878,0.0,ohlcv_proxy
2023-08-24,7166,505854,0,0,0.0,0.0,-0.045269,0.0,ohlcv_proxy
2023-08-25,6680,694958,0,0,-1e-06,-0.1,-0.038234,0.0,ohlcv_proxy
2023-08-28,6839,335898,0,0,-0.0,-0.1,-0.027424,0.0,ohlcv_proxy
2023-08-29,6943,234227,0,0,-0.0,-0.1,-0.020194,0.0,ohlcv_proxy
2023-08-30,7201,467713,0,0,0.0,-0.1,-0.008698,0.0,ohlcv_proxy
2023-08-31,7285,350534,0,0,1e-06,-0.1,-0.005285,0.0,ohlcv_proxy
2023-09-01,7295,283521,0,0,1e-06,-0.1,0.020528,0.0,ohlcv_proxy
2023-09-04,7325,136051,0,0,1e-06,-0.1,0.034966,0.0,ohlcv_proxy
2023-09-05,7265,139959,0,0,0.0,-0.1,0.043592,0.0,ohlcv_proxy
2023-09-06,7290,193395,0,0,0.0,-0.1,0.048365,0.0,ohlcv_proxy
2023-09-07,7131,226814,0,0,0.0,-0.1,0.043561,0.0,ohlcv_proxy
2023-09-08,7126,198510,0,0,0.0,0.0,0.0378,0.0,ohlcv_proxy
2023-09-11,7161,267831,0,0,0.0,0.0,0.032964,0.0,ohlcv_proxy
2023-09-12,7260,214549,0,0,0.0,0.0,0.031436,0.0,ohlcv_proxy
2023-09-13,7092,208720,0,0,-0.0,0.0,0.025509,0.0,ohlcv_proxy
2023-09-14,7221,246723,0,0,0.0,0.0,0.024307,0.0,ohlcv_proxy
2023-09-15,7305,365037,0,0,0.0,0.0,0.023385,0.0,ohlcv_proxy
2023-09-18,7042,291693,0,0,-0.0,0.0,0.015806,0.0,ohlcv_proxy
2023-09-19,7007,136607,0,0,-0.0,0.0,0.009179,0.0,ohlcv_proxy
2023-09-20,7012,125920,0,0,-0.0,0.0,0.007727,0.0,ohlcv_proxy
2023-09-21,6759,403766,0,0,-1e-06,0.0,-0.006692,0.0,ohlcv_proxy
2023-09-22,6590,579471,0,0,-1e-06,-0.1,-0.039043,0.1,ohlcv_proxy
2023-09-25,6580,176464,0,0,-1e-06,-0.1,-0.049786,0.1,ohlcv_proxy
2023-09-26,6516,218183,0,0,-1e-06,-0.1,-0.055289,0.1,ohlcv_proxy
2023-09-27,6461,391736,0,0,-1e-06,-0.2,-0.057245,0.1,ohlcv_proxy
2023-10-04,6308,531351,0,0,-1e-06,-0.3,-0.061975,0.1,ohlcv_proxy
2023-10-05,6571,339193,0,0,-1e-06,-0.3,-0.059301,0.1,ohlcv_proxy
2023-10-06,6536,155919,0,0,-1e-06,-0.3,-0.057252,0.1,ohlcv_proxy
2023-10-10,6829,509036,0,0,0.0,-0.2,-0.0421,0.1,ohlcv_proxy
2023-10-11,6923,240394,0,0,0.0,-0.2,-0.030317,0.1,ohlcv_proxy
2023-10-12,7062,353133,0,0,1e-06,-0.2,-0.001291,0.1,ohlcv_proxy
2023-10-13,6943,219034,0,0,0.0,-0.1,0.010498,0.0,ohlcv_proxy
2023-10-16,6824,237008,0,0,-0.0,-0.1,0.016525,0.0,ohlcv_proxy
2023-10-17,6908,164909,0,0,0.0,-0.1,0.02361,0.0,ohlcv_proxy
2023-10-18,6863,600000,0,0,0.0,-0.1,0.019894,0.0,ohlcv_proxy
2023-10-19,6675,291177,0,0,-0.0,0.0,0.011321,0.0,ohlcv_proxy
2023-10-20,6501,338804,0,0,-1e-06,0.0,0.005661,0.0,ohlcv_proxy
2023-10-23,6412,398189,0,0,-1e-06,0.0,-0.002007,0.0,ohlcv_proxy
2023-10-24,6486,450873,0,0,-1e-06,-0.1,-0.007836,0.0,ohlcv_proxy
2023-10-25,6471,353951,0,0,-1e-06,-0.1,-0.021949,0.0,ohlcv_proxy
2023-10-26,6074,780449,0,0,-1e-06,-0.2,-0.037063,0.1,ohlcv_proxy
2023-10-27,6079,454322,0,0,-1e-06,-0.2,-0.043104,0.1,ohlcv_proxy
2023-10-30,6084,292844,0,0,-1e-06,-0.2,-0.047608,0.1,ohlcv_proxy
2023-10-31,6079,259646,0,0,-1e-06,-0.2,-0.056626,0.1,ohlcv_proxy
2023-11-01,6198,280824,0,0,-1e-06,-0.1,-0.062747,0.1,ohlcv_proxy
2023-11-02,6476,418006,0,0,0.0,-0.1,-0.048832,0.1,ohlcv_proxy
2023-11-03,6625,388361,0,0,0.0,-0.1,-0.028747,0.1,ohlcv_proxy
2023-11-06,6824,394152,0,0,1e-06,-0.1,-0.007662,0.1,ohlcv_proxy
2023-11-07,6819,266010,0,0,1e-06,-0.1,0.010955,0.1,ohlcv_proxy
2023-11-08,6953,406076,0,0,1e-06,-0.1,0.030296,0.1,ohlcv_proxy
2023-11-09,6987,298232,0,0,1e-06,0.0,0.04741,0.0,ohlcv_proxy
2023-11-10,6873,242548,0,0,1e-06,0.0,0.056247,0.0,ohlcv_proxy
2023-11-13,7121,421687,0,0,1e-06,0.0,0.063892,0.0,ohlcv_proxy
2023-11-14,7176,241308,0,0,1e-06,0.0,0.070429,0.0,ohlcv_proxy
2023-11-15,7504,656564,0,0,1e-06,0.1,0.089072,0.0,ohlcv_proxy
2023-11-16,7444,329453,0,0,1e-06,0.1,0.095033,0.0,ohlcv_proxy
2023-11-17,7474,196722,0,0,1e-06,0.1,0.101516,0.0,ohlcv_proxy
2023-11-20,7424,184174,0,0,1e-06,0.1,0.106462,0.0,ohlcv_proxy
2023-11-21,7653,369216,0,0,1e-06,0.1,0.108528,0.0,ohlcv_proxy
2023-11-22,7533,210760,0,0,1e-06,0.1,0.10351,0.0,ohlcv_proxy
2023-11-23,7643,198859,0,0,1e-06,0.1,0.091499,0.0,ohlcv_proxy
2023-11-24,7623,142150,0,0,1e-06,0.1,0.082675,0.0,ohlcv_proxy
2023-11-27,7538,151482,0,0,1e-06,0.1,0.07678,0.0,ohlcv_proxy
2023-11-28,7593,141407,0,0,1e-06,0.1,0.065219,0.0,ohlcv_proxy
2023-11-29,7648,198809,0,0,1e-06,0.0,0.059929,0.0,ohlcv_proxy
2023-11-30,7653,233325,0,0,1e-06,0.0,0.050025,0.0,ohlcv_proxy
2023-12-01,7548,193653,0,0,0.0,0.0,0.040005,0.0,ohlcv_proxy
2023-12-04,7558,114895,0,0,0.0,0.0,0.034735,0.0,ohlcv_proxy
2023-12-05,7385,294946,0,0,0.0,0.0,0.022366,0.0,ohlcv_proxy
2023-12-06,7563,213025,0,0,0.0,0.0,0.014415,0.0,ohlcv_proxy
2023-12-07,7399,190111,0,0,0.0,0.0,0.003795,0.0,ohlcv_proxy
2023-12-08,7603,292429,0,0,0.0,0.0,0.001612,0.0,ohlcv_proxy
2023-12-11,7662,336257,0,0,0.0,0.0,0.000661,0.0,ohlcv_proxy
2023-12-12,7841,404841,0,0,1e-06,0.1,0.010597,0.0,ohlcv_proxy
2023-12-13,7955,443835,0,0,1e-06,0.2,0.016823,0.0,ohlcv_proxy
2023-12-14,8243,593888,0,0,1e-06,0.3,0.028435,0.0,ohlcv_proxy
2023-12-15,8154,405946,0,0,1e-06,0.2,0.033822,0.0,ohlcv_proxy
2023-12-18,8243,310701,0,0,1e-06,0.2,0.039855,0.0,ohlcv_proxy
2023-12-19,8303,228503,0,0,1e-06,0.2,0.045339,0.0,ohlcv_proxy
2023-12-20,8407,374360,0,0,1e-06,0.2,0.050717,0.0,ohlcv_proxy
2023-12-21,8233,493409,0,0,1e-06,0.1,0.045301,0.0,ohlcv_proxy
2023-12-22,8268,281076,0,0,1e-06,0.1,0.04552,0.0,ohlcv_proxy
2023-12-26,8392,399834,0,0,1e-06,0.1,0.044215,0.0,ohlcv_proxy
2023-12-27,8466,334978,0,0,1e-06,0.0,0.043191,0.0,ohlcv_proxy
2023-12-28,8521,212772,0,0,1e-06,-0.1,0.040558,0.0,ohlcv_proxy
2024-01-02,8402,346436,0,0,1e-06,-0.2,0.042272,0.0,ohlcv_proxy
2024-01-03,8084,412199,0,0,0.0,-0.1,0.033379,0.0,ohlcv_proxy
2024-01-04,7925,422365,0,0,-0.0,-0.1,0.019429,0.0,ohlcv_proxy
2024-01-05,7826,309623,0,0,-0.0,-0.1,0.002371,0.0,ohlcv_proxy
2024-01-08,7846,190524,0,0,-0.0,-0.1,-0.008892,0.0,ohlcv_proxy
2024-01-09,8164,410558,0,0,0.0,0.0,-0.016794,0.0,ohlcv_proxy
2024-01-10,8223,202271,0,0,0.0,0.0,-0.01901,0.0,ohlcv_proxy
2024-01-11,8392,288844,0,0,1e-06,0.0,-0.010373,0.0,ohlcv_proxy
2024-01-12,8347,210445,0,0,0.0,0.0,-0.000613,0.0,ohlcv_proxy
2024-01-15,8402,136349,0,0,0.0,0.0,0.006077,0.0,ohlcv_proxy
2024-01-16,8268,231054,0,0,0.0,0.0,0.011194,0.0,ohlcv_proxy
2024-01-17,8238,307647,0,0,0.0,0.0,0.009877,0.0,ohlcv_proxy
2024-01-18,8298,149757,0,0,0.0,0.0,0.006902,0.0,ohlcv_proxy
2024-01-19,8561,375701,0,0,1e-06,0.0,0.013718,0.0,ohlcv_proxy
2024-01-22,8943,505994,0,0,1e-06,0.1,0.029885,0.0,ohlcv_proxy
2024-01-23,8893,157819,0,0,1e-06,0.1,0.036778,0.0,ohlcv_proxy
2024-01-24,9032,216774,0,0,1e-06,0.1,0.050871,0.0,ohlcv_proxy
2024-01-25,9037,273223,0,0,1e-06,0.1,0.058195,0.0,ohlcv_proxy
2024-01-26,8898,400708,0,0,1e-06,0.1,0.064026,0.0,ohlcv_proxy
2024-01-29,8963,145388,0,0,1e-06,0.1,0.063485,0.0,ohlcv_proxy
2024-01-30,9141,359474,0,0,1e-06,0.1,0.064022,0.0,ohlcv_proxy
2024-01-31,8863,219012,0,0,0.0,0.1,0.055349,0.0,ohlcv_proxy
2024-02-01,8725,336009,0,0,0.0,0.1,0.039966,0.0,ohlcv_proxy
2024-02-02,9022,313696,0,0,0.0,0.1,0.035155,0.0,ohlcv_proxy
2024-02-05,9131,303474,0,0,1e-06,0.0,0.032716,0.0,ohlcv_proxy
2024-02-06,9176,208463,0,0,1e-06,0.0,0.024311,0.0,ohlcv_proxy
2024-02-07,9082,197339,0,0,0.0,0.0,0.024368,0.0,ohlcv_proxy
2024-02-08,9275,213361,0,0,1e-06,0.0,0.033445,0.0,ohlcv_proxy
2024-02-13,9400,343154,0,0,1e-06,0.0,0.038298,0.0,ohlcv_proxy
2024-02-14,9141,295787,0,0,0.0,0.0,0.035667,0.0,ohlcv_proxy
2024-02-15,9325,204641,0,0,0.0,0.0,0.033518,0.0,ohlcv_proxy
2024-02-16,9395,299900,0,0,1e-06,0.0,0.032416,0.0,ohlcv_proxy
2024-02-19,9236,252445,0,0,0.0,0.0,0.028221,0.0,ohlcv_proxy
2024-02-20,9151,178697,0,0,0.0,0.0,0.018623,0.0,ohlcv_proxy
2024-02-21,9007,210054,0,0,-0.0,0.0,0.015643,0.0,ohlcv_proxy
2024-02-22,9256,260866,0,0,0.0,0.0,0.012872,0.0,ohlcv_proxy
2024-02-23,9464,311713,0,0,0.0,0.0,0.012342,0.0,ohlcv_proxy
2024-02-26,9390,251975,0,0,0.0,0.0,0.01394,0.0,ohlcv_proxy
2024-02-27,9385,140129,0,0,0.0,0.0,0.0145,0.0,ohlcv_proxy
2024-02-28,9449,172898,0,0,0.0,0.0,0.021188,0.0,ohlcv_proxy
2024-02-29,9375,152724,0,0,0.0,0.0,0.023551,0.0,ohlcv_proxy
2024-03-04,9806,357660,0,0,1e-06,0.0,0.029631,0.0,ohlcv_proxy
2024-03-05,9668,169688,0,0,0.0,0.0,0.030331,0.0,ohlcv_proxy
2024-03-06,9449,291266,0,0,0.0,0.0,0.026113,0.0,ohlcv_proxy
2024-03-07,9444,290641,0,0,0.0,0.0,0.022515,0.0,ohlcv_proxy
2024-03-08,9772,442795,0,0,0.0,0.1,0.025922,0.0,ohlcv_proxy
2024-03-11,9494,286398,0,0,0.0,0.1,0.016801,0.0,ohlcv_proxy
2024-03-12,9553,142256,0,0,0.0,0.1,0.014364,0.0,ohlcv_proxy
2024-03-13,9697,293078,0,0,0.0,0.1,0.017737,0.0,ohlcv_proxy
2024-03-14,9623,110768,0,0,0.0,0.1,0.019474,0.0,ohlcv_proxy
2024-03-15,9444,214004,0,0,0.0,0.1,0.009158,0.0,ohlcv_proxy
2024-03-18,9414,201851,0,0,-0.0,0.1,0.007756,0.0,ohlcv_proxy
2024-03-19,9409,165532,0,0,-0.0,0.1,0.004074,0.0,ohlcv_proxy
2024-03-20,9474,110981,0,0,0.0,0.1,-0.004572,0.0,ohlcv_proxy
2024-03-21,9876,350896,0,0,0.0,0.1,0.003114,0.0,ohlcv_proxy
2024-03-22,9836,171481,0,0,0.0,0.0,0.007887,0.0,ohlcv_proxy
2024-03-25,9787,166340,0,0,0.0,0.0,0.013859,0.0,ohlcv_proxy
2024-03-26,9802,128442,0,0,0.0,0.0,0.018949,0.0,ohlcv_proxy
2024-03-27,9782,197285,0,0,0.0,0.0,0.020774,0.0,ohlcv_proxy
2024-03-28,9757,121585,0,0,0.0,0.0,0.016247,0.0,ohlcv_proxy
2024-03-29,9752,125803,0,0,0.0,0.0,0.013176,0.0,ohlcv_proxy
2024-04-01,9836,177097,0,0,0.0,0.0,0.014966,0.0,ohlcv_proxy
2024-04-02,9742,126746,0,0,0.0,0.0,0.013696,0.0,ohlcv_proxy
2024-04-03,9538,196109,0,0,-0.0,0.0,0.006117,0.0,ohlcv_proxy
2024-04-04,9663,125989,0,0,0.0,0.0,0.002828,0.0,ohlcv_proxy
2024-04-05,9360,328183,0,0,-0.0,-0.1,-0.005928,0.0,ohlcv_proxy
2024-04-08,9514,246967,0,0,-0.0,-0.1,-0.012435,0.0,ohlcv_proxy
2024-04-09,9548,117874,0,0,-0.0,-0.1,-0.015018,0.0,ohlcv_proxy
2024-04-11,9454,145207,0,0,-0.0,-0.1,-0.015303,0.0,ohlcv_proxy
2024-04-12,9727,260448,0,0,0.0,-0.1,-0.012105,0.0,ohlcv_proxy
2024-04-15,9524,279616,0,0,-0.0,-0.1,-0.007109,0.0,ohlcv_proxy
2024-04-16,9102,383850,0,0,-1e-06,-0.2,-0.017401,0.0,ohlcv_proxy
2024-04-17,9052,199273,0,0,-1e-06,-0.2,-0.022717,0.0,ohlcv_proxy
2024-04-18,9012,367601,0,0,-1e-06,-0.3,-0.027868,0.0,ohlcv_proxy
2024-04-19,8635,990247,0,0,-1e-06,-0.4,-0.0421,0.1,ohlcv_proxy
2024-04-22,8546,363439,0,0,-1e-06,-0.3,-0.048846,0.1,ohlcv_proxy
2024-04-23,8571,206536,0,0,-1e-06,-0.3,-0.05257,0.1,ohlcv_proxy
2024-04-24,8978,340368,0,0,-0.0,-0.3,-0.048529,0.1,ohlcv_proxy
2024-04-25,8660,343540,0,0,-1e-06,-0.3,-0.049096,0.1,ohlcv_proxy
2024-04-26,8993,401643,0,0,-0.0,-0.3,-0.035822,0.1,ohlcv_proxy
2024-04-29,9141,321489,0,0,0.0,-0.3,-0.020912,0.1,ohlcv_proxy
2024-04-30,9141,178078,0,0,0.0,-0.2,-0.010962,0.1,ohlcv_proxy
2024-05-02,8799,433813,0,0,-0.0,-0.2,-0.012471,0.1,ohlcv_proxy
2024-05-03,8953,257010,0,0,-0.0,-0.1,-0.00358,0.1,ohlcv_proxy
2024-05-07,9395,396035,0,0,0.0,0.0,0.006366,0.0,ohlcv_proxy
2024-05-08,9414,164324,0,0,0.0,0.0,0.009917,0.0,ohlcv_proxy
2024-05-09,9370,89496,0,0,0.0,0.0,0.012995,0.0,ohlcv_proxy
2024-05-10,9479,123089,0,0,0.0,0.0,0.032822,0.0,ohlcv_proxy
2024-05-13,9538,120482,0,0,0.0,0.0,0.047424,0.0,ohlcv_proxy
2024-05-14,9538,130154,0,0,0.0,0.0,0.054515,0.0,ohlcv_proxy
2024-05-16,9970,425865,0,0,1e-06,0.0,0.077154,0.0,ohlcv_proxy
2024-05-17,9931,128570,0,0,1e-06,0.0,0.082397,0.0,ohlcv_proxy
2024-05-20,9936,67347,0,0,1e-06,0.0,0.087262,0.0,ohlcv_proxy
2024-05-21,10020,145377,0,0,1e-06,0.0,0.09166,0.0,ohlcv_proxy
2024-05-22,10070,189610,0,0,1e-06,0.0,0.08527,0.0,ohlcv_proxy
2024-05-23,10238,210415,0,0,1e-06,0.0,0.08266,0.0,ohlcv_proxy
2024-05-24,9985,158656,0,0,0.0,0.0,0.076774,0.0,ohlcv_proxy
2024-05-27,10169,149450,0,0,1e-06,0.0,0.073199,0.0,ohlcv_proxy
2024-05-28,10213,113863,0,0,1e-06,0.0,0.066942,0.0,ohlcv_proxy
2024-05-29,10144,157163,0,0,0.0,0.0,0.060189,0.0,ohlcv_proxy
2024-05-30,9945,134166,0,0,0.0,0.0,0.047982,0.0,ohlcv_proxy
2024-05-31,9831,264540,0,0,0.0,0.0,0.037512,0.0,ohlcv_proxy
2024-06-03,9921,182782,0,0,0.0,0.0,0.020252,0.0,ohlcv_proxy
2024-06-04,9911,81720,0,0,0.0,0.0,0.009522,0.0,ohlcv_proxy
2024-06-05,10025,200516,0,0,0.0,0.0,0.001044,0.0,ohlcv_proxy
2024-06-07,10397,294048,0,0,1e-06,0.1,0.007748,0.0,ohlcv_proxy
2024-06-10,10328,138069,0,0,0.0,0.1,0.015504,0.0,ohlcv_proxy
2024-06-11,10437,155275,0,0,0.0,0.1,0.021571,0.0,ohlcv_proxy
2024-06-12,10610,210124,0,0,1e-06,0.1,0.026536,0.0,ohlcv_proxy
2024-06-13,10998,271894,0,0,1e-06,0.1,0.0399,0.0,ohlcv_proxy
2024-06-14,11027,175705,0,0,1e-06,0.1,0.046514,0.0,ohlcv_proxy
2024-06-17,11067,181446,0,0,1e-06,0.1,0.052385,0.0,ohlcv_proxy
2024-06-18,11345,178731,0,0,1e-06,0.1,0.060907,0.0,ohlcv_proxy
2024-06-19,11375,149702,0,0,1e-06,0.1,0.069026,0.0,ohlcv_proxy
2024-06-20,11499,132234,0,0,1e-06,0.1,0.073047,0.0,ohlcv_proxy
2024-06-21,11226,244218,0,0,1e-06,0.0,0.07001,0.0,ohlcv_proxy
2024-06-24,11151,184000,0,0,0.0,0.0,0.065973,0.0,ohlcv_proxy
2024-06-25,10913,175177,0,0,0.0,0.0,0.054621,0.0,ohlcv_proxy
2024-06-26,11166,150543,0,0,0.0,0.0,0.047851,0.0,ohlcv_proxy
2024-06-27,11097,102653,0,0,0.0,0.0,0.038888,0.0,ohlcv_proxy
2024-06-28,11300,148141,0,0,0.0,0.0,0.033911,0.0,ohlcv_proxy
2024-07-01,11176,119441,0,0,0.0,0.0,0.025959,0.0,ohlcv_proxy
2024-07-02,11146,153248,0,0,0.0,0.0,0.025576,0.0,ohlcv_proxy
2024-07-03,11444,191111,0,0,0.0,0.0,0.027424,0.0,ohlcv_proxy
2024-07-04,11628,176724,0,0,1e-06,0.0,0.028806,0.0,ohlcv_proxy
2024-07-05,11697,104196,0,0,1e-06,0.0,0.026981,0.0,ohlcv_proxy
2024-07-08,11856,200062,0,0,1e-06,0.0,0.032671,0.0,ohlcv_proxy
2024-07-09,12015,142802,0,0,1e-06,0.0,0.040316,0.0,ohlcv_proxy
2024-07-10,12005,125125,0,0,1e-06,0.0,0.044327,0.0,ohlcv_proxy
2024-07-11,12189,212850,0,0,1e-06,0.0,0.049118,0.0,ohlcv_proxy
2024-07-12,11668,435359,0,0,0.0,-0.1,0.036229,0.1,ohlcv_proxy
2024-07-15,11901,166488,0,0,0.0,-0.1,0.03317,0.1,ohlcv_proxy
2024-07-16,11921,128881,0,0,0.0,-0.1,0.029902,0.1,ohlcv_proxy
2024-07-17,11697,149117,0,0,0.0,-0.1,0.025257,0.1,ohlcv_proxy
2024-07-18,11320,422178,0,0,-0.0,-0.2,0.007825,0.2,ohlcv_proxy
2024-07-19,11161,247926,0,0,-0.0,-0.2,-0.002361,0.2,ohlcv_proxy
2024-07-22,10973,289559,0,0,-0.0,-0.3,-0.015664,0.2,ohlcv_proxy
2024-07-23,11082,185741,0,0,-0.0,-0.3,-0.024377,0.2,ohlcv_proxy
2024-07-24,10903,189394,0,0,-0.0,-0.3,-0.031564,0.2,ohlcv_proxy
2024-07-25,10328,534555,0,0,-1e-06,-0.4,-0.051072,0.3,ohlcv_proxy
2024-07-26,10164,395939,0,0,-1e-06,-0.4,-0.061322,0.2,ohlcv_proxy
2024-07-29,10407,299246,0,0,-1e-06,-0.4,-0.066227,0.2,ohlcv_proxy
2024-07-30,10313,233127,0,0,-1e-06,-0.4,-0.070908,0.2,ohlcv_proxy
2024-07-31,10298,331990,0,0,-1e-06,-0.4,-0.071425,0.2,ohlcv_proxy
2024-08-01,10735,468839,0,0,-0.0,-0.2,-0.057357,0.1,ohlcv_proxy
2024-08-02,9757,834155,0,0,-1e-06,-0.3,-0.059811,0.2,ohlcv_proxy
2024-08-05,8536,1225533,0,0,-2e-06,-0.3,-0.085987,0.3,ohlcv_proxy
2024-08-06,9370,779818,0,0,-1e-06,-0.2,-0.08194,0.3,ohlcv_proxy
2024-08-07,9340,530689,0,0,-1e-06,-0.2,-0.082579,0.3,ohlcv_proxy
2024-08-08,9082,410306,0,0,-1e-06,-0.1,-0.092795,0.2,ohlcv_proxy
2024-08-09,9509,493988,0,0,-1e-06,0.0,-0.091738,0.2,ohlcv_proxy
2024-08-12,9653,139604,0,0,-0.0,0.0,-0.056957,0.2,ohlcv_proxy
2024-08-13,9722,136953,0,0,-0.0,0.0,-0.051252,0.2,ohlcv_proxy
2024-08-14,10159,420238,0,0,0.0,0.0,-0.027422,0.2,ohlcv_proxy
2024-08-16,10749,474969,0,0,1e-06,-0.1,0.021024,0.2,ohlcv_proxy
2024-08-19,10635,369633,0,0,0.0,0.0,0.053347,0.1,ohlcv_proxy
2024-08-20,11012,401905,0,0,1e-06,0.1,0.071759,0.0,ohlcv_proxy
2024-08-21,10943,127447,0,0,1e-06,0.0,0.082118,0.0,ohlcv_proxy
2024-08-22,11037,222673,0,0,1e-06,0.0,0.100022,0.0,ohlcv_proxy
2024-08-23,10789,256397,0,0,0.0,0.0,0.102475,0.0,ohlcv_proxy
2024-08-26,10903,308954,0,0,0.0,0.0,0.10726,0.0,ohlcv_proxy
2024-08-27,10690,171801,0,0,0.0,0.0,0.100828,0.0,ohlcv_proxy
2024-08-28,10730,145131,0,0,0.0,0.0,0.097807,0.0,ohlcv_proxy
2024-08-29,10387,300566,0,0,-0.0,0.0,0.082171,0.0,ohlcv_proxy
2024-08-30,10561,261312,0,0,0.0,0.0,0.080167,0.0,ohlcv_proxy
2024-09-02,10645,207850,0,0,0.0,0.0,0.069112,0.0,ohlcv_proxy
2024-09-03,10615,180687,0,0,0.0,0.0,0.038336,0.0,ohlcv_proxy
2024-09-04,9931,462808,0,0,-1e-06,-0.1,0.007909,0.0,ohlcv_proxy
2024-09-05,9931,130357,0,0,-0.0,-0.1,-0.005076,0.0,ohlcv_proxy
2024-09-06,9861,159217,0,0,-0.0,-0.1,-0.024646,0.0,ohlcv_proxy
2024-09-09,9583,326419,0,0,-1e-06,-0.1,-0.049771,0.0,ohlcv_proxy
2024-09-10,9623,153952,0,0,-1e-06,-0.1,-0.062771,0.0,ohlcv_proxy
2024-09-11,9777,206807,0,0,-0.0,-0.1,-0.068734,0.0,ohlcv_proxy
2024-09-12,10352,267123,0,0,0.0,-0.1,-0.058263,0.0,ohlcv_proxy
2024-09-13,10496,297970,0,0,0.0,-0.1,-0.041341,0.0,ohlcv_proxy
2024-09-19,10749,296011,0,0,0.0,-0.1,-0.013631,0.0,ohlcv_proxy
2024-09-20,10883,340656,0,0,1e-06,-0.1,0.00863,0.0,ohlcv_proxy
2024-09-23,10948,213567,0,0,1e-06,0.0,0.024329,0.0,ohlcv_proxy
2024-09-24,11008,176325,0,0,1e-06,0.0,0.035558,0.0,ohlcv_proxy
2024-09-25,10948,208244,0,0,0.0,0.0,0.044621,0.0,ohlcv_proxy
2024-09-26,11365,212808,0,0,1e-06,0.0,0.055398,0.0,ohlcv_proxy
2024-09-27,11161,179513,0,0,0.0,0.0,0.060425,0.0,ohlcv_proxy
2024-09-30,11017,186103,0,0,0.0,0.0,0.060703,0.0,ohlcv_proxy
2024-10-02,10779,222516,0,0,0.0,0.0,0.053451,0.0,ohlcv_proxy
2024-10-04,10888,157852,0,0,0.0,0.0,0.052052,0.0,ohlcv_proxy
2024-10-07,11087,125000,0,0,0.0,0.0,0.044224,0.0,ohlcv_proxy
2024-10-08,10869,111703,0,0,0.0,0.0,0.038378,0.0,ohlcv_proxy
2024-10-10,11330,272770,0,0,0.0,0.0,0.037004,0.0,ohlcv_proxy
2024-10-11,11325,168755,0,0,0.0,0.0,0.044061,0.0,ohlcv_proxy
2024-10-14,11365,113673,0,0,0.0,0.0,0.047014,0.0,ohlcv_proxy
2024-10-15,11544,149911,0,0,1e-06,0.0,0.04256,0.0,ohlcv_proxy
2024-10-16,11305,139829,0,0,0.0,0.0,0.041866,0.0,ohlcv_proxy
2024-10-17,11340,94365,0,0,0.0,0.0,0.036279,0.0,ohlcv_proxy
2024-10-18,11330,121892,0,0,0.0,0.0,0.031522,0.0,ohlcv_proxy
2024-10-21,11365,123544,0,0,0.0,0.0,0.02631,0.0,ohlcv_proxy
2024-10-22,11355,201105,0,0,0.0,0.0,0.018335,0.0,ohlcv_proxy
2024-10-23,11439,115075,0,0,0.0,0.0,0.017209,0.0,ohlcv_proxy
2024-10-24,11261,158754,0,0,0.0,0.0,0.013716,0.0,ohlcv_proxy
2024-10-25,11310,130165,0,0,0.0,0.0,0.012028,0.0,ohlcv_proxy
2024-10-28,11563,218888,0,0,0.0,0.0,0.013244,0.0,ohlcv_proxy
2024-10-29,11469,115520,0,0,0.0,0.0,0.015242,0.0,ohlcv_proxy
2024-10-30,11722,197599,0,0,0.0,0.0,0.018307,0.0,ohlcv_proxy
2024-10-31,11305,179997,0,0,0.0,0.0,0.017085,0.0,ohlcv_proxy
2024-11-01,11012,310592,0,0,-0.0,-0.1,0.00548,0.0,ohlcv_proxy
2024-11-04,11161,106074,0,0,-0.0,-0.1,-0.002195,0.0,ohlcv_proxy
2024-11-05,11003,106572,0,0,-0.0,-0.1,-0.007084,0.0,ohlcv_proxy
2024-11-06,11563,440371,0,0,0.0,0.0,-0.007463,0.0,ohlcv_proxy
2024-11-07,11931,306561,0,0,0.0,0.1,0.001412,0.0,ohlcv_proxy
2024-11-08,12263,306428,0,0,1e-06,0.2,0.021303,0.0,ohlcv_proxy
2024-11-11,12318,190616,0,0,1e-06,0.2,0.028219,0.0,ohlcv_proxy
2024-11-12,12228,173632,0,0,1e-06,0.2,0.034825,0.0,ohlcv_proxy
2024-11-13,12119,231118,0,0,0.0,0.2,0.046343,0.0,ohlcv_proxy
2024-11-14,12109,118551,0,0,0.0,0.2,0.049693,0.0,ohlcv_proxy
2024-11-15,11787,150957,0,0,0.0,0.3,0.040459,0.0,ohlcv_proxy
2024-11-18,11593,234997,0,0,-0.0,0.3,0.024716,0.0,ohlcv_proxy
2024-11-19,11613,117474,0,0,-0.0,0.3,0.014628,0.0,ohlcv_proxy
2024-11-20,11802,153416,0,0,0.0,0.2,0.005878,0.0,ohlcv_proxy
2024-11-21,11658,141418,0,0,-0.0,0.1,-0.00147,0.0,ohlcv_proxy
2024-11-22,11792,142796,0,0,0.0,0.0,-0.002864,0.0,ohlcv_proxy
2024-11-25,11970,117683,0,0,0.0,0.0,0.002705,0.0,ohlcv_proxy
2024-11-26,11901,161088,0,0,0.0,0.0,0.006162,0.0,ohlcv_proxy
2024-11-27,11951,162691,0,0,0.0,0.0,0.008133,0.0,ohlcv_proxy
2024-11-28,11851,81197,0,0,0.0,0.0,0.009609,0.0,ohlcv_proxy
2024-11-29,11891,75094,0,0,0.0,0.0,0.00566,0.0,ohlcv_proxy
2024-12-02,11911,86501,0,0,0.0,0.0,0.002773,0.0,ohlcv_proxy
2024-12-03,12268,144612,0,0,0.0,0.0,0.007325,0.0,ohlcv_proxy
2024-12-04,12422,164643,0,0,0.0,0.0,0.012861,0.0,ohlcv_proxy
2024-12-05,12611,158061,0,0,0.0,0.0,0.0226,0.0,ohlcv_proxy
2024-12-06,12561,123671,0,0,0.0,0.0,0.030503,0.0,ohlcv_proxy
2024-12-09,12769,222702,0,0,0.0,0.1,0.04011,0.0,ohlcv_proxy
2024-12-10,12566,132723,0,0,0.0,0.1,0.043413,0.0,ohlcv_proxy
2024-12-11,12536,57260,0,0,0.0,0.1,0.045962,0.0,ohlcv_proxy
2024-12-12,12913,149246,0,0,0.0,0.1,0.047662,0.0,ohlcv_proxy
2024-12-13,12898,82022,0,0,0.0,0.1,0.048311,0.0,ohlcv_proxy
2024-12-16,12938,105396,0,0,0.0,0.1,0.043665,0.0,ohlcv_proxy
2024-12-17,13300,196108,0,0,1e-06,0.1,0.052569,0.0,ohlcv_proxy
2024-12-18,13266,99117,0,0,0.0,0.1,0.053569,0.0,ohlcv_proxy
2024-12-19,12258,473538,0,0,-0.0,0.0,0.02179,0.1,ohlcv_proxy
2024-12-20,11995,244757,0,0,-0.0,-0.1,0.008574,0.1,ohlcv_proxy
2024-12-23,12556,251042,0,0,0.0,-0.1,0.004009,0.1,ohlcv_proxy
2024-12-24,12556,141712,0,0,0.0,-0.1,-0.008463,0.1,ohlcv_proxy
2024-12-26,12933,254396,0,0,0.0,0.0,-0.010296,0.1,ohlcv_proxy
2024-12-27,12764,165918,0,0,0.0,0.0,-0.002365,0.1,ohlcv_proxy
2024-12-30,12516,109049,0,0,-0.0,0.0,0.007953,0.1,ohlcv_proxy
2025-01-02,12184,255375,0,0,-0.0,0.0,0.00078,0.1,ohlcv_proxy
2025-01-03,12020,239212,0,0,-0.0,0.0,-0.007495,0.1,ohlcv_proxy
2025-01-06,12323,218729,0,0,-0.0,0.0,-0.018992,0.1,ohlcv_proxy
2025-01-07,12491,255981,0,0,0.0,0.1,-0.020623,0.0,ohlcv_proxy
2025-01-08,12253,385832,0,0,-0.0,0.1,-0.020592,0.0,ohlcv_proxy
2025-01-09,12124,116626,0,0,-0.0,0.0,-0.018361,0.0,ohlcv_proxy
2025-01-10,12070,114166,0,0,-0.0,0.0,-0.014592,0.0,ohlcv_proxy
2025-01-13,11653,253924,0,0,-0.0,-0.1,-0.022585,0.0,ohlcv_proxy
2025-01-14,11831,169312,0,0,-0.0,-0.1,-0.030318,0.0,ohlcv_proxy
2025-01-15,11687,94522,0,0,-0.0,-0.1,-0.041929,0.0,ohlcv_proxy
2025-01-16,12184,193926,0,0,-0.0,-0.1,-0.036856,0.0,ohlcv_proxy
2025-01-17,12094,93434,0,0,-0.0,-0.1,-0.033006,0.0,ohlcv_proxy
2025-01-20,12377,169625,0,0,0.0,-0.1,-0.015481,0.0,ohlcv_proxy
2025-01-21,12467,151114,0,0,0.0,-0.1,-0.00449,0.0,ohlcv_proxy
2025-01-22,12735,186907,0,0,0.0,0.0,0.007303,0.0,ohlcv_proxy
2025-01-23,12809,236248,0,0,0.0,0.0,0.019531,0.0,ohlcv_proxy
2025-01-24,12933,153354,0,0,0.0,0.0,0.027302,0.0,ohlcv_proxy
2025-01-31,12665,203821,0,0,0.0,0.0,0.033404,0.0,ohlcv_proxy
2025-02-03,11851,378070,0,0,-0.0,-0.1,0.018132,0.0,ohlcv_proxy
2025-02-04,12169,283588,0,0,-0.0,-0.1,0.01037,0.0,ohlcv_proxy
2025-02-05,12362,140296,0,0,0.0,-0.1,0.002326,0.0,ohlcv_proxy
2025-02-06,12695,191961,0,0,0.0,-0.1,-0.001927,0.0,ohlcv_proxy
2025-02-07,12695,144435,0,0,0.0,-0.1,-0.004389,0.0,ohlcv_proxy
2025-02-10,12581,99405,0,0,0.0,-0.1,0.01327,0.0,ohlcv_proxy
2025-02-11,12616,117200,0,0,0.0,-0.1,0.023725,0.0,ohlcv_proxy
2025-02-12,12675,103492,0,0,0.0,-0.1,0.027384,0.0,ohlcv_proxy
2025-02-13,12794,122928,0,0,0.0,-0.1,0.026662,0.0,ohlcv_proxy
2025-02-14,13062,195821,0,0,0.0,-0.1,0.028209,0.0,ohlcv_proxy
2025-02-17,13241,142734,0,0,0.0,0.0,0.032932,0.0,ohlcv_proxy
2025-02-18,13241,94093,0,0,0.0,0.0,0.037335,0.0,ohlcv_proxy
2025-02-19,13236,117774,0,0,0.0,0.0,0.0408,0.0,ohlcv_proxy
2025-02-20,13102,119678,0,0,0.0,0.0,0.042632,0.0,ohlcv_proxy
2025-02-21,13102,71078,0,0,0.0,0.0,0.042947,0.0,ohlcv_proxy
2025-02-24,12720,162909,0,0,-0.0,0.0,0.030247,0.0,ohlcv_proxy
2025-02-25,12288,285812,0,0,-0.0,-0.1,0.008644,0.0,ohlcv_proxy
2025-02-26,12104,330848,0,0,-0.0,-0.2,-0.008288,0.0,ohlcv_proxy
2025-02-27,12109,198557,0,0,-0.0,-0.2,-0.01611,0.0,ohlcv_proxy
2025-02-28,11385,671957,0,0,-1e-06,-0.3,-0.033774,0.1,ohlcv_proxy
2025-03-04,11300,295944,0,0,-1e-06,-0.4,-0.045485,0.1,ohlcv_proxy
2025-03-05,11271,285255,0,0,-1e-06,-0.4,-0.05367,0.1,ohlcv_proxy
2025-03-06,11365,169006,0,0,-1e-06,-0.4,-0.061142,0.1,ohlcv_proxy
2025-03-07,10844,501267,0,0,-1e-06,-0.5,-0.06557,0.2,ohlcv_proxy
2025-03-10,10819,216250,0,0,-1e-06,-0.5,-0.070585,0.2,ohlcv_proxy
2025-03-11,10154,1009151,0,0,-1e-06,-0.6,-0.081641,0.3,ohlcv_proxy
2025-03-12,10099,443969,0,0,-1e-06,-0.6,-0.086012,0.3,ohlcv_proxy
2025-03-13,10070,407180,0,0,-1e-06,-0.5,-0.087132,0.3,ohlcv_proxy
2025-03-14,10040,284578,0,0,-1e-06,-0.5,-0.092685,0.3,ohlcv_proxy
2025-03-17,10199,382031,0,0,-1e-06,-0.4,-0.087425,0.2,ohlcv_proxy
2025-03-18,10382,299312,0,0,-1e-06,-0.3,-0.078267,0.2,ohlcv_proxy
2025-03-19,10159,249371,0,0,-1e-06,-0.3,-0.071384,0.2,ohlcv_proxy
2025-03-20,10491,271148,0,0,-0.0,-0.3,-0.058481,0.2,ohlcv_proxy
2025-03-21,10313,220139,0,0,-1e-06,-0.2,-0.048652,0.1,ohlcv_proxy
2025-03-24,10566,197095,0,0,-0.0,-0.2,-0.039053,0.1,ohlcv_proxy
2025-03-25,10749,315140,0,0,-0.0,-0.1,-0.026286,0.0,ohlcv_proxy
2025-03-26,10898,344095,0,0,0.0,0.0,-0.005703,0.0,ohlcv_proxy
2025-03-27,10581,198014,0,0,-0.0,0.0,0.002966,0.0,ohlcv_proxy
2025-03-28,10422,148971,0,0,-0.0,0.0,0.010633,0.0,ohlcv_proxy
2025-03-31,9643,589030,0,0,-1e-06,-0.1,-0.009554,0.0,ohlcv_proxy
2025-04-01,9797,323569,0,0,-1e-06,-0.1,-0.021441,0.0,ohlcv_proxy
2025-04-02,10005,274689,0,0,-0.0,-0.1,-0.035366,0.0,ohlcv_proxy
2025-04-03,9499,648203,0,0,-1e-06,-0.2,-0.046648,0.0,ohlcv_proxy
2025-04-04,9057,1032301,0,0,-1e-06,-0.3,-0.056167,0.1,ohlcv_proxy
2025-04-07,7196,4249526,0,0,-4e-06,-0.4,-0.114095,0.2,ohlcv_proxy
2025-04-08,8119,2285644,0,0,-2e-06,-0.3,-0.093002,0.2,ohlcv_proxy
2025-04-09,7514,2303886,0,0,-3e-06,-0.4,-0.085786,0.3,ohlcv_proxy
2025-04-10,9280,2753224,0,0,-0.0,-0.3,-0.067149,0.3,ohlcv_proxy
2025-04-11,8993,1731683,0,0,-0.0,-0.4,-0.063357,0.3,ohlcv_proxy
2025-04-14,9285,949446,0,0,-0.0,-0.3,-0.007054,0.3,ohlcv_proxy
2025-04-15,9117,441659,0,0,-0.0,-0.3,0.012588,0.3,ohlcv_proxy
2025-04-16,8794,405403,0,0,-1e-06,-0.3,0.066279,0.3,ohlcv_proxy
2025-04-17,8829,411500,0,0,-1e-06,-0.2,0.054992,0.3,ohlcv_proxy
2025-04-18,8690,334853,0,0,-1e-06,-0.1,0.055448,0.2,ohlcv_proxy
2025-04-21,8476,325545,0,0,-1e-06,0.0,0.032064,0.1,ohlcv_proxy
2025-04-22,8288,692616,0,0,-1e-06,-0.1,0.010314,0.1,ohlcv_proxy
2025-04-23,8893,893414,0,0,-0.0,0.0,0.021643,0.0,ohlcv_proxy
2025-04-24,8913,636549,0,0,-0.0,-0.1,0.026254,0.0,ohlcv_proxy
2025-04-25,9583,947890,0,0,1e-06,0.0,0.050737,0.0,ohlcv_proxy
2025-04-28,9628,427024,0,0,1e-06,0.0,0.06644,0.0,ohlcv_proxy
2025-04-29,9722,348747,0,0,1e-06,0.0,0.093994,0.0,ohlcv_proxy
2025-04-30,9737,251708,0,0,1e-06,0.0,0.115488,0.0,ohlcv_proxy
2025-05-02,10065,682602,0,0,1e-06,0.0,0.146675,0.0,ohlcv_proxy
2025-05-07,10144,358264,0,0,1e-06,0.0,0.163512,0.0,ohlcv_proxy
2025-05-08,10333,308932,0,0,1e-06,0.0,0.131998,0.0,ohlcv_proxy
2025-05-09,10382,231374,0,0,1e-06,0.0,0.126849,0.0,ohlcv_proxy
2025-05-12,10759,441502,0,0,1e-06,0.0,0.109762,0.0,ohlcv_proxy
2025-05-13,11027,563777,0,0,1e-06,0.0,0.131334,0.0,ohlcv_proxy
2025-05-14,11563,508399,0,0,2e-06,0.0,0.143863,0.0,ohlcv_proxy
2025-05-15,11573,519364,0,0,1e-06,0.0,0.151737,0.0,ohlcv_proxy
2025-05-16,11608,547650,0,0,1e-06,0.0,0.153044,0.0,ohlcv_proxy
2025-05-19,11459,599579,0,0,1e-06,0.0,0.149031,0.0,ohlcv_proxy
2025-05-20,11628,237112,0,0,1e-06,0.0,0.150507,0.0,ohlcv_proxy
2025-05-21,11534,161636,0,0,1e-06,0.0,0.142011,0.0,ohlcv_proxy
2025-05-22,11395,175559,0,0,1e-06,0.0,0.130917,0.0,ohlcv_proxy
2025-05-23,11310,97856,0,0,1e-06,0.0,0.108572,0.0,ohlcv_proxy
2025-05-26,11444,189700,0,0,1e-06,0.0,0.089869,0.0,ohlcv_proxy
2025-05-27,11459,110361,0,0,1e-06,0.0,0.070172,0.0,ohlcv_proxy
2025-05-28,11683,168616,0,0,1e-06,0.0,0.056111,0.0,ohlcv_proxy
2025-05-29,12055,326920,0,0,1e-06,0.0,0.064004,0.0,ohlcv_proxy
2025-05-30,11568,241441,0,0,0.0,0.0,0.056235,0.0,ohlcv_proxy
2025-06-02,11449,132140,0,0,0.0,0.0,0.052119,0.0,ohlcv_proxy
2025-06-04,11955,249785,0,0,1e-06,0.0,0.044859,0.0,ohlcv_proxy
2025-06-05,12000,221952,0,0,1e-06,0.0,0.041016,0.0,ohlcv_proxy
2025-06-09,12010,172269,0,0,1e-06,0.0,0.031025,0.0,ohlcv_proxy
2025-06-10,12109,262489,0,0,1e-06,0.0,0.036114,0.0,ohlcv_proxy
2025-06-11,12169,162461,0,0,1e-06,0.0,0.037293,0.0,ohlcv_proxy
2025-06-12,12119,186885,0,0,0.0,0.0,0.033237,0.0,ohlcv_proxy
2025-06-13,11821,468746,0,0,0.0,-0.1,0.024059,0.0,ohlcv_proxy
2025-06-16,12005,222366,0,0,0.0,-0.1,0.021586,0.0,ohlcv_proxy
2025-06-17,12169,177023,0,0,0.0,-0.1,0.018818,0.0,ohlcv_proxy
2025-06-18,12080,139994,0,0,0.0,-0.1,0.012787,0.0,ohlcv_proxy
2025-06-19,11891,219175,0,0,0.0,-0.1,0.008368,0.0,ohlcv_proxy
2025-06-20,12010,81003,0,0,0.0,-0.1,0.01344,0.0,ohlcv_proxy
2025-06-23,11846,160086,0,0,0.0,-0.1,0.009107,0.0,ohlcv_proxy
2025-06-24,12447,341547,0,0,0.0,0.0,0.015185,0.0,ohlcv_proxy
2025-06-25,12531,194775,0,0,0.0,0.0,0.01816,0.0,ohlcv_proxy
2025-06-26,12645,163278,0,0,0.0,0.0,0.027348,0.0,ohlcv_proxy
2025-06-27,12879,198408,0,0,1e-06,0.1,0.033166,0.0,ohlcv_proxy
2025-06-30,13047,221346,0,0,1e-06,0.1,0.045372,0.0,ohlcv_proxy
2025-07-01,12978,208236,0,0,1e-06,0.1,0.050806,0.0,ohlcv_proxy
2025-07-02,12923,165127,0,0,0.0,0.1,0.052646,0.0,ohlcv_proxy
2025-07-03,13042,135413,0,0,0.0,0.1,0.05419,0.0,ohlcv_proxy
2025-07-04,13152,269936,0,0,0.0,0.1,0.053521,0.0,ohlcv_proxy
2025-07-07,13087,149628,0,0,0.0,0.1,0.050513,0.0,ohlcv_proxy
2025-07-08,13117,121971,0,0,0.0,0.0,0.049166,0.0,ohlcv_proxy
2025-07-09,13013,67902,0,0,0.0,0.0,0.049558,0.0,ohlcv_proxy
2025-07-10,13176,99441,0,0,0.0,0.0,0.048282,0.0,ohlcv_proxy
2025-07-11,13142,146826,0,0,0.0,0.0,0.037629,0.0,ohlcv_proxy
2025-07-14,12988,119402,0,0,0.0,0.0,0.031652,0.0,ohlcv_proxy
2025-07-15,13365,287815,0,0,0.0,0.1,0.033194,0.0,ohlcv_proxy
2025-07-16,13201,126747,0,0,0.0,0.1,0.030982,0.0,ohlcv_proxy
2025-07-17,13365,152714,0,0,0.0,0.1,0.02676,0.0,ohlcv_proxy
2025-07-18,13554,203158,0,0,0.0,0.1,0.028915,0.0,ohlcv_proxy
2025-07-21,13519,86660,0,0,0.0,0.1,0.028876,0.0,ohlcv_proxy
2025-07-22,13578,185496,0,0,0.0,0.1,0.026119,0.0,ohlcv_proxy
2025-07-23,13524,70159,0,0,0.0,0.1,0.026675,0.0,ohlcv_proxy
2025-07-24,13623,113400,0,0,0.0,0.1,0.027306,0.0,ohlcv_proxy
2025-07-25,13673,107267,0,0,0.0,0.1,0.026227,0.0,ohlcv_proxy
2025-07-28,13871,200450,0,0,0.0,0.1,0.028849,0.0,ohlcv_proxy
2025-07-29,13846,83514,0,0,0.0,0.0,0.030152,0.0,ohlcv_proxy
2025-07-30,13812,87665,0,0,0.0,0.0,0.029854,0.0,ohlcv_proxy
2025-07-31,14139,238153,0,0,0.0,0.1,0.034669,0.0,ohlcv_proxy
2025-08-01,13529,215773,0,0,0.0,0.0,0.026853,0.0,ohlcv_proxy
2025-08-04,13186,223998,0,0,-0.0,-0.1,0.013693,0.0,ohlcv_proxy
2025-08-05,13638,132610,0,0,0.0,-0.1,0.010474,0.0,ohlcv_proxy
2025-08-06,13425,121114,0,0,0.0,-0.1,0.006597,0.0,ohlcv_proxy
2025-08-07,13762,149358,0,0,0.0,-0.1,-0.004216,0.0,ohlcv_proxy
2025-08-08,13832,135033,0,0,0.0,-0.1,-0.002994,0.0,ohlcv_proxy
2025-08-11,14080,151042,0,0,0.0,-0.1,0.010577,0.0,ohlcv_proxy
2025-08-12,13985,128852,0,0,0.0,-0.1,0.012351,0.0,ohlcv_proxy
2025-08-13,14308,213028,0,0,0.0,-0.1,0.021682,0.0,ohlcv_proxy
2025-08-14,14293,105898,0,0,0.0,-0.2,0.025476,0.0,ohlcv_proxy
2025-08-18,14159,159016,0,0,0.0,-0.1,0.027105,0.0,ohlcv_proxy
2025-08-19,14095,79617,0,0,0.0,0.0,0.026715,0.0,ohlcv_proxy
2025-08-20,13658,171416,0,0,-0.0,0.0,0.019865,0.0,ohlcv_proxy
2025-08-21,13638,114565,0,0,-0.0,0.0,0.008681,0.0,ohlcv_proxy
2025-08-22,13425,152424,0,0,-0.0,0.0,-0.002792,0.0,ohlcv_proxy
2025-08-25,13866,148975,0,0,0.0,0.0,-0.008503,0.0,ohlcv_proxy
2025-08-26,13757,130559,0,0,0.0,0.0,-0.010469,0.0,ohlcv_proxy
2025-08-27,13911,95593,0,0,0.0,0.0,-0.007831,0.0,ohlcv_proxy
2025-08-28,13896,91087,0,0,0.0,0.0,-0.005082,0.0,ohlcv_proxy
2025-08-29,14040,118307,0,0,0.0,0.0,0.006577,0.0,ohlcv_proxy
2025-09-01,13658,148876,0,0,-0.0,0.0,0.001762,0.0,ohlcv_proxy
2025-09-02,13697,52078,0,0,-0.0,0.0,-0.00153,0.0,ohlcv_proxy
2025-09-03,13648,76072,0,0,-0.0,0.0,-0.005077,0.0,ohlcv_proxy
2025-09-04,13772,88009,0,0,0.0,0.0,-0.008039,0.0,ohlcv_proxy
2025-09-05,14144,183060,0,0,0.0,0.0,-0.005134,0.0,ohlcv_proxy
2025-09-08,14119,81908,0,0,0.0,0.0,0.001535,0.0,ohlcv_proxy
2025-09-09,14189,111122,0,0,0.0,0.0,0.006685,0.0,ohlcv_proxy
2025-09-10,14313,132410,0,0,0.0,0.0,0.013474,0.0,ohlcv_proxy
2025-09-11,14283,124825,0,0,0.0,0.0,0.020289,0.0,ohlcv_proxy
2025-09-12,14427,176060,0,0,0.0,0.0,0.02457,0.0,ohlcv_proxy
2025-09-15,14561,180965,0,0,0.0,0.0,0.028464,0.0,ohlcv_proxy
2025-09-16,14844,205532,0,0,0.0,0.1,0.033832,0.0,ohlcv_proxy
2025-09-17,14774,103986,0,0,0.0,0.1,0.034514,0.0,ohlcv_proxy
2025-09-18,14864,160202,0,0,0.0,0.1,0.036542,0.0,ohlcv_proxy
2025-09-19,14988,137779,0,0,0.0,0.1,0.03785,0.0,ohlcv_proxy
2025-09-22,15132,191450,0,0,0.0,0.1,0.040866,0.0,ohlcv_proxy
2025-09-23,15375,131732,0,0,0.0,0.1,0.042263,0.0,ohlcv_proxy
2025-09-24,15201,115672,0,0,0.0,0.1,0.042776,0.0,ohlcv_proxy
2025-09-25,15047,96045,0,0,0.0,0.1,0.043177,0.0,ohlcv_proxy
2025-09-26,14948,150414,0,0,0.0,0.1,0.039096,0.0,ohlcv_proxy
2025-09-29,15142,145767,0,0,0.0,0.1,0.033405,0.0,ohlcv_proxy
2025-09-30,15157,81813,0,0,0.0,0.0,0.0276,0.0,ohlcv_proxy
2025-10-01,15042,92020,0,0,0.0,0.0,0.022634,0.0,ohlcv_proxy
2025-10-02,15454,203909,0,0,0.0,0.0,0.025091,0.0,ohlcv_proxy
2025-10-10,15767,211667,0,0,0.0,0.0,0.031728,0.0,ohlcv_proxy
2025-10-13,15152,413864,0,0,0.0,-0.1,0.023956,0.1,ohlcv_proxy
2025-10-14,14933,178162,0,0,0.0,-0.1,0.018819,0.1,ohlcv_proxy
2025-10-15,15211,115185,0,0,0.0,-0.1,0.017216,0.1,ohlcv_proxy
2025-10-16,15315,130279,0,0,0.0,-0.1,0.012597,0.1,ohlcv_proxy
2025-10-17,14908,205455,0,0,-0.0,-0.1,-0.000452,0.1,ohlcv_proxy
2025-10-20,15444,197181,0,0,0.0,-0.1,-0.000205,0.1,ohlcv_proxy
2025-10-21,15678,201921,0,0,0.0,-0.1,0.007626,0.1,ohlcv_proxy
2025-10-22,15757,71542,0,0,0.0,-0.1,0.009465,0.1,ohlcv_proxy
2025-10-23,15464,131837,0,0,0.0,-0.1,0.009204,0.1,ohlcv_proxy
2025-10-24,15822,136594,0,0,0.0,-0.1,0.020877,0.1,ohlcv_proxy
2025-10-27,16343,234856,0,0,0.0,0.0,0.03235,0.0,ohlcv_proxy
2025-10-28,16507,159869,0,0,0.0,0.0,0.041074,0.0,ohlcv_proxy
2025-10-29,16988,163420,0,0,1e-06,0.0,0.048863,0.0,ohlcv_proxy
2025-10-30,16914,240140,0,0,0.0,0.0,0.059309,0.0,ohlcv_proxy
2025-10-31,16864,104330,0,0,0.0,0.0,0.064087,0.0,ohlcv_proxy
2025-11-03,16680,102532,0,0,0.0,0.0,0.067206,0.0,ohlcv_proxy
2025-11-04,16273,190779,0,0,0.0,0.0,0.060067,0.0,ohlcv_proxy
2025-11-05,16060,310162,0,0,0.0,-0.1,0.040561,0.0,ohlcv_proxy
2025-11-06,16224,148088,0,0,0.0,-0.1,0.027632,0.0,ohlcv_proxy
2025-11-07,15772,210773,0,0,-0.0,-0.1,0.016415,0.0,ohlcv_proxy
2025-11-10,15951,286419,0,0,0.0,0.0,0.004729,0.0,ohlcv_proxy
2025-11-11,16204,186695,0,0,0.0,0.0,-8.8e-05,0.0,ohlcv_proxy
2025-11-12,16313,103664,0,0,0.0,0.0,-0.001022,0.0,ohlcv_proxy
2025-11-13,16249,100291,0,0,0.0,0.0,-0.003513,0.0,ohlcv_proxy
2025-11-14,15410,262423,0,0,-0.0,0.0,-0.011815,0.0,ohlcv_proxy
2025-11-17,15668,84242,0,0,-0.0,0.0,-0.015996,0.0,ohlcv_proxy
2025-11-18,15003,221959,0,0,-0.0,0.0,-0.033702,0.0,ohlcv_proxy
2025-11-19,14799,220581,0,0,-0.0,0.1,-0.046506,0.0,ohlcv_proxy
2025-11-20,15484,207688,0,0,-0.0,0.1,-0.049296,0.0,ohlcv_proxy
2025-11-21,14293,342123,0,0,-1e-06,0.0,-0.062114,0.0,ohlcv_proxy
2025-11-24,14680,197198,0,0,-0.0,-0.1,-0.062404,0.0,ohlcv_proxy
2025-11-25,15186,175177,0,0,-0.0,-0.1,-0.057767,0.0,ohlcv_proxy
2025-11-26,15554,139088,0,0,0.0,-0.1,-0.047775,0.0,ohlcv_proxy
2025-11-27,15708,144484,0,0,0.0,-0.1,-0.043213,0.0,ohlcv_proxy
2025-11-28,15822,136739,0,0,0.0,-0.1,-0.014385,0.0,ohlcv_proxy
2025-12-01,15628,229554,0,0,0.0,-0.1,0.002563,0.0,ohlcv_proxy
2025-12-02,15782,106954,0,0,0.0,-0.1,0.012168,0.0,ohlcv_proxy
2025-12-03,16159,123841,0,0,0.0,-0.1,0.020542,0.0,ohlcv_proxy
2025-12-04,16164,71631,0,0,0.0,-0.1,0.02543,0.0,ohlcv_proxy
2025-12-05,16244,65781,0,0,0.0,0.0,0.028927,0.0,ohlcv_proxy
2025-12-08,16373,119674,0,0,0.0,0.0,0.045371,0.0,ohlcv_proxy
2025-12-09,16154,105185,0,0,0.0,0.0,0.052125,0.0,ohlcv_proxy
2025-12-10,16209,73541,0,0,0.0,0.0,0.053906,0.0,ohlcv_proxy
2025-12-11,15951,187914,0,0,0.0,0.0,0.047806,0.0,ohlcv_proxy
2025-12-12,16239,115230,0,0,0.0,0.0,0.046119,0.0,ohlcv_proxy
2025-12-15,15703,147659,0,0,-0.0,0.0,0.036151,0.0,ohlcv_proxy
2025-12-16,15211,131157,0,0,-0.0,0.0,0.022831,0.0,ohlcv_proxy
2025-12-17,15554,75118,0,0,-0.0,0.0,0.014545,0.0,ohlcv_proxy
2025-12-18,15052,179985,0,0,-0.0,0.0,5.5e-05,0.0,ohlcv_proxy
2025-12-19,15390,101376,0,0,-0.0,0.0,-0.019399,0.0,ohlcv_proxy
2025-12-22,15886,139020,0,0,0.0,0.0,-0.022568,0.0,ohlcv_proxy
2025-12-23,15856,113545,0,0,0.0,0.0,-0.017353,0.0,ohlcv_proxy
2025-12-24,16010,127055,0,0,0.0,0.0,-0.013104,0.0,ohlcv_proxy
2025-12-26,16115,127298,0,0,0.0,0.0,0.002608,0.0,ohlcv_proxy
2025-12-29,16070,97985,0,0,0.0,0.0,0.009093,0.0,ohlcv_proxy
2025-12-30,15960,114244,0,0,0.0,0.0,0.008569,0.0,ohlcv_proxy
2026-01-02,15860,135403,0,0,0.0,0.0,0.008069,0.0,ohlcv_proxy
2026-01-05,15680,268860,0,0,-0.0,-0.1,0.002888,0.0,ohlcv_proxy
2026-01-06,15875,144650,0,0,0.0,-0.1,0.000783,0.0,ohlcv_proxy
2026-01-07,16055,171735,0,0,0.0,-0.1,0.001592,0.0,ohlcv_proxy
2026-01-08,15910,99339,0,0,0.0,-0.1,0.00245,0.0,ohlcv_proxy
2026-01-09,15910,63220,0,0,0.0,-0.1,0.003383,0.0,ohlcv_proxy
2026-01-12,15930,164282,0,0,0.0,-0.1,0.00942,0.0,ohlcv_proxy
2026-01-13,16210,175918,0,0,0.0,-0.1,0.013701,0.0,ohlcv_proxy
2026-01-14,16140,85398,0,0,0.0,-0.1,0.014759,0.0,ohlcv_proxy
2026-01-15,15955,148079,0,0,0.0,-0.1,0.0139,0.0,ohlcv_proxy
2026-01-16,16075,110546,0,0,0.0,-0.1,0.012404,0.0,ohlcv_proxy
2026-01-19,15600,183694,0,0,-0.0,0.0,0.007323,0.0,ohlcv_proxy
2026-01-20,15455,112409,0,0,-0.0,0.0,-0.004882,0.0,ohlcv_proxy
2026-01-21,15360,140635,0,0,-0.0,0.0,-0.012622,0.0,ohlcv_proxy
2026-01-22,15640,163254,0,0,-0.0,0.0,-0.015907,0.0,ohlcv_proxy
2026-01-23,15960,125879,0,0,0.0,0.0,-0.016839,0.0,ohlcv_proxy
2026-01-26,15890,172604,0,0,0.0,0.0,-0.012106,0.0,ohlcv_proxy
2026-01-27,16310,211915,0,0,0.0,0.0,-0.001118,0.0,ohlcv_proxy
2026-01-28,16650,232704,0,0,0.0,0.1,0.013111,0.0,ohlcv_proxy
2026-01-29,16620,215447,0,0,0.0,0.1,0.022234,0.0,ohlcv_proxy
2026-01-30,16085,227382,0,0,0.0,0.1,0.020845,0.0,ohlcv_proxy
2026-02-02,15380,296773,0,0,-0.0,0.0,0.011873,0.0,ohlcv_proxy
2026-02-03,16285,211777,0,0,0.0,0.0,0.010052,0.0,ohlcv_proxy
2026-02-04,15645,256885,0,0,-0.0,-0.1,-0.000849,0.0,ohlcv_proxy
2026-02-05,15095,385129,0,0,-0.0,-0.2,-0.016875,0.1,ohlcv_proxy
2026-02-06,14565,410058,0,0,-1e-06,-0.3,-0.030334,0.2,ohlcv_proxy
2026-02-09,15220,308063,0,0,-0.0,-0.3,-0.029446,0.2,ohlcv_proxy
2026-02-10,15445,162365,0,0,-0.0,-0.3,-0.035395,0.2,ohlcv_proxy
2026-02-11,15390,63238,0,0,-0.0,-0.4,-0.04031,0.2,ohlcv_proxy
2026-02-12,15440,85099,0,0,-0.0,-0.4,-0.038984,0.2,ohlcv_proxy
2026-02-13,14685,327432,0,0,-0.0,-0.5,-0.028569,0.2,ohlcv_proxy
2026-02-19,14975,169849,0,0,-0.0,-0.4,-0.031596,0.2,ohlcv_proxy
2026-02-20,14970,93596,0,0,-0.0,-0.4,-0.037295,0.2,ohlcv_proxy
2026-02-23,14830,124189,0,0,-0.0,-0.3,-0.03974,0.2,ohlcv_proxy
2026-02-24,14840,98117,0,0,-0.0,-0.2,-0.042538,0.1,ohlcv_proxy
2026-02-25,15060,139462,0,0,-0.0,-0.1,-0.032753,0.0,ohlcv_proxy
2026-02-26,15410,163066,0,0,0.0,-0.1,-0.024106,0.0,ohlcv_proxy
2026-02-27,15045,124256,0,0,-0.0,-0.1,-0.019807,0.0,ohlcv_proxy
2026-03-03,14745,209733,0,0,-0.0,-0.1,-0.016448,0.0,ohlcv_proxy
2026-03-04,14445,242184,0,0,-0.0,-0.1,-0.017767,0.0,ohlcv_proxy
2026-03-05,15035,213443,0,0,-0.0,0.0,-0.013422,0.0,ohlcv_proxy
2026-03-06,15165,143801,0,0,0.0,0.0,-0.015388,0.0,ohlcv_proxy
2026-03-09,14195,360861,0,0,-0.0,-0.1,-0.020884,0.0,ohlcv_proxy
2026-03-10,14980,279764,0,0,-0.0,-0.1,-0.014122,0.0,ohlcv_proxy
2026-03-11,15050,116011,0,0,0.0,-0.1,-0.007058,0.0,ohlcv_proxy
2026-03-12,14750,128718,0,0,-0.0,-0.1,-0.012996,0.0,ohlcv_proxy
2026-03-13,14490,151818,0,0,-0.0,-0.1,-0.016275,0.0,ohlcv_proxy
2026-03-16,14455,127097,0,0,-0.0,-0.1,-0.002363,0.0,ohlcv_proxy
2026-03-17,14475,130894,0,0,-0.0,-0.1,-0.010717,0.0,ohlcv_proxy
2026-03-18,14975,126716,0,0,0.0,-0.1,-0.010613,0.0,ohlcv_proxy
2026-03-19,14305,308191,0,0,-0.0,-0.2,-0.017553,0.0,ohlcv_proxy
2026-03-20,14255,167441,0,0,-0.0,-0.2,-0.018314,0.0,ohlcv_proxy
2026-03-23,13525,333263,0,0,-1e-06,-0.2,-0.030401,0.0,ohlcv_proxy
2026-03-24,13925,223386,0,0,-0.0,-0.2,-0.032774,0.0,ohlcv_proxy
2026-03-25,13990,151245,0,0,-0.0,-0.2,-0.038194,0.0,ohlcv_proxy
2026-03-26,13890,124365,0,0,-0.0,-0.2,-0.043392,0.0,ohlcv_proxy
2026-03-27,13525,335286,0,0,-0.0,-0.3,-0.046097,0.0,ohlcv_proxy
2026-03-30,12870,563568,0,0,-1e-06,-0.4,-0.052735,0.1,ohlcv_proxy
2026-03-31,12760,493854,0,0,-1e-06,-0.5,-0.059745,0.1,ohlcv_proxy
2026-04-01,13675,257527,0,0,-0.0,-0.5,-0.056679,0.1,ohlcv_proxy
2026-04-02,13300,436965,0,0,-0.0,-0.5,-0.050552,0.1,ohlcv_proxy
2026-04-03,13740,128358,0,0,-0.0,-0.5,-0.049741,0.1,ohlcv_proxy
2026-04-06,13810,139480,0,0,-0.0,-0.4,-0.036037,0.1,ohlcv_proxy
2026-04-07,13825,105369,0,0,-0.0,-0.4,-0.009632,0.1,ohlcv_proxy
2026-04-08,14895,428324,0,0,0.0,-0.3,0.016864,0.1,ohlcv_proxy
2026-04-09,14690,138020,0,0,0.0,-0.3,0.047845,0.1,ohlcv_proxy
2026-04-10,14950,207267,0,0,0.0,-0.2,0.059755,0.1,ohlcv_proxy
2026-04-13,14840,191837,0,0,0.0,-0.1,0.068454,0.0,ohlcv_proxy
2026-04-14,15370,191390,0,0,1e-06,0.0,0.078638,0.0,ohlcv_proxy
2026-04-15,15845,276888,0,0,1e-06,0.0,0.091926,0.0,ohlcv_proxy
2026-04-16,16485,317237,0,0,1e-06,0.1,0.110044,0.0,ohlcv_proxy
2026-04-17,16430,144136,0,0,1e-06,0.1,0.121492,0.0,ohlcv_proxy
2026-04-20,16670,328660,0,0,1e-06,0.1,0.131546,0.0,ohlcv_proxy
2026-04-21,16950,193131,0,0,1e-06,0.1,0.139161,0.0,ohlcv_proxy
2026-04-22,16925,143646,0,0,1e-06,0.0,0.147145,0.0,ohlcv_proxy
2026-04-23,17135,260841,0,0,1e-06,0.0,0.147359,0.0,ohlcv_proxy
2026-04-24,17250,169038,0,0,1e-06,0.0,0.142861,0.0,ohlcv_proxy
2026-04-27,17685,267013,0,0,1e-06,0.0,0.13209,0.0,ohlcv_proxy
2026-04-28,17590,133279,0,0,1e-06,0.0,0.11385,0.0,ohlcv_proxy
2026-04-29,17530,135929,0,0,1e-06,0.0,0.107166,0.0,ohlcv_proxy
2026-04-30,17415,243750,0,0,0.0,0.0,0.087485,0.0,ohlcv_proxy
2026-05-04,18325,223196,0,0,1e-06,0.0,0.088729,0.0,ohlcv_proxy
2026-05-06,18875,224692,0,0,1e-06,0.0,0.091559,0.0,ohlcv_proxy
2026-05-07,19400,188870,0,0,1e-06,0.0,0.098027,0.0,ohlcv_proxy
2026-05-08,19555,156982,0,0,1e-06,0.0,0.096089,0.0,ohlcv_proxy
2026-05-11,20260,242132,0,0,1e-06,0.0,0.11812,0.0,ohlcv_proxy
2026-05-12,20145,293064,0,0,1e-06,0.0,0.122644,0.0,ohlcv_proxy
2026-05-13,20250,243091,0,0,1e-06,0.0,0.12164,0.0,ohlcv_proxy
2026-05-14,20655,193673,0,0,1e-06,0.0,0.118986,0.0,ohlcv_proxy
2026-05-15,20120,383829,0,0,1e-06,-0.1,0.102755,0.0,ohlcv_proxy
2026-05-18,19700,268593,0,0,0.0,-0.1,0.084135,0.0,ohlcv_proxy
2026-05-19,19720,164882,0,0,0.0,-0.1,0.074648,0.0,ohlcv_proxy
2026-05-20,19795,140839,0,0,0.0,-0.1,0.060005,0.0,ohlcv_proxy
2026-05-21,20285,166929,0,0,0.0,-0.1,0.048347,0.0,ohlcv_proxy
2026-05-22,20550,148250,0,0,0.0,-0.1,0.042869,0.0,ohlcv_proxy
2026-05-26,20925,164724,0,0,0.0,-0.1,0.047375,0.0,ohlcv_proxy
2026-05-27,21295,203662,0,0,1e-06,-0.1,0.056371,0.0,ohlcv_proxy
2026-05-28,21055,234123,0,0,0.0,-0.1,0.057432,0.0,ohlcv_proxy
2026-05-29,21650,189532,0,0,1e-06,-0.1,0.062372,0.0,ohlcv_proxy
2026-06-01,21975,175254,0,0,1e-06,0.0,0.065892,0.0,ohlcv_proxy
2026-06-02,21885,174385,0,0,0.0,0.0,0.062031,0.0,ohlcv_proxy
2026-06-04,21885,137371,0,0,0.0,0.0,0.058905,0.0,ohlcv_proxy
2026-06-05,21385,197778,0,0,0.0,0.0,0.056902,0.0,ohlcv_proxy
2026-06-08,19920,401741,0,0,-0.0,-0.1,0.025423,0.0,ohlcv_proxy
2026-06-09,20600,183543,0,0,0.0,-0.1,0.012651,0.0,ohlcv_proxy
2026-06-10,19725,223710,0,0,-0.0,-0.1,-0.004425,0.0,ohlcv_proxy
2026-06-11,19385,296350,0,0,-0.0,-0.1,-0.021219,0.0,ohlcv_proxy
2026-06-12,20270,481835,0,0,0.0,0.0,-0.025789,0.0,ohlcv_proxy
2026-06-15,21430,402886,0,0,0.0,0.1,-0.010608,0.0,ohlcv_proxy
2026-06-16,21845,253162,0,0,0.0,0.1,-0.006085,0.0,ohlcv_proxy
2026-06-17,21340,189139,0,0,0.0,0.1,-0.000274,0.0,ohlcv_proxy
2026-06-18,21175,263127,0,0,0.0,0.1,0.012432,0.0,ohlcv_proxy
2026-06-19,21350,302165,0,0,0.0,0.1,0.025454,0.0,ohlcv_proxy
2026-06-22,21665,179814,0,0,0.0,0.2,0.024683,0.0,ohlcv_proxy
2026-06-23,20650,235315,0,0,-0.0,0.2,0.013034,0.0,ohlcv_proxy
2026-06-24,20365,138039,0,0,-0.0,0.2,0.007779,0.0,ohlcv_proxy
2026-06-25,20740,138096,0,0,0.0,0.2,0.005391,0.0,ohlcv_proxy
2026-06-26,19795,197434,0,0,-0.0,0.1,-0.010468,0.0,ohlcv_proxy
2026-06-29,20165,135946,0,0,-0.0,0.0,-0.022171,0.0,ohlcv_proxy
2026-06-30,20810,168198,0,0,0.0,0.0,-0.019745,0.0,ohlcv_proxy
2026-07-01,21180,277042,0,0,0.0,0.0,-0.006963,0.0,ohlcv_proxy
2026-07-02,20545,164779,0,0,-0.0,0.0,-0.006532,0.0,ohlcv_proxy
2026-07-03,20475,177531,0,0,-0.0,0.0,0.002352,0.0,ohlcv_proxy
2026-07-21,20475,177531,0,0,-0.0,0.0,0.002352,0.0,ohlcv_proxy
