date,title,sentiment_score,positive_count,negative_count,source
2026-04-12,"[생산적금융 대전환①] 왜 지금, 금융의 방향을 바꿔야 하나",0.0,0,0,https://byline.network/?p=9004111222598958
2026-04-12,'라임·옵티머스 사태' 징계 족쇄 풀린 박정림·정영채,0.0,0,0,https://www.hankyung.com/article/2026041252301
2026-04-12,금융지주 작년 역대급 실적에도 자산 건전성 경고등,0.0,0,0,https://www.m-i.kr/news/articleView.html?idxno=1363633
2026-04-12,보험사 M&A 확산 지각변동… 대형화·비보험 사업확장 병행,0.0,0,0,https://www.g-enews.com/view.php?ud=202604101540327899e30fcb1ba8_1
2026-04-11,“증권사로는 한계”…한투가 ‘보험사 쇼핑’ 나선 3가지 이유,0.0,0,0,http://www.edaily.co.kr/news/newspath.asp?newsid=01958166645415136
2026-04-11,"""이란 전쟁에도 이자이익 견고했다"" 4대 금융 1분기 역대급 실적 예고",0.322,1,0,https://www.theguru.co.kr/news/article.html?no=100376
2026-04-13,증시 호황에 증권사도 웃었다… 순익 눈높이 70% 상향,0.0,0,0,http://www.fnnews.com/news/202604131832055636
2026-04-13,"예별손보, '운명의 주'…16일 본입찰, 불발 시 계약이전",0.0,0,0,https://www.newspim.com/news/view/20260413001101
2026-04-13,"[업앤다운]증권주 하락, 키움증권↑·현대차증권↓",-0.261,0,1,https://www.nspna.com/news/?mode=view&newsid=809555
2026-04-13,"[세리포트] '청장부터 5급까지' 국세청 전관 출신, 사외이사 진출 기업...",0.0,0,0,https://www.sejungilbo.com/news/articleView.html?idxno=57983
2026-04-13,"""비싸거나 부실하거나""…한국금융지주, 보험 M&A 가성비 딜레마",0.0,0,0,https://www.newsquest.co.kr/news/articleView.html?idxno=264621
2026-04-13,'머니무브' 가속화에 증권사 실적 눈높이 '쑥'…3개월새 71% 상향,0.0,0,0,http://www.fnnews.com/news/202604131509359650
2026-04-13,"메리츠금융, 1조원 몸값 애큐온캐피탈 인수 추진 배경은",0.0,0,0,https://www.greened.kr/news/articleView.html?idxno=339198
2026-04-13,[마켓인]‘1조 패키지 딜’의 유혹…애큐온에 베팅한 금융지주들,0.0,0,0,http://www.edaily.co.kr/news/newspath.asp?newsid=03719526645415792
2026-04-13,건전성 회복한 KDB생명… 7번째 매각 성사될까,0.0,0,0,https://www.ekoreanews.co.kr/news/articleView.html?idxno=85566
2026-04-13,톱25 증권사 여성이사 14% 그쳐…女 사외이사도 '미풍' [사외이사 줌人...,0.0,0,0,http://www.fntimes.com/html/view.php?ud=2026041309525344330f4390e77d_18
2026-04-13,롯데손보·예별손보·카디프생명…한투지주의 최종 선택은?,0.0,0,0,https://www.newstopkorea.com/news/articleView.html?idxno=44375
2026-04-13,"생산적 금융 압박 커지는데…국민은행, 보증부 기업대출 확대 새 성장축...",0.682,2,0,https://news.tf.co.kr/read/economy/2312440.htm
2026-04-13,증권사 사외이사 이사회의장 60% 근접…사외이사인 감사위원 확대 [사외...,0.0,0,0,http://www.fntimes.com/html/view.php?ud=202604131055549502179ad43907_18
2026-04-13,[증권주 담은 개미들]① 86만명 1인당 3400만원 '30조 바구니',0.0,0,0,https://www.bloter.net/news/articleView.html?idxno=659301
2026-04-13,코스피 시가총액 상위 15선_4월 13일,0.0,0,0,https://www.bigtanews.co.kr/article/view/big202604130004
2026-04-13,코스피 시가총액 상위 15선_4월 6일_오차율,0.0,0,0,https://www.bigtanews.co.kr/article/view/big202604130003
2026-04-13,[맞수탐구] 삼성화재 vs 메리츠화재...'안정 vs 효율' 정면대결,0.462,1,0,http://www.globalepic.co.kr/view.php?ud=2026041309152988367cc35ccc5c_29
2026-04-14,"[업앤다운]증권주 6% 상승, 미래에셋증권↑·키움증권↑",0.261,1,0,https://www.nspna.com/news/?mode=view&newsid=809699
2026-04-14,[라이벌 열전] [코리아밸류업액티브 ETF] 패시브 ETF에도 밀린 트러스톤...,0.0,0,0,https://www.topdaily.kr/articles/109679
2026-04-14,"한화·메리츠, 에큐온캐피탈 눈독…포트폴리오 다각화",0.322,1,0,https://www.mt.co.kr/finance/2026/04/14/2026041415244954082
2026-04-14,'1조 몸값' 애큐온캐피탈 숏리스트 압축…금융지주 '비은행 확장' 승부...,-0.322,0,1,https://www.news1.kr/finance/general-finance/6135873
2026-04-14,[N2 특징주] 증권株 다시 '줄상승'…1분기 역대급 실적 전망에 ‘뭉칫돈...,0.261,1,0,https://www.news2day.co.kr/article/20260414500139
2026-04-14,[특징주] 증권주 일제히 강세…미래에셋증권 12%↑ 선두,0.322,1,0,https://www.newspim.com/news/view/20260414000345
2026-04-14,증권업계 '밸류업' 기대감에… 미래에셋·한화투자증권 주가 폭등랠리,0.261,1,0,https://www.pinpointnews.co.kr/news/articleView.html?idxno=445288
2026-04-14,[증권주 담은 개미들]② 미래에셋 20만명·키움 1억원 '엇갈린 투심',0.0,0,0,https://www.bloter.net/news/articleView.html?idxno=659392
2026-04-14,[Who Is ?] 김종민 메리츠증권 대표이사 사장,0.0,0,0,https://www.businesspost.co.kr/BP?command=article_view&num=435627
2026-04-14,"4년 만에 돌아온 ‘3고’ 불청객…반도체·에너지 ‘공격’, 금융주는 ...",0.261,1,0,https://magazine.hankyung.com/business/article/202604099283b
2026-04-15,KDB생명 매각 재시동에 예별손보·롯데손보까지 ‘보험사 M&A’ 들썩,0.0,0,0,http://www.edaily.co.kr/news/newspath.asp?newsid=01794166645416448
2026-04-15,저출산·고령화에 사양산업 전락…금융업계 '계륵'된 보험사,0.0,0,0,http://www.edaily.co.kr/news/newspath.asp?newsid=01790886645416448
2026-04-15,예별손보 주인 누가 될까…예보 다음 스탭 기로,0.0,0,0,https://www.tleaves.co.kr/news/articleView.html?idxno=9135
2026-04-15,작년 1000大 기업 영업이익 '역대 최고' 189조원…SK하이닉스 1위,0.0,0,0,https://www.industrynews.co.kr/news/articleView.html?idxno=80051
2026-04-15,[마켓인]두 차례 밀린 예별손보 본입찰…새 주인 찾기 ‘사활’,0.0,0,0,http://www.edaily.co.kr/news/newspath.asp?newsid=04772406645416448
2026-04-15,ESG·메타버스 액티브 ETF 왜 올랐나 봤더니…알고보니 삼전닉스 효과,0.0,0,0,https://biz.chosun.com/stock/stock_general/2026/04/15/J4GSEVIH6FBF3CXLDZZBTHZA7M/?utm_source=naver&utm_medium=original&utm_campaign=biz
2026-04-15,생산적 금융의 완성은 캐피탈?…애큐온 인수전 주목,0.0,0,0,http://www.newstomato.com/ReadNews.aspx?no=1297941&inflow=N
2026-04-15,매물 쏟아진 보험사 M&A…자본 부담에 ‘딜 성사’ 안갯속,0.0,0,0,https://www.mydaily.co.kr/page/view/2026041515035763626
2026-04-15,작년 1000대 기업 영업익 189조 '신기록'…순익 1위 27년만 SK하이닉스,0.0,0,0,https://www.asiatime.co.kr/article/20260415500323
2026-04-15,"애큐온캐피탈 인수전, 메리츠·한화 참여…포트폴리오 확장 기대",0.0,0,0,https://www.kfenews.co.kr/news/articleView.html?idxno=656899
2026-04-15,"1000대기업 지난해 영업익 189조 '신기록'…SK하닉, 2년 연속 1위",0.0,0,0,https://www.sidae.com/article/2026041513373470086
2026-04-15,예별손보 본입찰 D-1…해체냐 매각이냐,0.0,0,0,https://www.asiatime.co.kr/article/20260415500252
2026-04-15,"1000대 기업 작년 영업익 189조 '역대 최고' … SK하이닉스, 별도 순익 1...",0.0,0,0,http://www.worktoday.co.kr/news/articleView.html?idxno=83739
2026-04-15,"[마켓인]‘백기사’ 탈 쓴 ‘실리파’…메리츠, 고려아연 딜의 영리한 ...",0.0,0,0,http://www.edaily.co.kr/news/newspath.asp?newsid=03581766645416448
2026-04-15,"1000대 기업 영업익 189조 '역대 최대'…SK하이닉스, 순익 왕좌 올라",0.0,0,0,https://www.ebn.co.kr/news/articleView.html?idxno=1705490
2026-04-15,"예별손보, 새 주인 나타날까…16일 매각 본입찰 실시",0.0,0,0,https://www.raonnews.com/news/article.html?no=57484
2026-04-15,중동發 ‘롤러코스터 장세’ 출구 보인다…증권株 일제히 들썩 [줍줍리...,0.537,2,0,https://www.sedaily.com/article/20032545?ref=naver
2026-04-15,"‘마진율 12%’ 한투증권, 영업이익률 1위 등극…대신증권 ‘깜짝 2위’",0.0,0,0,https://www.ceoscoredaily.com/page/view/2026041415542322018
2026-04-15,예별손보 내일 본입찰 돌입…2곳 이상 참여시 이달 말 우협 선정,0.0,0,0,https://www.newsis.com/view/NISX20260414_0003591173
2026-04-16,"금융당국 '이사회 독립' 강력 권고에도...한투·키움·대신증권, '오너 ...",0.0,0,0,http://www.consumernews.co.kr/news/articleView.html?idxno=754100
2026-04-17,"서울스퀘어 품은 한투에셋, 높은 공실률에 시작부터 가시밭길",0.0,0,0,https://www.kbanker.co.kr/news/articleView.html?idxno=224732
2026-04-17,삼성금융 약진에… 한화·메리츠 외형 확대 저울질,0.0,0,0,https://it.chosun.com/news/articleView.html?idxno=2023092160487
2026-04-17,예별손해보험 6번째 공개 매각도 유찰,0.0,0,0,https://www.seoul.co.kr/news/economy/finance/2026/04/17/20260417030003?wlog_tag3=naver
2026-04-16,예별손보 매각 또 유찰…한투 단독 응찰에 재공고 검토,0.0,0,0,https://www.econovill.com/news/articleView.html?idxno=737638
2026-04-16,예별손해보험 매각 또 불발… 한국금융지주 홀로 참여,0.0,0,0,https://www.s-journal.co.kr/news/articleView.html?idxno=40575
2026-04-16,"예별손해보험, 한투 단독 입찰로 매각 무산…재매각 나설듯",0.0,0,0,https://www.mk.co.kr/article/12019257
2026-04-16,예별손보 매각 6번째 불발…KDB생명·롯데손보 '촉각',0.0,0,0,https://biz.sbs.co.kr/article_hub/20000304865?division=NAVER
2026-04-16,"예별손보, 여섯 번째 매각 불발",0.0,0,0,https://www.hankyung.com/article/2026041664281
2026-04-16,한투만 참전해 유찰된 예별손보 매각전…한투 수의계약 갈까,0.322,1,0,https://www.insightkorea.co.kr/news/articleView.html?idxno=244827
2026-04-16,[예별손보 M&A] 예별손보 매각 또 무산…6번째 유찰에 '계약이전' 시나리...,0.0,0,0,https://dealsite.co.kr/articles/160328
2026-04-16,"[업앤다운]증권주 상승, 미래에셋증권↑·키움증권↓",0.261,1,0,https://www.nspna.com/news/?mode=view&newsid=809989
2026-04-16,"예별손보, 한투 단독응찰로 '유찰'…재공고·계약이전 '갈림길'",0.0,0,0,https://www.newspim.com/news/view/20260416001304
2026-04-16,예별손보 공개매각 유찰…한투 단독 입찰에 재공고 검토,0.0,0,0,https://www.mediapen.com/news/view/1093858
2026-04-16,예별손보 공개매각 유찰…한투 단독 응찰에 재공고 고려중,0.0,0,0,https://www.ebn.co.kr/news/articleView.html?idxno=1705702
2026-04-16,"예별손해보험 매각 본입찰 한국투자금융지주 단독 참여로 유찰, ""재공고...",0.0,0,0,https://www.businesspost.co.kr/BP?command=article_view&num=435889
2026-04-16,예별손보 본입찰에 한국투자 단독 응찰… 재입찰·계약 이전 갈림길,0.0,0,0,https://www.hankookilbo.com/news/article/A2026041616420004604?did=NA
2026-04-16,예별손보 매각본입찰 유찰···한투 단독 응찰,0.0,0,0,https://www.seoulfn.com/news/articleView.html?idxno=626756
2026-04-16,예별손보 매각 흥행 실패…공개매각 본입찰 유찰,0.0,0,0,https://www.financialpost.co.kr/news/articleView.html?idxno=255782
2026-04-16,예별손보 매각 또 불발...한투 단독 응찰,0.0,0,0,https://www.wowtv.co.kr/NewsCenter/News/Read?articleId=A202604160417&t=NNv
2026-04-16,예별손보 본입찰에 한국금융 단독입찰…재공고 검토[시그널],0.0,0,0,https://www.sedaily.com/article/20033439?ref=naver
2026-04-16,"한국금융지주, 예별손보 본입찰 단독 참여...보험사 인수전 변수로",0.0,0,0,https://www.sidae.com/article/2026041615483635271
2026-04-16,"예별손보 본입찰 유찰...보험업계 반응은? ""계약이전 부담스러워""",0.0,0,0,https://www.greened.kr/news/articleView.html?idxno=339396
2026-04-16,인수자 못 찾은 예별손보…한투 단독응찰에 경쟁 무산,0.0,0,0,http://www.4th.kr/news/articleView.html?idxno=2110551
2026-04-16,"라임사태 중징계 CEO, 5년 다툼 끝 '취소' [CEO 업&다운]",0.0,0,0,https://biz.sbs.co.kr/article_hub/20000304824?division=NAVER
2026-04-16,"예별손보, 이번에도 본입찰 유찰…1개사 최종 참여",0.0,0,0,https://www.1conomynews.co.kr/news/articleView.html?idxno=48122
2026-04-16,"예별손보, 6번째 매각도 '삐걱'…한국금융지주 단독 입찰(종합)",0.0,0,0,https://www.news1.kr/finance/insurance-card/6139220
2026-04-16,"예별손보, 새 주인 또 못 찾았다…한투만 단독 응찰",0.0,0,0,https://www.nocutnews.co.kr/news/6503725?utm_source=naver&utm_medium=article&utm_campaign=20260416050930
2026-04-16,'한투'만 응찰한 예별손보 본입찰…정상화 의지가 매각 관건,0.0,0,0,http://www.edaily.co.kr/news/newspath.asp?newsid=04765846645416776
2026-04-16,"[Invest]‘의미 없는 본입찰’ 현실화…예별손보, 한투 단독 참여에 결국...",0.0,0,0,https://www.investchosun.com/site/data/html_dir/2026/04/16/2026041680182.html
2026-04-16,예별손보 공개매각 유찰…한투 단독 응찰로 계약이전 수순,0.0,0,0,http://www.globalepic.co.kr/view.php?ud=2026041616450879267cc35ccc5c_29
2026-04-16,예별손보 본입찰에 한투금융만 참여…공개매각 유찰·재입찰 검토,0.0,0,0,https://biz.heraldcorp.com/article/10719022?ref=naver
2026-04-16,"예별손보 공매, 한투 단독 응찰에 유찰…재입찰 검토",0.0,0,0,https://www.sisajournal.com/news/articleView.html?idxno=369862
2026-04-16,[코스피 지수선물 옵션] 삼성전자·SK하이닉스 선물 훨훨…삼천당제약은...,0.537,2,0,https://www.pinpointnews.co.kr/news/articleView.html?idxno=446136
2026-04-16,예별손보 매각 또 유찰…단독응찰에 경쟁 불발,0.0,0,0,https://www.ajunews.com/view/20260416155424418
2026-04-16,"예별손보 본입찰에 한투지주 단독 참여…예보, 유찰 재공고 검토",0.0,0,0,https://www.g-enews.com/view.php?ud=202604161617097386a6e8311f64_1
2026-04-16,예별손보 공개매각 유찰…한투 단독 응찰에 '재공고 vs 계약이전' 기로,0.0,0,0,http://www.newsroad.co.kr/news/articleView.html?idxno=58046
2026-04-16,"예별손보, 한투 단독 응찰에 공개매각 유찰… 재공고 검토",0.0,0,0,https://it.chosun.com/news/articleView.html?idxno=2023092160489
2026-04-16,예별손보 매각 본입찰 유찰…한국투자금융 단독 응찰로 ‘무산’,0.0,0,0,https://www.ddaily.co.kr/page/view/2026041616203906843
2026-04-16,예별손보 본입찰 1개사 참여 ‘유찰’…재공고 나선다,0.0,0,0,https://www.etoday.co.kr/news/view/2576473
2026-04-16,"예별손보, 본입찰에 '단 1곳' 참여…무산 시 손보사 계약이전 가닥",0.0,0,0,https://www.newsway.co.kr/news/view?ud=2026041616221458253
2026-04-16,"예별손보 본입찰, 한국금융지주 '단독 참여'…공개매각 중단 '초읽기'",0.0,0,0,http://www.ftoday.co.kr/news/articleView.html?idxno=357780
2026-04-16,예별손보 6번째 매각 무산…한투 단독 응찰에 또 유찰,0.0,0,0,https://www.seoul.co.kr/news/economy/finance/2026/04/16/20260416500202?wlog_tag3=naver
2026-04-16,예별손보 공개매각 유찰…'단독 참전' 한국금융지주 협상 길 열리나,0.0,0,0,https://news.bizwatch.co.kr/article/finance/2026/04/16/0028
2026-04-16,예별손보 본입찰에 1곳 참여…재공고 입찰 검토,0.0,0,0,https://www.ekn.kr/web/view.php?key=20260416024307580
2026-04-16,예별손보 매각 본입찰 불발…재입찰 검토,0.0,0,0,http://www.sisafocus.co.kr/news/articleView.html?idxno=358835
2026-04-16,예별손보 공개매각 유찰…한투금융만 단독 참여,0.0,0,0,https://www.joongangenews.com/news/articleView.html?idxno=512387
2026-04-16,예별손보 본입찰 유찰…재공고 검토,0.0,0,0,https://news.dealsitetv.com/articles/168793
2026-04-16,예별손보 본입찰 1곳 참여로 유찰…예보 '수의계약' 재공고 가닥,0.0,0,0,https://www.ngetnews.com/news/articleView.html?idxno=549901
2026-04-16,예별손보 매각 또 제동…본입찰 유찰로 재공고 검토,0.0,0,0,http://www.fnnews.com/news/202604161604016132
2026-04-16,예별손보 본입찰에 한투지주 단독 참여...공개매각 유찰,0.0,0,0,https://www.sedaily.com/article/20033433?ref=naver
2026-04-16,예별손보 공개 매각 본입찰 '유찰' … 한투 단독 응찰로 유효경쟁 무산,0.0,0,0,https://biz.newdaily.co.kr/site/data/html/2026/04/16/2026041600239.html
2026-04-16,예별손보 공개매각 유찰…한투 단독 응찰에 재입찰 검토,0.0,0,0,https://biz.sbs.co.kr/article_hub/20000304834?division=NAVER
2026-04-16,코스피 6200 축포에 하닉 신고가… 삼전은 “500원이 모자라” [이런국장...,0.462,1,0,https://www.sedaily.com/article/20033427?ref=naver
2026-04-16,예별손보 매각 유찰…계약 이전 가능성에 손보사 셈법 복잡,0.0,0,0,http://www.edaily.co.kr/news/newspath.asp?newsid=04480486645416776
2026-04-16,"예별손보 본입찰 결국 유찰…예보, 재공고 검토",0.0,0,0,https://www.mt.co.kr/finance/2026/04/17/2026041615312011421
2026-04-16,예별손보 공개매각 유찰…한투 단독 응찰에 재공고 검토,0.0,0,0,https://www.yna.co.kr/view/AKR20260416135300002?input=1195m
2026-04-16,"예별손보, 본입찰 1곳 단독응찰로 '유찰'…예보 ""재공고 검토""",0.0,0,0,https://www.newspim.com/news/view/20260416001098
2026-04-16,"예별손보, 본입찰 1곳 참여로 '유찰'…""재공고 검토""",0.0,0,0,https://news.mtn.co.kr/news-detail/2026041615280668878
2026-04-16,"예별손보, 결국 매각 유찰…단독응찰에 ‘계약이전’ 수순 밟나",0.0,0,0,https://www.mydaily.co.kr/page/view/2026041615415165743
2026-04-16,"예별손보, 결국 유찰… 재매각·계약이전 '갈림길'",0.0,0,0,https://www.pinpointnews.co.kr/news/articleView.html?idxno=446092
2026-04-16,예별손보 본입찰 유찰…단독 응찰에 6번째 매각 무산,0.0,0,0,https://www.sentv.co.kr/article/view/sentv202604160134
2026-04-16,"[단독]한국금융지주, 예별손보 매각전 단독 입찰…보험판 흔든다",0.0,0,0,https://www.sidae.com/article/2026041611052939961
2026-04-16,[단독] 예별손보 본입찰에 예비 인수자 1곳 참여… 재공고 할 듯,0.0,0,0,https://biz.chosun.com/stock/finance/2026/04/16/6ACLXPMSNBEJNK534FPCC7SJBA/?utm_source=naver&utm_medium=original&utm_campaign=biz
2026-04-16,"KB금융지주, 다음달 최대 6000억원 영구채 발행 [fn마켓워치]",0.0,0,0,http://www.fnnews.com/news/202604161515381963
2026-04-16,"[단독] 금감원, 애큐온저축은행 검사 임박…애큐온캐피탈 M&A '걸림돌' 우...",-0.408,0,1,https://www.joongangenews.com/news/articleView.html?idxno=512308
2026-04-16,"자본규제 풀어 100조 '여력' 확보…금융당국, 생산적 금융 드라이브",0.0,0,0,https://dealsite.co.kr/articles/160303
2026-04-16,"6200 도전 코스피, 테마 순환 뚜렷… “네트워크 지고 양자 떴다” [이런...",0.261,1,0,https://www.sedaily.com/article/20033338?ref=naver
2026-04-16,"메리츠·한화생명·바이칼인베, 애큐온캐피탈·저축銀 인수 '군침'",0.0,0,0,https://www.newstopkorea.com/news/articleView.html?idxno=44434
2026-04-16,"""새주인 찾기 5년, 이번엔 팔릴까""…예보, 예별손보 오늘 본입찰 진행",0.0,0,0,https://www.news1.kr/finance/insurance-card/6138443
2026-04-16,[더벨][애큐온 M&A] 한화생명 '깜짝 등판'한 배경은,0.0,0,0,https://www.thebell.co.kr/free/content/ArticleView.asp?key=202604140339581410103110
2026-04-16,반도체 깔고 자동차·방산 ‘바통터치’… 순환매에 코스피 6200 복귀 [이...,0.261,1,0,https://www.sedaily.com/article/20033252?ref=naver
2026-04-16,"[증권주 담은 개미들]③ 미래에셋證, 글로벌이 만든 '30조 몸값'",0.0,0,0,https://www.bloter.net/news/articleView.html?idxno=659631
2026-04-16,포브스 선정 한국 최고 부자는 '이재용'…정의선 9위·최태원 18위·구광...,0.0,0,0,https://www.theguru.co.kr/news/article.html?no=100629
2026-04-16,"[스몰캡 증권사 서바이벌②] PF 충당금 3천억 '피눈물' 닦아낸 iM증권, 리...",0.0,0,0,http://www.consumernews.co.kr/news/articleView.html?idxno=754040
2026-04-17,"대신증권, 보험업계 1분기 순이익 2.6조원… 컨센서스 '부합' 전망",0.0,0,0,https://www.newsclaim.co.kr/news/articleView.html?idxno=3061127
2026-04-17,"자본금 1200원 SPC 앞세운 메리츠증권, 고려아연 일가 '우회 대출' 논란",0.0,0,0,https://hbnpress.com/news/view/1065604445900987
2026-04-17,"[업앤다운]증권주 하락, NH투자증권↑·현대차증권↓",-0.261,0,1,https://www.nspna.com/news/?mode=view&newsid=810107
2026-04-17,올해도 업황 안 좋다는데…캐피탈사 M&A 시장 달아오르는 까닭,0.0,0,0,https://ilyo.co.kr/?ac=article_view&entry_id=510474
2026-04-17,[코스피 지수선물 옵션] 삼성전기·삼성SDI 선물 급등… 현물 시장 온기...,0.408,2,1,https://www.pinpointnews.co.kr/news/articleView.html?idxno=446460
2026-04-17,"'0.8조 혈세'도 밑 빠진 독…주인 잃은 예별손보, '매각 시계 제로'",0.0,0,0,https://www.ziksir.com/news/articleView.html?idxno=131133
2026-04-17,한국금융지주 예별손보 인수 가능성은?...보험업 진출 의지 강하지만 막...,0.0,0,0,http://www.consumernews.co.kr/news/articleView.html?idxno=754268
2026-04-17,대형 금융그룹도 '손사래'...KDB생명·예별손보 매각 부진한 이유는,0.0,0,0,https://www.womentimes.co.kr/news/articleView.html?idxno=102336
2026-04-17,[한투 보험사 M&A] 예별손보서 확인된 의지…KDB생명 '나비효과',0.0,0,0,https://www.bloter.net/news/articleView.html?idxno=659792
2026-04-17,“계약이전으로 기우는 판?”...예별손해보험 6번째 매각도 무산,0.0,0,0,https://www.ekn.kr/web/view.php?key=20260417024537647
2026-04-17,예별손보 매각 다시 원점…유효경쟁 불발,0.0,0,0,https://www.kukinews.com/article/view/kuk202604170068
2026-04-17,재입찰·계약이전 기로에 선 예별손보 매각,0.0,0,0,https://biz.heraldcorp.com/article/10719594?ref=naver
2026-04-17,[더벨][예별손해보험 M&A] 수의계약과 계약이전 기로,0.0,0,0,https://www.thebell.co.kr/free/content/ArticleView.asp?key=202604161627318360102420
2026-04-17,‘국민기망 방지법’ 산실 메리츠금융지주 전당포식 영업,0.0,0,0,https://www.ilyosisa.co.kr/news/article.html?no=255410
2026-04-17,[이슈] 예별손해보험 새 주인찾기 난항...한투 단독입찰에 무산,0.0,0,0,https://www.startuptoday.co.kr/news/articleView.html?idxno=610172
2026-04-17,예별손보 매각 또 유찰…한투지주 단독 참여로 유효경쟁 불성립,0.0,0,0,http://www.thebigdata.co.kr/view.php?ud=202604170922082616c808fa9903_23
2026-04-17,"예별손보 본입찰서 확인한 한투지주의 의지, 보험사 M&A 판 흔드나",0.0,0,0,https://www.raonnews.com/news/article.html?no=57555
2026-04-17,예별손보 매각 또 ‘유찰’…단독 응찰에 재입찰 vs 계약이전 갈림길,0.0,0,0,https://www.viva100.com/article/20260417500068
2026-04-17,[초점] 홈플러스 10만 일터 위기… 상생 아쉬운 메리츠금융의 '수익 지상...,0.0,0,0,http://www.newsian.co.kr/news/articleView.html?idxno=88633
2026-04-17,예별손보 공개매각 유찰…한투 단독 응찰에 재공고 검토,0.0,0,0,http://www.fins.co.kr/news/articleView.html?idxno=108254
2026-04-17,"[이슈 체크] 예별손보, 1조 투입해야 생존…‘5대 손보’ 재편 시나리오",0.0,0,0,https://www.tfmedia.co.kr/news/article.html?no=203790
2026-04-17,"예별손보, 한투지주에 팔릴까…'재매각·계약이전' 갈림길",0.0,0,0,https://www.newsis.com/view/NISX20260416_0003594822
2026-04-21,잠잠하던 보험사 M&A 꿈틀...한투지주에 쏠린 시선,0.0,0,0,https://daily.hankooki.com/news/articleView.html?idxno=1359851
2026-04-21,[유효상 칼럼] 왜 지금 '홀리스틱 거버넌스'인가,0.0,0,0,https://www.mt.co.kr/opinion/2026/04/21/2026042008542083235
2026-04-21,"반도체 효과… 삼성家, 국내 주식 부자 1~4위 싹쓸이",0.0,0,0,https://www.chosun.com/economy/money/2026/04/21/IQ3SEN3CKJERXJE6LLIAMQ6JSE/?utm_source=naver&utm_medium=referral&utm_campaign=naver-news
2026-04-20,"[업앤다운]증권주 하락, 한국금융지주↑·미래에셋증권↓",-0.261,0,1,https://www.nspna.com/news/?mode=view&newsid=810288
2026-04-20,"""1조 매각 앞둔 애큐온""…적자·부실·소비자보호 낙제에 금감원 검사까...",-0.408,0,1,https://www.greened.kr/news/articleView.html?idxno=339528
2026-04-20,4대은행 1분기 배당 확대 지속…역대급 실적·규제완화에 주주환원 유지,0.0,0,0,https://www.econovill.com/news/articleView.html?idxno=737984
2026-04-20,"'메리츠증권 이중고'···불어나는 부동산 리스크, 더 좁아진 '발행어음...",0.0,0,0,https://www.globale.co.kr/news/articleView.html?idxno=37553
2026-04-20,"메리츠금융지주, 주식소각 결의→주주가치 제고 신호",0.0,0,0,https://www.topstarnews.net/news/articleView.html?idxno=16039772
2026-04-20,"산은·예보, KDB생명·예별손보 매각 총력전...한투지주 손에 달렸다",0.0,0,0,http://www.fnnews.com/news/202604201525415129
2026-04-20,예별손보 유찰 반복···재매각 vs 계약이전 '선택의 시간',0.0,0,0,https://www.sisajournal-e.com/news/articleView.html?idxno=420601
2026-04-20,미·이란 긴장 재고조에도…SK하이닉스 등 실적주 '쑥'(종합),-0.261,0,1,https://www.yna.co.kr/view/AKR20260420067151008?input=1195m
2026-04-20,새 주인 못 찾은 예별손해보험…계약이전 현실화되나,0.0,0,0,https://www.mediapen.com/news/view/1094417
2026-04-20,4대 금융지주 '순익 5조 시대'...이자 마진·비은행 수익 확대,0.0,0,0,http://www.newsfc.co.kr/news/articleView.html?idxno=78194
2026-04-20,"'호실적' 금융지주, 배당 청신호...1분기 주당 배당금 20%↑",0.87,2,0,https://www.g-enews.com/view.php?ud=202604201415139992bb91c46fcd_1
2026-04-20,"[뉴스 인 데이터] 금융지주 관심도 7%↑…하나금융 1위, ‘주주환원·디...",0.0,0,0,https://www.seoultimes.news/news/article.html?no=2000095201
2026-04-20,"하나금융, 3월 온라인 관심도 1위…KB·신한금융 뒤이어",0.0,0,0,http://www.joseilbo.com/news/news_read.php?uid=566859&class=18&grp=
2026-04-20,코스피 시가총액 상위 15선_4월 20일,0.0,0,0,https://www.bigtanews.co.kr/article/view/big202604200008
2026-04-20,코스피 시가총액 상위 15선_4월 13일_오차율,0.0,0,0,https://www.bigtanews.co.kr/article/view/big202604200007
2026-04-20,"[증권주 담은 개미들]④ 삼성證, 9만명 모은 비결은 '알짜 배당'",0.0,0,0,https://www.bloter.net/news/articleView.html?idxno=659942
2026-04-20,"높은 주주환원율 호평 '하나금융지주', 3월 관심도 1위…KB·신한금융지...",0.0,0,0,https://www.epnc.co.kr/news/articleView.html?idxno=400575
2026-04-20,"반도체가 바꾼 국내 주식부자 지도…삼성가·한미반도체 약진, 코스닥 ...",0.0,0,0,https://www.chosun.com/economy/money/2026/04/20/VM5PRYLEXVCCXBQCLEWRMKHYEE/?utm_source=naver&utm_medium=referral&utm_campaign=naver-news
2026-04-20,"하나금융지주, 3월 금융지주 관심도 1위…KB·신한금융 순",0.0,0,0,https://www.public25.com/news/articleView.html?idxno=44531
2026-04-20,높은 주주환원율 호평 '하나금융지주' 3월 소비자 관심도 1위…KB·신한...,0.0,0,0,http://www.thebigdata.co.kr/view.php?ud=2026041323121830969511086197_23
2026-04-20,[예별손보 M&A] 한투지주만 남은 예별손보 인수전…보험 M&A '투자 심리 ...,0.0,0,0,https://dealsite.co.kr/articles/160402
2026-04-20,"한국금융지주, 예별손보 인수전 완주할까…매각 추진 보험사 '촉각'",0.0,0,0,https://www.news1.kr/finance/insurance-card/6140625
2026-04-20,"'주주환원의 꽃' 자사주 소각, 코리아 디스카운트 해소 핵심 열쇠로 부...",0.732,2,0,https://www.thefairnews.co.kr/news/articleView.html?idxno=74722
2026-04-20,'밸류업 모범생'이 증시 이끈다…주주환원 이행 실적에 외인 수급 '정조...,0.322,1,0,https://www.thefairnews.co.kr/news/articleView.html?idxno=74729
2026-04-19,“강아지 수술 한번에 140만원” 따질 길도 없다… 반려동물 병원비 2배...,0.0,0,0,https://www.segye.com/newsView/20260419503251?OutUrl=naver
2026-04-19,"[데이터 뉴스룸] KB금융·한국투자금융, 1년 새 영업이익 1조 넘게 증가...",0.0,0,0,https://www.greened.kr/news/articleView.html?idxno=339474
2026-04-19,‘1조 패키지 딜’ 승기 누가…애큐온 인수전에 쏠리는 시선,0.0,0,0,https://www.ekn.kr/web/view.php?key=20260419022378171
2026-04-19,펫보험 관심 급증에도 여전한 시장 장벽: 가입률 12.8%로 미미,0.0,0,0,https://www.tokenpost.kr/news/society/351123
2026-04-19,펫보험 알지만 안 든다…의료비 폭증에도 가입률 '제자리',0.0,0,0,https://www.kizmom.com/news/articleView.html?idxno=109408
2026-04-19,"대신증권 ""보험업, 실적은 선방… 손해율 상승에 업황 반등 아직""",0.537,2,0,https://www.s-journal.co.kr/news/articleView.html?idxno=40626
2026-04-19,반려동물 병원비 공포에 보험 찾지만…가입 제한·비싼 보험료에 12.8% 불...,0.0,0,0,https://www.etoday.co.kr/news/view/2576918
2026-04-19,반려동물 병원비 폭탄에도 펫보험은 왜 안 늘까?,0.0,0,0,http://www.fins.co.kr/news/articleView.html?idxno=108280
2026-04-19,MG손보 매각 난항…예별손보 본입찰 실패,0.0,0,0,https://www.thepublic.kr/news/articleView.html?idxno=301628
2026-04-19,"예별손보 또 유찰…매각 향방, 한투 의지에 달렸다",0.0,0,0,https://www.sentv.co.kr/article/view/sentv202604170084
2026-04-19,[반려동물] '병원비 공포'…수의·보험업계 충돌에 펫보험 정체,0.0,0,0,https://www.yna.co.kr/view/AKR20260417162900030?input=1195m
2026-04-21,[Invest]“수수료 IB 시대 끝났다…'투자형 IB' 전환 본격화”,0.0,0,0,https://www.investchosun.com/site/data/html_dir/2026/04/20/2026042080163.html
2026-04-22,홈플러스 '구원투수'는 하림⋯회생 불씨 살렸다 (종합),0.0,0,0,http://www.inews24.com/view/1962269
2026-04-22,"키움證, 호실적 불구 외국인 '썰물'… MSCI 편입 물건너가나",0.583,1,0,https://it.chosun.com/news/articleView.html?idxno=2023092160692
2026-04-22,"반도체 랠리에 재편된 주식 부자 지도…삼성家 독주, 장비株 ‘깜짝 부...",0.0,0,0,https://www.geconomy.co.kr/news/article.html?no=319660
2026-04-21,반도체가 싹 바꾼 ‘韓주식 부자 순위’…한미반도체家 30계단 ‘수직 상...,0.0,0,0,https://www.sedaily.com/article/20035409?ref=naver
2026-04-21,"삼성家, 국내 주식 부자 1~4위 싹쓸이… 10대 부호 자산 112兆 돌파",0.261,1,0,https://www.thepublic.kr/news/articleView.html?idxno=301964
2026-04-21,"[업앤다운]증권주 상승, NH투자증권↑·미래에셋증권↓",0.0,1,1,https://www.nspna.com/news/?mode=view&newsid=810416
2026-04-21,[애큐온캐피탈 M&A] 다크호스는 신생 바이칼…임태호 이름값 + α,0.0,0,0,https://dealsite.co.kr/articles/160288
2026-04-21,"‘M&A 큰 손’ 하림, 홈플익스 인수 우협 선정",0.0,0,0,https://www.dt.co.kr/article/12058718?ref=naver
2026-04-21,[초점] 홈플러스 익스프레스 매각 '막판 승부'… 회생 열쇠 될까,0.0,0,0,http://www.newsian.co.kr/news/articleView.html?idxno=88793
2026-04-21,거듭된 예별손보 매각 '불발'···'계약이전' 수순 밟나,0.0,0,0,https://www.seoulfn.com/news/articleView.html?idxno=627084
2026-04-21,"AI 반도체 수요 폭발... 외국인, SK하이닉스·삼성전자 쓸어 담았다",-0.322,0,1,https://www.pinpointnews.co.kr/news/articleView.html?idxno=447334
2026-04-21,"트랙레코드 없는 바이칼, 컨소시엄으로 애큐온 변수 만들까",0.0,0,0,https://www.newstopkorea.com/news/articleView.html?idxno=44542
2026-04-21,밸류업 폭발했다… HD현대·LG·SK 대형주 일제히 뜀박질,0.0,1,1,https://www.pinpointnews.co.kr/news/articleView.html?idxno=447322
2026-04-21,"예별손보 또 매각 무산… '새 주인 찾기' 난항, 재입찰·계약이전 중대...",0.0,0,0,https://www.ilyoseoul.co.kr/news/articleView.html?idxno=515970
2026-04-21,"韓주식 부자 순위, “삼성家 싹쓸이”…SK하닉은 어디",0.0,0,0,https://magazine.hankyung.com/business/article/202604214934b
2026-04-21,홈플러스 익스프레스 깜짝 인수자 나타날까…팔려도 효과는 '불투명',0.0,0,0,https://www.newsis.com/view/NISX20260418_0003596592
2026-04-21,"[기획] 예보, 또 선택의 시간…한투지주 인수 의지 관건",0.0,0,0,https://www.tleaves.co.kr/news/articleView.html?idxno=9165
2026-04-21,보험사 필요한 한투지주…예별부터 카디프까지 '장고',0.0,0,0,https://www.ntoday.co.kr/news/articleView.html?idxno=126669
2026-04-21,'몸값 1조원' 애큐온캐피탈 인수전…메리츠·한화생명 '양강구도',0.0,0,0,https://www.joongangenews.com/news/articleView.html?idxno=513379
2026-04-21,[기획] 코스피 최고치가 만든 '조(兆)' 단위 재산 재편… 이재용 40조·정...,0.0,0,0,https://www.gokorea.kr/news/articleView.html?idxno=864166
2026-04-22,"[업앤다운]증권주 하락, 미래에셋증권↑·키움증권↓",-0.261,0,1,https://www.nspna.com/news/?mode=view&newsid=810555
2026-04-22,[애큐온 인수전 흥행] 한화생명·메리츠 ‘외형확장·사업 다각화'… 물...,0.0,0,0,https://www.g-enews.com/view.php?ud=202604221500283276a6e8311f64_1
2026-04-22,"한투 보험사 인수의지 확인…손보 출신 임원 영입, 생보 보다 손보?",0.0,0,0,https://www.mt.co.kr/finance/2026/04/22/2026042016485539588
2026-04-22,"1분기 실적시즌 맞은 손보사···""올해도 거품 빠진다""",-0.462,0,1,https://www.sisajournal-e.com/news/articleView.html?idxno=420646
2026-04-22,6번 넘어진 예별손보 매각…1조 자본 벽에 막힌 보험 M&A ‘수요 절벽’,0.0,0,0,https://www.viva100.com/article/20260422500694
2026-04-22,벼랑 끝 홈플러스… 하림이 살릴까,0.0,0,0,https://m.skyedaily.com/news_view.html?ID=302906
2026-04-22,"""반도체 가진 자가 이겼다""…1분기 주식 부자, 삼성家 1~4위 장악",0.0,0,0,https://www.newsis.com/view/NISX20260422_0003601496
2026-04-22,오늘의 메모[4월 23일],0.0,0,0,https://www.sedaily.com/article/20035582?ref=naver
2026-04-22,"[증권주 담은 개미들]⑤ NH투자證, 인기 덜했던 '팔방미인'",0.0,0,0,https://www.bloter.net/news/articleView.html?idxno=660202
2026-04-22,"[더벨]메리츠금융, 애큐온저축은행 인수 '딜레마'",0.0,0,0,https://www.thebell.co.kr/free/content/ArticleView.asp?key=202604200859230260101741
2026-04-24,금융당국 지배구조 메스에도…한투 김남구 회장 20년째 의장 겸임 '역행...,0.0,0,0,https://news.tf.co.kr/read/economy/2316371.htm
2026-04-23,"[업앤다운]증권주 하락, 삼성증권↑·NH투자증권↓",0.0,1,1,https://www.nspna.com/news/?mode=view&newsid=810755
2026-04-23,"[Invest]애큐온캐피탈 매각, 5월말 본입찰",0.0,0,0,https://www.investchosun.com/site/data/html_dir/2026/04/23/2026042380168.html
2026-04-23,"""내 주식만 안오르네""...신고가 랠리 속 업종별 차별화 심화",0.682,3,1,https://www.ntoday.co.kr/news/articleView.html?idxno=126726
2026-04-23,'육천피' 훈풍 탄 증권株...목표주가 눈높이도 '쑥',0.0,0,0,http://www.metroseoul.co.kr/article/20260423500456
2026-04-23,"""데이터가 곧 자산""…파수, 애플리케이션부터 AI까지 토털 솔루션 구축",0.0,0,0,https://www.pinpointnews.co.kr/news/articleView.html?idxno=447999
2026-04-23,"솔루스첨단소재, 헝가리 찍고 캐나다로…배터리 시장 승부수",0.583,2,0,https://www.pinpointnews.co.kr/news/articleView.html?idxno=447973
2026-04-23,예별손보 6번째 매각 무산… 한국투자금융지주 행보 주목,0.0,0,0,https://www.ekoreanews.co.kr/news/articleView.html?idxno=85727
2026-04-23,"애큐온캐피탈 인수전 나선 한화생명, 금융그룹 ‘퍼즐’ 완성할까",0.0,0,0,https://www.topdaily.kr/articles/109804
2026-04-23,[마켓인]사라진 대주단과 깜깜이 공시…고려아연·메리츠의 ‘촌극’,0.0,0,0,http://www.edaily.co.kr/news/newspath.asp?newsid=04149206645419072
2026-04-23,"코스피, 사상 첫 6500 돌파…반도체 '역대급 실적'에 축포",0.488,2,0,http://www.newsprime.co.kr/news/article.html?no=731252
2026-04-23,"국내 증시 6,500선 돌파, 증권주 동반 상승세",0.488,2,0,https://www.tokenpost.kr/news/market/352386
2026-04-23,"[특징주] 증권주, 코스피 신고가 경신 지속에 강세",0.8,3,0,http://www.issuenbiz.com/news/articleView.html?idxno=75983
2026-04-23,"증권주, '코스피 연일 최고가 경신' 속 상승세",0.261,1,0,https://biz.sbs.co.kr/article_hub/20000306153?division=NAVER
2026-04-23,"[특징주] 증권주, '코스피 연일 최고가 경신' 속 상승세",0.261,1,0,https://www.yna.co.kr/view/AKR20260423046700008?input=1195m
2026-04-23,"메리츠금융, 애큐온 인수전 등판…'조달 리스크' 해소 목적 [넘버스]",0.0,0,0,https://www.bloter.net/news/articleView.html?idxno=660311
2026-04-23,"한국금융지주, '보험 빈칸' 저울질…한국투자생명보험 탄생하나",0.0,0,0,https://www.sisaon.co.kr/news/articleView.html?idxno=200495
2026-04-23,‘연봉킹’ 한화 김승연 ‧‘배당킹’ 삼성 이재용 ‧ ‘기부킹’ 미래...,0.0,0,0,https://woman.donga.com/3/all/12/6195238/1
2026-04-27,금융주 랠리서 소외된 메리츠… 실적기대 꺾이고 투자의견 하향,0.322,1,1,https://it.chosun.com/news/articleView.html?idxno=2023092160958
2026-04-27,실적과 86세대가 재편한 금융 리더십…2026 파워금융인 30,0.0,0,0,https://magazine.hankyung.com/business/article/202604231859b
2026-04-27,"메리츠 29%·하나 21%…신한·KB도 10%대 후반, 금융지주 ‘숨은 부채’...",0.0,0,0,https://www.g-enews.com/view.php?ud=202604241508568733e30fcb1ba8_1
2026-04-27,"'리테일 후발주자' 메리츠증권, PIB·디지털 기반 공격적 확장 [증권사,...",0.0,0,0,http://www.fntimes.com/html/view.php?ud=202604252223488802dd55077bc2_18
2026-04-26,"NH투자증권, 사상 첫 각자대표 체제 전환...""부문별 전문경영 본격 추진...",0.0,0,0,https://www.g-enews.com/view.php?ud=2026042521363875df2f5bc1bc_1
2026-04-26,"“호황에 안주 없다”…한투금융, 보험으로 ‘다음 사이클’ 준비",0.0,0,0,https://www.kukinews.com/article/view/kuk202604210178
2026-04-25,"NH투자증권, 각자대표 체제로 전환",0.0,0,0,http://www.fntimes.com/html/view.php?ud=202604250810346780179ad43907_18
2026-04-25,“SK하이닉스 목표가 234만원…상승여력 91%”,0.261,1,0,https://www.sedaily.com/article/20037019?ref=naver
2026-04-28,"[오늘(28일)의 경제·산업 주요 일정·행사] '삼성SDI, 2026년 1분기 경영...",0.0,0,0,http://www.popcornnews.net/news/articleView.html?idxno=119475
2026-04-27,NH투자증권 각자대표 도입···새로운 경영시험대 되나,0.0,0,0,https://www.sisajournal-e.com/news/articleView.html?idxno=420747
2026-04-27,"우리금융, 1분기 순익 6038억 '주춤'… 자본비율 13.5% 돌파에 ""하반기 기...",0.261,1,0,http://www.biztribune.co.kr/news/articleView.html?idxno=353132
2026-04-27,[대한민국 100대 CEO] 김용범 메리츠금융지주 부회장 | 금융지주 판 바꾼...,0.0,0,0,https://www.mk.co.kr/article/12028403
2026-04-27,"'압도적인' 증권사들, 금융지주 넘어선다",0.322,1,0,https://theviewers.co.kr/View.aspx?No=4057596
2026-04-27,"[어닝 서프라이즈] 하나금융, 1Q 순익 1조2100억…컨센서스 7%↑",0.583,1,0,https://www.megaeconomy.co.kr/news/newsview.php?ncode=1065591733422622
2026-04-27,메리츠금융만 비껴간 금융주 훈풍···구조·업계 흐름 충돌,0.0,0,0,https://www.womaneconomy.co.kr/news/articleView.html?idxno=253019
2026-04-27,[보험사 퀀텀점프①] 손보사 '외형성장'서 '자본 효율성 시대'로,0.322,1,0,https://www.ebn.co.kr/news/articleView.html?idxno=1706698
2026-04-27,코스피 시가총액 상위 15선_4월 27일,0.0,0,0,https://www.bigtanews.co.kr/article/view/big202604270004
2026-04-27,코스피 시가총액 상위 15선_4월 20일_오차율,0.0,0,0,https://www.bigtanews.co.kr/article/view/big202604270003
2026-04-27,"[더벨]예별손보 매각, 한투지주와 지원금 이견에 '안갯속'",0.0,0,0,https://www.thebell.co.kr/free/content/ArticleView.asp?key=202604231027316080107546
2026-04-27,'역대급 실적' KB·신한…이젠 '주주 돈잔치' 경쟁,0.583,1,0,https://www.dailian.co.kr/news/view/1637643/?sc=Naver
2026-04-27,투톱체제로 '한국판 골드만삭스' 시동…메리츠증권 장원재·김종민 대표...,0.0,0,0,https://magazine.hankyung.com/business/article/202604220147b
2026-04-29,"[초점] ""직원의 행복"" 강조한 메리츠 김용범…홈플러스 해결사 될까",0.0,0,0,http://www.newswatch.kr/news/articleView.html?idxno=79490
2026-04-28,"[업앤다운]증권주 하락, 메리츠금융지주↑·키움증권↓",0.0,1,1,https://www.nspna.com/news/?mode=view&newsid=811283
2026-04-28,[코스피 지수선물 옵션] 현대차·POSCO홀딩스 급등… 선물시장 주도주 교...,0.408,1,0,https://www.pinpointnews.co.kr/news/articleView.html?idxno=449335
2026-04-28,[줌인] NH투자증권이 '각자대표' 도입한 속사정은?,0.0,0,0,https://www.dailybrief.co.kr/news/articleView.html?idxno=5741
2026-04-28,"""HBM 시대 핵심은 패키징""…피에스케이홀딩스, 장비 시장 '태풍의 눈'",0.604,2,0,https://www.pinpointnews.co.kr/news/articleView.html?idxno=449277
2026-04-28,[증시 오늘(28일) 주요 특징주] 코스피·코스닥 '눈치보기' 혼조세…실적...,0.892,3,0,https://www.thefairnews.co.kr/news/articleView.html?idxno=75598
2026-04-28,"합성피혁 강자 디케이앤디, 친환경 날개 달고 글로벌 도약",0.0,0,0,https://www.pinpointnews.co.kr/news/articleView.html?idxno=449227
2026-04-28,2026 대한민국 50대 부자,0.0,0,0,https://www.forbeskorea.co.kr/news/articleView.html?idxno=401816
2026-04-28,장중 6700 터치한 코스피⋯기관ㆍ개인의 ‘사자’에 상승세 지속,0.537,2,0,https://www.etoday.co.kr/news/view/2579881
2026-04-28,1분기 IMA·발행어음 4.7조 유입…증권사 '자본경쟁' 불붙었다,0.0,0,0,https://www.newsis.com/view/NISX20260428_0003609315
2026-04-28,"코스피 장중 6,700 뚫었다…韓 시총, 영국 넘어 세계 8위",0.488,2,0,https://news.einfomax.co.kr/news/articleView.html?idxno=4412079
2026-04-28,홈플러스 운명 쥔 2000억…메리츠 '마지막 버튼' 누를까,0.0,0,0,https://www.ebn.co.kr/news/articleView.html?idxno=1706879
2026-04-28,"증권사 실적 잔치 속 예탁금 이자율 여전히 '제자리'…KB證, 올 들어 두...",0.0,0,0,https://www.greened.kr/news/articleView.html?idxno=339859
2026-04-28,"[증권주 담은 개미들]⑦ 한화證, 두나무 지분이 불러온 '딜레마'",0.0,0,0,https://www.bloter.net/news/articleView.html?idxno=660741
2026-04-29,[대한민국 100대 CEO] 장원재 메리츠증권 사장 | 리테일·IB 결합해 한국...,0.322,1,0,https://www.mk.co.kr/article/12031363
2026-04-29,"한투, 보험사 인수 의지 '확고'…예별·카디프·KDB·롯데 중 어디 노릴...",0.0,0,0,https://www.kpinews.kr/newsView/1065592581461088
2026-04-29,"[업앤다운]증권주 하락, 교보증권↑·삼성증권↓",-0.261,0,1,https://www.nspna.com/news/?mode=view&newsid=811497
2026-04-29,"'1조 대어' 애큐온 누구 품에…메리츠 vs 한화 ""우리 시너지 더 크다""",0.0,0,0,https://www.insightkorea.co.kr/news/articleView.html?idxno=245654
2026-04-29,NH투자증권도 '각자대표 트렌드' 올라탄다…새 리더십에 관심↑,0.0,0,0,https://www.insightkorea.co.kr/news/articleView.html?idxno=245594
2026-04-29,NH금융지주는 왜 증권을 흔들었을까 [뷰파인더],0.0,0,0,https://theviewers.co.kr/View.aspx?No=4061028
2026-04-29,"삼성가 자산 1년 새 2배 '폭등'… “이재용 회장의 AI 승부수 통했다""",0.0,0,0,https://www.g-enews.com/view.php?ud=202604291447559610fbbec65dfb_1
2026-04-29,"우리투자증권 ""2030년 종투사 인가 도전""…증권사 '체급싸움' 불붙나",0.0,0,0,https://www.mediapen.com/news/view/1096295
2026-04-29,"'부진의 늪' 하나증권, 출구 없나 [뷰파인더]",0.0,0,0,https://theviewers.co.kr/View.aspx?No=4059648
2026-04-30,"삼성증권, '모니모 삼성증권 투자 첫걸음 이벤트' 진행 外",0.0,0,0,https://www.rcast.co.kr/news/articleView.html?idxno=30676
2026-04-30,6번 불발된 예별손보 매각작업···재시동 걸었지만 산 넘어 산,0.0,0,0,https://www.seoulfn.com/news/articleView.html?idxno=627821
2026-04-30,"홈플러스 피해자들 분노…""DIP 대출? 또 후순위 희생"" MBK·메리츠 향한...",0.0,0,0,https://www.joongangenews.com/news/articleView.html?idxno=516223
2026-04-30,"[증권주 담은 개미들]⑧ 한투금융, '1등 타이틀' 비해 초라한 인기",0.0,0,0,https://www.bloter.net/news/articleView.html?idxno=660985
2026-04-30,"대형 증권사, 각자대표 체제로…사업 분화에 경영 구조 변화",0.0,0,0,https://www.ajunews.com/view/20260429144158078
2026-04-29,메리츠 vs 한화...'1조 대어' 애큐온 인수전 뜨겁다,0.0,0,0,https://www.insightkorea.co.kr/news/articleView.html?idxno=245654
2026-04-29,NH투자증권도 '각자대표 트렌드' 탑승…새 리더십 관심 집중,0.0,0,0,https://www.insightkorea.co.kr/news/articleView.html?idxno=245594
2026-05-04,‘애물단지’서 금융 시장 확장 교두보로… M&A 활발한 저축銀,0.0,0,0,https://biz.chosun.com/stock/finance/2026/05/04/IR7LJX24T5HFZJKLSH7J3Y4AVI/?utm_source=naver&utm_medium=original&utm_campaign=biz
2026-05-04,"""질주냐 숨고르기냐""…반도체 홀로 달린 코스피, 5월이 진짜 분수령",0.0,0,0,https://www.ziksir.com/news/articleView.html?idxno=132607
2026-05-04,삼성·메리츠證 발행어음 인가 난항…제재 리스크에 발목,-0.462,0,1,https://www.yna.co.kr/view/AKR20260502046200002?input=1195m
2026-05-04,"""주식 안하면 손해"" 하루 30조 폭발…증권업, 역대급 실적 눈앞에",0.0,0,0,https://www.mt.co.kr/stock/2026/05/04/2026050320045086688
2026-05-03,A-급 리츠 '디폴트 쇼크'… 얼어붙은 회사채 시장,0.0,0,0,http://www.fnnews.com/news/202605031839064602
2026-05-03,7000 목전에 둔 코스피에…증권사 분기 순이익 1조 시대 열릴까,0.0,0,0,https://www.mt.co.kr/stock/2026/05/04/2026043017581454755
2026-05-03,"'A급도 불안' 제이알글로벌리츠 디폴트 추락, 크레딧 냉각 [fn마켓워치]",0.0,0,0,http://www.fnnews.com/news/202605031104325035
2026-05-03,"'유찰' 예별손보, '매각 7수' KDB생명...안갯속 보험사 M&A",0.0,0,0,https://www.etnews.com/20260430000140
2026-05-03,“이젠 갭투자 안 한다”... 전문가 5인이 고른 10억 新투자처,0.0,0,0,https://www.chosun.com/economy/economy_general/2026/05/03/SVO657AINFAVBIK62LEEQCMLTM/?utm_source=naver&utm_medium=referral&utm_campaign=naver-news
2026-05-02,"PF에서 IB로 'K-IB 2.0'…증권사, 기업금융 중심 재편 가속",0.0,0,0,https://www.econovill.com/news/articleView.html?idxno=739324
2026-05-02,"홈플러스 노조 ""임금 포기"" 결의...메리츠 자금 요청에도 지원 어려운 배...",0.0,0,0,https://www.joongangenews.com/news/articleView.html?idxno=516378
2026-05-05,"SK스퀘어, 지주사 전환 승인 완료… 반도체 및 ICT 중심 포트폴리오 구...",0.261,1,0,https://www.pinpointnews.co.kr/news/articleView.html?idxno=450546
2026-05-05,[김지영의 생존투자] 증시 활황에 미소 짓는 증권사…외국인 통합계좌로...,0.0,0,0,https://www.dt.co.kr/article/12060792?ref=naver
2026-05-05,"거래대금 폭발에 증권업종 들썩…삼성증권 28% 폭등, 대형주 중심 재평...",0.261,1,0,https://www.pinpointnews.co.kr/news/articleView.html?idxno=450480
2026-05-04,"삼성·메리츠증권, 발행어음 '삐걱'…인가 절차 제동 걸렸다",0.0,0,0,https://www.thepublic.kr/news/articleView.html?idxno=303347
2026-05-04,'제재 리스크 발목'…삼성·메리츠 발행어음 인가 불투명,-0.462,0,1,http://mbnmoney.mbn.co.kr/news/view?news_no=MM1005827213
2026-05-04,"거버넌스포럼 ""신한금융 '밸류업', A+로 상향…진정성 있어""",0.0,0,0,https://view.asiae.co.kr/article/2026050415333104959
2026-05-04,[로드뷰] 삼성·메리츠증권 발행어음 인가 '안갯속'…제재·사법 리스크...,-0.462,0,1,http://www.newsroad.co.kr/news/articleView.html?idxno=58935
2026-05-04,"신한금융 밸류업 등급 'A+'로 상향, 한국기업거버넌스포럼 ""이사회 중심...",0.0,0,0,https://www.huffingtonpost.kr/article/256974
2026-05-04,코스피 시가총액 상위 15선_4월 27일_오차율,0.0,0,0,https://www.bigtanews.co.kr/article/view/big202605040001
2026-05-04,코스피 시가총액 상위 15선_5월 4일,0.0,0,0,https://www.bigtanews.co.kr/article/view/big202605040002
2026-05-04,"산 넘어 산…삼성·메리츠증권, 발행어음 인가 앞두고 '빨간불'",0.0,0,0,https://www.sisajournal.com/news/articleView.html?idxno=371648
2026-05-04,은행·보험·카드까지…책무구조도 관건 '사고예방',0.0,0,0,https://weekly.hankooki.com/news/articleView.html?idxno=7162238
2026-05-04,커지는 발행어음 시장…삼성·메리츠證 인가 난항,0.0,0,0,https://view.asiae.co.kr/article/2026050408445742297
2026-05-04,"발행어음 시장 커지는데 삼성·메리츠증권, 제재·수사 리스크에 브레이...",-0.462,0,1,https://biz.newdaily.co.kr/site/data/html/2026/05/04/2026050400027.html
2026-05-04,"삼성·메리츠증권, 발행어음 인가 난항",0.0,0,0,https://biz.sbs.co.kr/article_hub/20000308112?division=NAVER
2026-05-04,"한투, 2조 벌고 기부 32억…사회공헌 인색한 증권업계",0.0,0,0,http://www.yonhapnewstv.co.kr/news/MYH20260504060510yXI
2026-05-07,"'1분기 128% 성장' NH투자증권 윤병운 사장, 호실적에도 연임 보류, 왜",0.762,2,0,https://realty.chosun.com/site/data/html_dir/2026/05/06/2026050603601.html
2026-05-07,외국인 자금 들어오나… 통합계좌에 증권주 기대감,0.0,0,0,https://view.asiae.co.kr/article/2026050616214771624
2026-05-07,"각자대표 도입 NH證, 윤병운 연임 무게… 다른 한 명은?",0.0,0,0,https://it.chosun.com/news/articleView.html?idxno=2023092161559
2026-05-06,"[업앤다운]증권주 11% 상승, 미래에셋증권↑·메리츠금융지주↓",0.0,1,1,https://www.nspna.com/news/?mode=view&newsid=812013
2026-05-06,'코스피 1만' 못 가란 법 없다…반도체 다음은 전력·원전주 [7000피 시대...,0.7,2,0,http://www.edaily.co.kr/news/newspath.asp?newsid=06500966645446296
2026-05-06,"삼성·메리츠증권, 발행어음 인가 지연 장기화",0.0,0,0,http://www.hansbiz.co.kr/news/articleView.html?idxno=837105
2026-05-06,코스피 7000 뚫고 7300선 안착…삼전 14%·하닉 10%대 급등,0.165,1,1,http://www.sisafocus.co.kr/news/articleView.html?idxno=359659
2026-05-06,"유안타증권, 리테일·IB·전략운용 등 사업 다각화로 수익 구조 개선 뚜...",-0.322,0,1,https://www.pinpointnews.co.kr/news/articleView.html?idxno=450815
2026-05-06,국내 증시 외국인 거래비중 20%대…접근성 개선에 증권주 주목,0.0,0,0,https://www.thepowernews.co.kr/view.php?ud=202605061335573236de3f0aa1be_7
2026-05-06,증시 불장 효과 톡톡…10대 증권사 1분기 실적 '5대 은행' 따라잡았다,0.0,0,0,https://www.ajunews.com/view/20260506104420938
2026-05-06,"알테오젠, 코스닥 남을 수 있나…""이전 절차 일단 진행""",0.322,1,0,https://www.wowtv.co.kr/NewsCenter/News/Read?articleId=A202605060479&t=NNv
2026-05-06,실적 향상에도 안심 못 하는 캐피탈…본업·건전성 우려,0.261,1,0,https://www.ekn.kr/web/view.php?key=20260506024082146
2026-05-06,증시 활성화의 수혜주...'수수료 수익 확대' 증권주 일제히 급등,0.408,1,0,http://www.seoulwire.com/news/articleView.html?idxno=719992
2026-05-06,알짜 캐피털+적자 저축은행… ‘애큐온 묶음인수’ 딜레마,0.0,0,0,https://www.munhwa.com/article/11587085?ref=naver
2026-05-06,'7천피' 개막에 증권주 덩달아 웃는다…미래에셋 13%↑,0.0,0,0,http://www.wowtv.co.kr/NewsCenter/News/Read?articleId=A202605060425&t=NN
2026-05-06,"메리츠증권, '발행어음 인가' 실패...'이화전기 BW'의 보복?",0.0,0,0,https://www.dailybrief.co.kr/news/articleView.html?idxno=5793
2026-05-06,[개장시황] 6천 석달 만에 코스피 '7천' 사상 최고 경신,0.322,1,0,https://www.newspim.com/news/view/20260506000201
2026-05-06,"하나증권 ""국내 증시 거래대금 지속 증가, 삼성증권 유안타증권 한국금...",0.0,0,0,https://www.businesspost.co.kr/BP?command=article_view&num=437122
2026-05-06,코스피 첫 7000 돌파에 증권株 동반 강세…삼성증권 14%대↑[특징주],0.537,2,0,http://www.edaily.co.kr/news/newspath.asp?newsid=03870406645446296
2026-05-06,키움 삼성 현대차증권 펄펄 끓네…거래대금 폭발에 실적 기대 커진다,0.537,2,0,https://www.pinpointnews.co.kr/news/articleView.html?idxno=450652
2026-05-06,"김용범 메리츠금융 부회장, “주주환원율 61%”…실적·환원 다 잡은 ‘...",0.322,1,0,https://magazine.hankyung.com/business/article/202604220084b
2026-05-06,[고려아연 분쟁] 최윤범 백기사 나선 메리츠…적의 적은 나의 동지,0.0,0,0,https://dealsite.co.kr/articles/160048
2026-05-06,"""증권株, 미국개미가 온다..그냥 빨리 타""",0.0,0,0,https://www.smarttoday.co.kr/ko-kr/articles/107221
2026-05-06,"우리투자證, 1조 증자 승부수…몸집 키웠지만 수익성은 과제",0.0,0,0,https://www.news2day.co.kr/article/20260504500221
2026-05-08,"금융권, M&A로 재편된다…성장 공식 바뀌고 있어",0.322,1,0,https://www.lcnews.co.kr/news/articleView.html?idxno=201782
2026-05-07,예별손보 매각 잇단 불발… 부실 ‘폭탄 돌리기’ 우려,0.0,0,0,https://www.segye.com/newsView/20260507515538?OutUrl=naver
2026-05-07,증권·운용사 1분기 실적 개선 두드러져…금융지주 내 '위상 변화',0.462,1,0,http://www.whitepaper.co.kr/news/articleView.html?idxno=262155
2026-05-07,"삼성·메리츠 발행어음 제재로 멈칫···자본력만으론 부족, 신뢰도 변...",-0.462,0,1,https://www.womaneconomy.co.kr/news/articleView.html?idxno=253435
2026-05-07,"[업앤다운]증권주 3% 하락, 메리츠금융지주↑·한화투자증권↓",0.0,1,1,https://www.nspna.com/news/?mode=view&newsid=812218
2026-05-07,KB금융 신종자본증권 수요예측서 4330억 확보 [시그널],0.0,0,0,https://www.sedaily.com/article/20041362?ref=naver
2026-05-07,[코스피 지수선물 옵션] 방산·조선은 흔들리고 반도체는 질주…선물시...,0.0,0,0,https://www.pinpointnews.co.kr/news/articleView.html?idxno=451126
2026-05-07,"카카오뱅크, 올해 주주환원율 50% 선언···""수익성 지속 관건""",0.0,0,0,https://www.newsfreezone.co.kr/news/articleView.html?idxno=688516
2026-05-07,코스피 불장에 날아오른 증권사…1Q 영업익 ‘1조 클럽’ 나오나,0.0,0,0,https://www.viva100.com/article/20260507500697
2026-05-07,"삼성증권·메리츠증권, 발행어음사업 인가 지연 무엇이 문제인가",0.0,0,0,https://www.womentimes.co.kr/news/articleView.html?idxno=102827
2026-05-07,키움·미래·메리츠 이어 KB까지 … 여의도 금융사 '스카이라인 경쟁',0.0,0,0,https://biz.newdaily.co.kr/site/data/html/2026/05/07/2026050700152.html
2026-05-07,﻿거래대금 100조 시대…증권사 실적 기대 더 커졌다,0.0,0,0,https://www.ebn.co.kr/news/articleView.html?idxno=1707867
2026-05-07,"석탄과 불에서 전기차 심장으로… 포스코퓨처엠, 탄탄한 수직계열화의...",0.537,2,0,https://www.pinpointnews.co.kr/news/articleView.html?idxno=451036
2026-05-07,"이재용 회장, 지분가치 47조원 육박…‘반도체 랠리’에 삼성家 100조 시...",0.0,0,0,https://www.kukinews.com/article/view/kuk202605070046
2026-05-07,"[기획] 자기자본 1조원 '불쑥' 우투증권, 수익성 관건",0.0,0,0,https://www.tleaves.co.kr/news/articleView.html?idxno=9224
2026-05-07,"""뉴욕 개미가 몰려온다""…외국인 통합계좌에 수급 개선 기대감 확산",0.537,2,0,https://www.imaeil.com/page/view/2026050709540020417
2026-05-07,"""신한금융 밸류업2.0은 A+...진옥동회장 불참 아쉬워""[전문]",0.0,0,0,https://www.dailybrief.co.kr/news/articleView.html?idxno=5811
2026-05-07,"[증권주 담은 개미들]⑨ 메리츠금융, 평균 1억 가진 6만명 '집토끼'",0.0,0,0,https://www.bloter.net/news/articleView.html?idxno=661449
2026-05-07,"iM증권, IBK 출신 박태동 대표 선임…'반등 공식' 적용됐나",0.322,1,0,https://www.fetv.co.kr/news/articleView.html?idxno=301770
2026-05-11,"김중현 메리츠화재 대표,수익성 기반 기본자본 80% 방어 [보험사 기본자...",0.0,0,0,http://www.fntimes.com/html/view.php?ud=202605092232472671dd55077bc2_18
2026-05-10,하루 주식거래 100조 시대…함박웃음 짓는 증권사[주末머니],0.322,1,0,https://view.asiae.co.kr/article/2026050716423630312
2026-05-10,"메리츠금융지주, 지난해 기준 누적 총주주수익률 174% 압도적 성과",0.38,1,0,https://www.mk.co.kr/article/12042574
2026-05-10,"[마켓 ING]'최고가 행진' 코스피, 실적 이후 물가 주목",0.0,0,0,https://view.asiae.co.kr/article/2026050816452137424
2026-05-10,‘칠천피 시대’ 증권株 호황기…외국인 통합계좌에 주가 상승 기대감↑,0.261,1,0,https://www.kukinews.com/article/view/kuk202605080126
2026-05-09,"메리츠금융, 자사주 소각으로 금융 밸류업 시험대",0.0,0,0,https://www.topstarnews.net/news/articleView.html?idxno=16056281
2026-05-09,하루 거래대금 벌써 100조...활짝 웃는 증권사들,0.0,0,0,https://www.mk.co.kr/article/12041090
2026-05-09,코스피 시총 6143조…전국 아파트 시총과 나란히,0.0,0,0,https://www.sedaily.com/article/20041998?ref=naver
2026-05-09,"[주간 유통 나침반] 홈플러스 매각, 쿠팡·테무·알리·네이버 경쟁...포...",0.0,0,0,https://www.joongangenews.com/news/articleView.html?idxno=518037
2026-05-12,흥국화재 가세한 예별손보 매각 재추진…손보업계 재편 가능성 주목,0.0,0,0,http://www.fins.co.kr/news/articleView.html?idxno=108491
2026-05-12,'제2의 스페이스X' 찾는 증권가… 어디 투자했나 보니,0.0,0,0,https://it.chosun.com/news/articleView.html?idxno=2023092161860
2026-05-12,하나 이어 메리츠증권 특별세무조사… 금융권 확대되나,0.0,0,0,https://www.segye.com/newsView/20260511514459?OutUrl=naver
2026-05-12,"국세청, 메리츠증권 세금 탈루 포착 특별세무조사",0.0,0,0,https://www.donga.com/news/Economy/article/all/20260512/133901842/2
2026-05-11,메리츠 전격 세무조사…증권사로 향한 사정 칼날,0.0,0,0,http://www.yonhapnewstv.co.kr/news/MYH202605112249449dv
2026-05-11,[미디어 이슈] 하나금융·하나은행 세무조사에 ‘탈세 의혹’ 딱지... 언...,-0.462,0,1,https://www.mediawatch.kr/news/article.html?no=259555
2026-05-11,메리츠증권에도 ‘저승사자’…이례적 특별조사에 금융권 긴장,0.0,0,0,https://www.khan.co.kr/article/202605112134015
2026-05-11,"메리츠증권 특별세무조사…금융권, 전방위 세무검증 '초긴장'(?)",0.0,0,0,http://www.intn.co.kr/news/articleView.html?idxno=2050664
2026-05-11,"국세청, 메리츠증권 특별 세무조사 돌입",0.0,0,0,http://www.yonhapnewstv.co.kr/news/MYH20260511211333Jhl
2026-05-11,조정호(67) 메리츠 회장 '세금 0원 미스테리' 정밀타격?,0.0,0,0,http://www.ilemonde.com/news/articleView.html?idxno=22358
2026-05-11,"국세청, 메리츠증권 특별 세무조사 착수..금융권 사정 정국 '확산'",0.0,0,0,https://www.koreareport.co.kr/news/articleView.html?idxno=50348
2026-05-11,예별손보 매각 재입찰 공고…다음달 30일까지,0.0,0,0,https://view.asiae.co.kr/article/2026051118221351368
2026-05-11,"서울국세청 조사4국, 하나금융 이어 메리츠증권 특별세무조사 착수",0.0,0,0,https://www.businesspost.co.kr/BP?command=article_view&num=437548
2026-05-11,"국세청, 메리츠증권 특별 세무조사 착수",0.0,0,0,https://biz.sbs.co.kr/article_hub/20000309568?division=NAVER
2026-05-11,예별손보 공개매각 재공고 입찰 진행… 다음달 30일까지,0.0,0,0,https://biz.chosun.com/stock/finance/2026/05/11/WBSM6I6Y7FGHHNCRNZCG5OXSGI/?utm_source=naver&utm_medium=original&utm_campaign=biz
2026-05-11,"예보, 예별손보 재매각 추진…내달 30일까지 입찰 진행",0.0,0,0,https://www.mediapen.com/news/view/1098093
2026-05-11,"국세청, 하나금융 이어 메리츠증권도 세무조사",0.0,0,0,https://www.mk.co.kr/article/12043556
2026-05-11,'저승사자' 서울지방국세청 조사 4국 메리츠증권으로 향했다 : 금융권 세...,0.0,0,0,https://www.huffingtonpost.kr/article/257119
2026-05-11,"국세청, 하나금융·은행 이어 메리츠증권 특별 세무조사 착수",0.0,0,0,https://www.sidae.com/article/2026051117245324991
2026-05-11,"'매각 무산' 예별손보, 한달 만에 재입찰",0.0,0,0,https://www.hankyung.com/article/2026051190021
2026-05-11,"예보, 예별손보 잠재 인수후보 10곳 접촉…인력 변수 부상",0.0,0,0,http://www.edaily.co.kr/news/newspath.asp?newsid=04178726645447936
2026-05-11,하나금융·메리츠증권 잇단 조사…국세청 조사4국 금융권 확산 조짐,0.0,0,0,https://www.1conomynews.co.kr/news/articleView.html?idxno=48516
2026-05-11,메리츠증권 특별 세무조사...금융권 확대 가능성,0.0,0,0,http://www.metroseoul.co.kr/article/20260511500368
2026-05-11,"서울국세청 조사4국, 메리츠증권 특별세무조사 착수",0.0,0,0,https://www.pointdaily.co.kr/news/articleView.html?idxno=304469
2026-05-11,"국세청, 메리츠증권 특별 조사...표적은 누구?",0.0,0,0,https://www.dailybrief.co.kr/news/articleView.html?idxno=5837
2026-05-11,"하나 이어 메리츠증권 특별세무조사…“흔한 사례 아냐, 확실한 탈루혐...",0.0,0,0,http://www.edaily.co.kr/news/newspath.asp?newsid=04132806645447936
2026-05-11,"국세청, 메리츠증권 특별세무조사 착수···금융권 전체로 확대되나",0.0,0,0,https://www.khan.co.kr/article/202605111659001
2026-05-11,[코스피 지수선물 옵션] 삼성전자·SK하이닉스 불기둥… 개별주식선물 ...,0.0,0,0,https://www.pinpointnews.co.kr/news/articleView.html?idxno=451920
2026-05-11,하나금융 이어 메리츠증권 특별세무조사…금융권 커지는 긴장감,0.0,0,0,https://www.donga.com/news/Economy/article/all/20260511/133898364/1
2026-05-11,"'재계 저승사자' 서울국세청 조사4국, 메리츠증권 특별세무조사",0.0,0,0,https://www.ezyeconomy.com/news/articleView.html?idxno=235331
2026-05-11,"[업앤다운]증권주 하락, 키움증권↑·NH투자증권↓",-0.261,0,1,https://www.nspna.com/news/?mode=view&newsid=812550
2026-05-11,"국세청, 메리츠증권 특별 세무조사 착수...회계 자료 확보",0.0,0,0,https://www.ppss.kr/news/articleView.html?idxno=295636
2026-05-11,하나금융 이어 메리츠증권까지…금융권 향하는 국세청,0.0,0,0,https://www.industrynews.co.kr/news/articleView.html?idxno=80903
2026-05-11,"국세청, 하나금융 이어 메리츠증권 특별세무조사…금융권 전방위 확대되...",0.0,0,0,http://www.segyebiz.com/newsView/20260511513770?OutUrl=naver
2026-05-11,[퇴근길 7분 뉴스] 1만피·나무호·고유가지원금·삼성전자노조,0.0,0,0,https://news.dealsitetv.com/articles/170087
2026-05-11,"예금보험공사 예별손해보험 매각 재공고, 6월30일까지 인수제안서 접수",0.0,0,0,https://www.businesspost.co.kr/BP?command=article_view&num=437510
2026-05-11,이번엔 ‘탈세 혐의’ 메리츠증권 특별 세무조사…금융권 긴장,0.0,0,0,https://www.hani.co.kr/arti/economy/economy_general/1258104.html
2026-05-11,"""금융 공공성 취약"" 대통령 지적에 금융권 특별세무 조사. 회장 고액 연...",0.0,0,0,https://www.autodaily.co.kr/news/articleView.html?idxno=543958
2026-05-11,"'재계 저승사자' 서울청 조사4국, 메리츠증권 전격 투입 … 탈세 혐의 포...",0.0,0,0,https://biz.newdaily.co.kr/site/data/html/2026/05/11/2026051100221.html
2026-05-11,"국세청, 하나금융 이어 메리츠증권 특별세무조사... 금융권에 확대되나",0.0,0,0,https://www.hankookilbo.com/news/article/A2026051115160002430?did=NA
2026-05-11,"국세청, 메리츠증권 특별세무조사 착수",0.0,0,0,https://www.cstimes.com/news/articleView.html?idxno=705158
2026-05-11,메리츠증권 덮친 국세청 ‘저승사자’…세무조사 금융권으로 번지나,0.0,0,0,https://www.ddaily.co.kr/page/view/2026051116015235764
2026-05-11,"국세청, 하나 이어 '메리츠증권' 특별세무조사",0.0,0,0,https://www.safetimes.co.kr/news/articleView.html?idxno=242678
2026-05-11,예별손보 매각 재시동…7월 중순내 우협 선정,0.0,0,0,https://www.sedaily.com/article/20042619?ref=naver
2026-05-11,"국세청, 메리츠증권 특별세무조사…금융권 확대 촉각",0.0,0,0,https://news.tvchosun.com/site/data/html_dir/2026/05/11/2026051190273.html
2026-05-11,[거래소 기관] SK하이닉스·삼성전자 폭풍 매수...반도체에 다시 돈 몰렸...,0.0,0,0,https://www.pinpointnews.co.kr/news/articleView.html?idxno=451872
2026-05-11,예별손보 재매각 추진…7월 중 우선협상대상자 선정,0.0,0,0,https://www.ddaily.co.kr/page/view/2026051115431047858
2026-05-11,"국세청, 하나금융지주에 이어 메리츠증권 특별세무조사 나서",0.0,0,0,https://www.delighti.co.kr/news/articleView.html?idxno=116212
2026-05-11,"국세청, 하나은행 이어 메리츠증권 특별 세무조사",0.0,0,0,https://www.ichannela.com/news/main/news_detailPage.do?publishId=000000528480
2026-05-11,발행어음·IMA 키우는 금융당국…삼성·메리츠 인가엔 '신중',-0.408,0,1,https://news.bizwatch.co.kr/article/market/2026/05/11/0027
2026-05-11,현대차·기아 질주에도 KB금융은 약세…밸류업 장세 엇갈렸다,-0.322,0,1,https://www.pinpointnews.co.kr/news/articleView.html?idxno=451855
2026-05-11,"국세청 조사4국, 하나금융 이어 메리츠증권도 특별세무조사",0.0,0,0,https://www.viewsnnews.com/article?q=235693
2026-05-11,"[삐딱경제] 탈세 잡는 '재계 저승사자', 메리츠증권도 들이닥쳤다",0.0,0,0,http://www.nongaek.com/news/articleView.html?idxno=95336
2026-05-11,[이슈체크] 메리츠증권 겨눈 국세청 조사4국…PF 수수료·SPC 흐름까지 보...,0.0,0,0,https://www.tfmedia.co.kr/news/article.html?no=204430
2026-05-11,"국세청, 메리츠증권 비정기 세무조사 착수",0.0,0,0,http://www.srtimes.kr/news/articleView.html?idxno=202968
2026-05-11,"저승사자 '국세청 4국', 금융권 '정조준'…하나금융 이어 메리츠증권 조...",0.0,0,0,https://www.mt.co.kr/economy/2026/05/11/2026051114482630487
2026-05-11,"국세청, 하나금융 이어 메리츠증권 특별세무조사 착수",0.0,0,0,https://news.kbs.co.kr/news/pc/view/view.do?ncd=8557763&ref=A
2026-05-11,금융권 겨눈 국세청…하나금융 이어 메리츠증권 특별세무조사,0.0,0,0,https://www.etoday.co.kr/news/view/2583300
2026-05-11,"국세청, 하나금융 이어 메리츠證도 특별 세무조사…금융권 전방위 확대...",0.0,0,0,https://www.newsis.com/view/NISX20260511_0003624650
2026-05-11,"‘재계 저승사자’ 서울국세청 조사4국, 메리츠증권 특별세무조사…금...",0.0,0,0,https://biz.heraldcorp.com/article/10735371?ref=naver
2026-05-11,"국세청, 메리츠증권 특별세무조사...초점은 '조정호 위한 감액배당' 논...",0.0,0,0,https://www.financialpost.co.kr/news/articleView.html?idxno=258571
2026-05-11,메리츠증권도 세무조사…하나금융 이어 금융권 조사 확대 촉각,0.0,0,0,http://www.newsian.co.kr/news/articleView.html?idxno=89484
2026-05-11,국세청 메리츠증권 특별세무조사 착수···PF 탈세 혐의 포착,0.0,0,0,https://www.womaneconomy.co.kr/news/articleView.html?idxno=253554
2026-05-11,"국세청, 하나금융 이어 메리츠증권 특별세무조사",0.0,0,0,https://news.mtn.co.kr/news-detail/2026051115081789898
2026-05-11,“하나 이어 메리츠까지”…금융투자업계 특별세무조사 확대에 촉각,0.0,0,0,http://www.fntimes.com/html/view.php?ud=2026051114163311642a735e27af_18
2026-05-11,"국세청, 하나 이어 메리츠증권 특별세무조사…금융권 ‘초긴장’",0.0,0,0,http://www.globalepic.co.kr/view.php?ud=2026051115024543197cc35ccc5c_29
2026-05-11,"국세청, 메리츠증권 탈세 혐의 포착…'특별 세무조사' 착수",0.0,0,0,https://www.nocutnews.co.kr/news/6515186?utm_source=naver&utm_medium=article&utm_campaign=20260511030656
2026-05-11,"국세청, '탈세 혐의' 메리츠증권 특별 세무조사 착수",0.0,0,0,https://www.digitaltoday.co.kr/news/articleView.html?idxno=664529
2026-05-11,"메리츠증권, 탈세 의혹 세무조사…발행어음 인가 불확실성 확대",0.0,0,0,http://www.biztribune.co.kr/news/articleView.html?idxno=353689
2026-05-11,"예보, '예별손보' 매각 재입찰…흥국화재 등 관심",0.0,0,0,https://weekly.hankooki.com/news/articleView.html?idxno=7163580
2026-05-11,"국세청, 메리츠증권 특별세무조사 착수...자료 확보",0.0,0,0,http://www.newsfc.co.kr/news/articleView.html?idxno=78609
2026-05-11,"‘저승사자’들, 여의도 메리츠증권 들이닥쳤다…국세청 특별 세무조사...",0.0,0,0,https://www.mk.co.kr/article/12043262
2026-05-11,하나 이어 메리츠까지…금융권 세무조사 나선 국세청,0.0,0,0,https://www.mk.co.kr/article/12043260
2026-05-11,"예보, 예별손보 공개매각 재추진...""잠재 매수자 참여 의향 확인""",0.0,0,0,https://www.thepublic.kr/news/articleView.html?idxno=303941
2026-05-11,"국세청, 하나금융 이어 메리츠증권 특별 세무조사",0.0,0,0,https://biz.chosun.com/policy/policy_sub/2026/05/11/WIR4UPWIJFA7NO6AUTMVLPMI7A/?utm_source=naver&utm_medium=original&utm_campaign=biz
2026-05-11,﻿메리츠증권 특별 세무조사…금융권 전방위 압박 시작됐나,0.0,0,0,https://www.ebn.co.kr/news/articleView.html?idxno=1708269
2026-05-11,"국세청, 하나 이어 메리츠증권 특별세무조사… 2곳 확대 가능성",0.0,0,0,https://www.joongangenews.com/news/articleView.html?idxno=518341
2026-05-11,"국세청, 하나 이어 메리츠 특별세무조사…금융권으로 확대되나",0.0,0,0,https://www.seoulfn.com/news/articleView.html?idxno=628429
2026-05-11,"국세청, '탈세 혐의' 하나 이어 메리츠증권 특별세무조사...금융권 긴장",0.0,0,0,https://www.ikbc.co.kr/article/view/kbc202605110024
2026-05-11,"‘저승사자’ 뜬 금융권…국세청, 하나금융 이어 메리츠證도 세무조사",0.0,0,0,https://www.dt.co.kr/article/12061758?ref=naver
2026-05-11,[연합뉴스 이 시각 헤드라인] - 14:30,0.0,0,0,https://www.yna.co.kr/view/AKR20260511102600011?input=1195m
2026-05-11,메리츠증권에도 '재계 저승사자' 조사4국 떴다…특별 세무조사 자료 확...,0.0,0,0,https://news.einfomax.co.kr/news/articleView.html?idxno=4414124
2026-05-11,"' 저승사자'서울국세청조사4국, 메리츠증권 특별세무조사...금융권 술렁",0.0,0,0,https://hbnpress.com/news/view/1065589541568607
2026-05-11,"국세청, 하나 이어 메리츠증권 특별세무조사…금융권으로 확대되나",0.0,0,0,https://www.joongang.co.kr/article/25427277
2026-05-11,"국세청,하나금융 이어 메리츠증권 특별세무조사…금융권 확대에 촉각",0.0,0,0,http://www.seouleconews.com/news/articleView.html?idxno=91146
2026-05-11,"국세청, 메리츠증권 특별세무조사…하나금융 등 잇단 금융권 조사",0.0,0,0,https://view.asiae.co.kr/article/2026051114091449299
2026-05-11,"국세청, 하나 이어 메리츠증권 특별세무조사",0.0,0,0,https://www.ytn.co.kr/_ln/0102_202605111404131376
2026-05-11,"예보, 예별손보 공개매각 재공고 입찰 추진",0.0,0,0,https://biz.heraldcorp.com/article/10735255?ref=naver
2026-05-11,국세청 4국 메리츠증권 특별세무조사...조정호 회장 절세 논란 재점화,0.0,0,0,https://www.lawtimes.co.kr/news/articleView.html?idxno=220544
2026-05-11,"[롯데증권magic] 한국말은 어색해도 같은 민족...韓증권사들, 신동빈 뉴...",0.0,0,0,https://www.financialpost.co.kr/news/articleView.html?idxno=258460
2026-05-11,예별손보 재매각 본격화…흥국화재 참전 여부 변수,0.0,0,0,https://www.ajunews.com/view/20260511134748113
2026-05-11,"예보, 예별손보 공개매각 '또 다시'…7월 우선 협상 대상자 선정",0.0,0,0,http://www.globalepic.co.kr/view.php?ud=2026051113464814777cc35ccc5c_29
2026-05-11,"[보험사 M&A] [KDB생명] ① 승부사 ‘김남구’ 한투금융 회장, 시선 머무...",0.0,0,0,https://www.topdaily.kr/articles/109940
2026-05-11,하나금융 이어 메리츠증권 특별 세무조사,0.0,0,0,http://www.4th.kr/news/articleView.html?idxno=2111575
2026-05-11,"국세청, 메리츠證 '저승사자 조사4국' 투입…하나금융 이어 사흘 만에",0.0,0,0,http://www.thebigdata.co.kr/view.php?ud=202605111331068548c808fa9903_23
2026-05-11,"한국금융지주, 이번에도 참전하나…예별손보 재매각 추진",0.0,0,0,https://www.news1.kr/finance/general-finance/6162611
2026-05-13,애큐온 매각 본입찰 임박...메리츠·한화·바이칼 '1조 딜' 격돌,0.0,0,0,https://www.pointdaily.co.kr/news/articleView.html?idxno=304580
2026-05-12,"[저축銀 M&A 해부-①] 김희상의 애큐온저축은행, 1조 빅딜 중심에 서다",0.0,0,0,https://www.m-i.kr/news/articleView.html?idxno=1371764
2026-05-12,"지난해 '네이버' 사던 개인, 올해는 '삼성전자'로…8000피 앞두고 달라진...",0.0,0,0,https://www.greened.kr/news/articleView.html?idxno=340590
2026-05-12,"[업앤다운]증권주 6% 하락, 키움증권↓·미래에셋증권↓",-0.261,0,1,https://www.nspna.com/news/?mode=view&newsid=812786
2026-05-12,"""하나금융 다음 어디?""… '재계 저승사자' 행보 금융권 초긴장",0.0,0,0,https://www.asiatoday.co.kr/kn/view.php?key=20260513010003089
2026-05-12,[여명] 기로에 선 NH투자증권,0.0,0,0,https://www.sedaily.com/article/20043178?ref=naver
2026-05-12,"서울국세청 조사4국, 메리츠증권 특별세무조사 착수...탈세 의혹 정조준",0.0,0,0,https://www.thepublic.kr/news/articleView.html?idxno=304111
2026-05-12,태광 참전에 예별손보 매각전 재점화…한투 단독구도 흔들,0.0,0,0,https://www.newspim.com/news/view/20260512001220
2026-05-12,[코스피 지수선물 옵션] 삼성전자·SK하이닉스 급락… 선물시장에 매도...,-0.462,0,1,https://www.pinpointnews.co.kr/news/articleView.html?idxno=452206
2026-05-12,"조사4국 은행·증권 동시 조사…""정상적 경영 활동까지 경직될라""",0.0,0,0,http://www.ftoday.co.kr/news/articleView.html?idxno=358810
2026-05-12,"예별손보, 재입찰로 7번 째 시험대…매각 성사냐 계약이전이냐 갈림길",0.0,0,0,http://www.opinionnews.co.kr/news/articleView.html?idxno=138281
2026-05-12,'포용금융' 드라이브에 금융권 '긴장'…대출·채권·세무조사까지 전방...,0.0,0,0,http://www.opinionnews.co.kr/news/articleView.html?idxno=138291
2026-05-12,'세금 탈루 의혹' 메리츠증권 향한 국세청 칼날... 조정호 회장 겨누나,0.0,0,0,http://www.thefirstmedia.net/news/articleView.html?idxno=199355
2026-05-12,"[초점] '메리츠家' 일궈낸 조정호, 국세청 '암초' 극복할까",0.0,0,0,http://www.newswatch.kr/news/articleView.html?idxno=79693
2026-05-12,메리츠증권도 세무조사…긴장감 높아지는 증권업계,0.0,0,0,https://www.mediapen.com/news/view/1098316
2026-05-12,"'재계 저승사자' 조사4국 떴다... 국세청, 메리츠증권 탈루 혐의 잡는다",0.0,0,0,http://woman.chosun.com/news/articleView.html?idxno=125807
2026-05-12,4대금융 중심 금융주 시총 서열 붕괴…KB금융 '넘버2'로 밀리고 삼성생...,-0.322,1,2,https://www.pinpointnews.co.kr/news/articleView.html?idxno=452135
2026-05-12,하나금융 이어 메리츠도 세무조사…PF 리스크 주목,0.0,0,0,https://www.newspim.com/news/view/20260512000891
2026-05-12,"국세청 조사4국, 메리츠증권 특별세무조사 착수…조정호 회장 배당 구조...",0.0,0,0,https://mdtoday.co.kr/news/view/1065589325689615
2026-05-12,"조정호 회장 겨눈 ‘여의도 저승사자’…국세청, 메리츠 감액배당 현미...",0.0,0,0,https://www.ddaily.co.kr/page/view/2026051214070721646
2026-05-12,"[기획] '합법과 위법 사이'… 산업계, 절세-탈세 외줄타기",0.0,0,0,https://www.m-i.kr/news/articleView.html?idxno=1371826
2026-05-12,메리츠증권 PF 익스포저 자기자본 127%...국세청 세무조사 뒤 14일 컨콜,0.0,0,0,https://www.insight.co.kr/news/553694
2026-05-12,"하나 이어 메리츠까지…금융권 겨눈 국세청, 전방위 세무조사 확대되나",0.0,0,0,https://www.econovill.com/news/articleView.html?idxno=739846
2026-05-12,금융권 특별조사…서울국세청 조사4국 '국조팀' 보강과 관련 있나?,0.0,0,0,https://www.taxtimes.co.kr/news/article.html?no=275096
2026-05-12,'제3회 뉴데일리 퓨처코리아 포럼' 자리해주신 분들 [제3회 뉴데일리 퓨...,0.0,0,0,https://www.newdaily.co.kr/site/data/html/2026/05/12/2026051200156.html
2026-05-12,메리츠 신화 저무나 … 조정호-김용범 투톱 '사면초가',0.0,0,0,https://www.ilovepc.co.kr/news/articleView.html?idxno=59296
2026-05-12,'PF 늪' 벗어나자 … 저축은행 M&A 시장 다시 '꿈틀',0.0,0,0,https://biz.newdaily.co.kr/site/data/html/2026/05/12/2026051200111.html
2026-05-12,예별손보 재매각 돌입…한투 이어 흥국화재도 참전하나,0.0,0,0,https://www.econovill.com/news/articleView.html?idxno=739862
2026-05-12,[더벨][예별손해보험 M&A] 재매각 추진…7월 중 우협 선정,0.0,0,0,https://www.thebell.co.kr/free/content/ArticleView.asp?key=202605111421346400107363
2026-05-12,"메리츠증권, 국세청 조사4국 세무조사...""공식 입장 없다""",0.0,0,0,http://www.newslock.co.kr/news/articleView.html?idxno=129982
2026-05-12,하나금융 특별 세무조사 언제까지…무엇을 겨누나,0.0,0,0,https://news.einfomax.co.kr/news/articleView.html?idxno=4414277
2026-05-12,"국세청, 하나금융 이어 메리츠증권도 세무조사…금융권 긴장감 확산",0.0,0,0,https://www.pinpointnews.co.kr/news/articleView.html?idxno=452001
2026-05-12,급등하면 오히려 탈락…MSCI 새 규칙에 테마주 흔들린다,0.408,1,0,https://www.ebn.co.kr/news/articleView.html?idxno=1708374
2026-05-12,국회·여의도서 ‘글로벌 스테이블코인·기관 Web3’ 릴레이 행사 열린...,0.0,0,0,https://www.tokenpost.kr/news/insights/358678
2026-05-12,[HMM50년 돌아보기-40] 관계사 보유지분 매각해 유동성 확보,0.0,0,0,http://www.thebigdata.co.kr/view.php?ud=202605120920209301570d99e4c8_23
2026-05-12,"[최남주의 비즈토크] ""하나금융 이어 메리츠까지""…국세청 조사4국 움직...",0.0,0,0,https://www.seoultimes.news/news/article.html?no=2000095616
2026-05-12,"국세청 조사4국, 메리츠증권 세무조사 착수",0.0,0,0,https://www.seoultimes.news/news/article.html?no=2000095617
2026-05-12,코스피 7800 넘고 시총도 7000조원…반대매매도 그만큼 늘었다 外 [한강...,0.0,0,0,https://www.segye.com/newsView/20260511517163?OutUrl=naver
2026-05-11,"NH투자증권 각자대표제 승부수… '책임 경영' 강화인가, 연임을 위한 '묘...",0.0,0,0,https://www.ppss.kr/news/articleView.html?idxno=295669
2026-05-13,코스피 못 따라간 보험·은행주…주도주 장세에 밀린 금융 내 온도차,0.0,1,1,https://www.etoday.co.kr/news/view/2584206
2026-05-13,"조정호 메리츠금융지주 회장 3600억 수령, 국세청 정조준",0.0,0,0,https://www.sjsori.com/news/articleView.html?idxno=85822
2026-05-13,[퇴근길머니] '8천피' 향해 다시 질주…총파업에도 46만전자?,0.0,0,0,http://www.yonhapnewstv.co.kr/news/MYH20260513173130fcW
2026-05-13,보험사 M&A 다시 '꿈틀'···변수 떠오른 '추가 자본' 부담,0.0,0,0,http://www.finomy.com/news/articleView.html?idxno=254345
2026-05-13,외부 투자자 몫도 위험자산으로…규제에 우는 금융지주,0.0,0,0,https://www.hankyung.com/article/2026051344241
2026-05-13,"[업앤다운]증권주 하락, 한국금융지주↑·대신증권↓",-0.261,0,1,https://www.nspna.com/news/?mode=view&newsid=812947
2026-05-13,금융권 압박 본격화···관치 논란 속 개혁 드라이브 긴장 고조,0.0,0,0,https://www.seoulfn.com/news/articleView.html?idxno=628682
2026-05-13,이재명 정부 출범 이후 국내 기업 시총 4491조 ‘폭풍성장’…삼성·SK ...,0.322,1,0,http://www.kookje.co.kr/news2011/asp/newsbody.asp?code=0200&key=20260513.99099003470
2026-05-13,[코스피 주식선물 옵션] LG엔솔·2차전지는 밀리고 AI 반도체는 질주…...,-0.322,0,1,https://www.pinpointnews.co.kr/news/articleView.html?idxno=452491
2026-05-13,"[금융잇-슈!] ""잘 버는 은행 넘어 잘 돌려주는 은행""...'최대 실적' 하나...",0.645,2,0,https://www.handmk.com/news/articleView.html?idxno=38006
2026-05-13,"""재계 저승사자 떴다""···국세청 조사4국, 하나금융·메리츠 동시 정조...",0.0,0,0,https://www.smartbizn.com/news/articleView.html?idxno=143733
2026-05-13,李 정부 출범 후 국내 기업 시총 4491조↑… 삼성전자·SK하이닉스가 전...,0.0,0,0,http://www.worktoday.co.kr/news/articleView.html?idxno=84547
2026-05-13,"3월엔 납세 우수상, 5월엔 세무조사 … 메리츠증권은 왜 국세청 타깃이...",0.0,0,0,https://biz.newdaily.co.kr/site/data/html/2026/05/13/2026051300073.html
2026-05-13,"예보, 예별손보 재매각 본격화…한국금융·흥국화재 참여에 '촉각'",0.0,0,0,https://www.etnews.com/20260513000080
2026-05-13,"이재명 정부 출범 11개월, 국내 증시 시총 7000조 시대..삼성·SK ‘투톱...",0.0,0,0,http://www.breaknews.com/1206747
2026-05-13,'주주환원 모범생'까지 겨눈 특별세무조사…밸류업 동력 흔든다[ER편집...,0.0,0,0,https://www.econovill.com/news/articleView.html?idxno=739927
2026-05-13,"한국 증시시총, 이재명 정부 출범후 4491조 성장…삼성·SK 55% 비중",0.322,1,0,https://www.shinailbo.co.kr/news/articleView.html?idxno=5020194
2026-05-13,"국세청 조사4국, 메리츠증권 '탈세 혐의' 특별세무조사...금융권 확대 촉...",0.0,0,0,http://www.newsroad.co.kr/news/articleView.html?idxno=59259
2026-05-13,"이재명 정부 출범 이후, 국내 주식 4000조 늘었다…삼성·SK가 주도",0.0,0,0,http://www.ftoday.co.kr/news/articleView.html?idxno=358845
2026-05-13,MSCI 한국지수서 3종목 제외…“하닉·삼전은 비중 상승 추정”,-0.067,1,1,http://www.edaily.co.kr/news/newspath.asp?newsid=03503046645448592
2026-05-13,"“반도체 위력 대단하네”…시총 4500조 급증, 삼성·SK하이닉스 56% ‘껑...",0.0,0,0,https://www.mk.co.kr/article/12045792
2026-05-13,[DCM] 쪼그라든 공모채 시장…KB vs NH ‘대체 딜 전쟁’,0.0,0,0,http://www.fntimes.com/html/view.php?ud=202605130838124931a837df6494_18
2026-05-13,새 정부 출범 후 국내기업 시총 4000조 늘었다…삼성·SK 견인,-0.261,0,1,https://news.tf.co.kr/read/economy/2321955.htm
2026-05-13,[150조 국민성장펀드] [간접투자 1차] 불꽃 튀는 8대 1 경쟁률…NH-메리...,0.322,1,0,https://dealsite.co.kr/articles/161632
2026-05-13,李정부 11개월 만에 국내 증시 시총 4491조 폭증…삼성전자·SK하닉 비중...,0.0,0,0,https://www.newsis.com/view/NISX20260512_0003626617
2026-05-13,이재명 정부 출범 이후 국내 기업 시총 4491조 ‘폭풍성장’…삼성·SK그...,0.322,1,0,https://www.ceoscoredaily.com/page/view/2026051112140655420
2026-05-13,PF 리스크 줄인 저축은행…건전성 회복에 M&A 시장 ‘활기’,0.0,0,0,https://www.dnews.co.kr/uhtml/view.jsp?idxno=202605121447371840430
2026-05-15,"NH투자증권, 자문 역량 바탕 '종합 설계'…실속파 상위권 [빅10 증권사 D...",0.0,0,0,http://www.fntimes.com/html/view.php?ud=202605150032525716179ad43907_18
2026-05-15,"10개 증권사, 1분기 4兆 벌었는데… 주가는 숨고르기",0.0,0,0,https://it.chosun.com/news/articleView.html?idxno=2023092162117
2026-05-15,대통령 연일 금융 때리는데…국세청 '본보기 조사'에 쏠린 눈,0.0,0,0,https://www.nocutnews.co.kr/news/6517515?utm_source=naver&utm_medium=article&utm_campaign=20260515050046
2026-05-14,"[주요공시] 삼성전자, 앤로보틱스, 한국공항, 한화, 비트컴퓨터, 메타바...",0.0,0,0,https://www.kdpress.co.kr/news/articleView.html?idxno=205287
2026-05-14,"메리츠화재, 보험손익 둔화에도 순익 4661억···투자손익 방어",0.0,0,0,http://www.finomy.com/news/articleView.html?idxno=254417
2026-05-14,"메리츠금융, 1분기 순이익 6,802억…보험 부진에도 증권 호조",0.0,0,0,https://www.dailysportshankook.co.kr/news/articleView.html?idxno=428593
2026-05-14,보험 안 좋다더니 실적은 2배 급증…삼성생명 곳간 풍족한 이유는,0.322,1,0,https://www.mk.co.kr/article/12048255
2026-05-14,[2026 1분기 실적] 메리츠금융 순익 6802억…견조한 보험·호실적 증권,0.583,1,0,https://www.inthenews.co.kr/news/article.html?no=86875
2026-05-14,"메리츠금융지주, 금리 불확실성 속에서도 1분기 실적 견조 성장",0.322,1,0,https://www.tokenpost.kr/news/economy/359672
2026-05-14,"메리츠증권, 1분기 실적 대폭 상승... 영업이익 72.5% 증가",0.261,1,0,https://www.tokenpost.kr/news/economy/359663
2026-05-14,"메리츠금융, 1분기 순이익 6802억원…보험·증권 실적 개선 이어져",0.462,1,0,https://www.seoultimes.news/news/article.html?no=2000095711
2026-05-14,"메리츠화재, 업계 역성장 속 나홀로 '선방'…장기보험 성장 부각",0.322,1,0,https://dealsite.co.kr/articles/161893
2026-05-14,"김종민·장원재號 메리츠증권, IB 양호·리테일 체질개선에 영업익 73%↑...",0.0,0,0,http://www.fntimes.com/html/view.php?ud=2026051418324158580f4390e77d_18
2026-05-14,"김중현 메리츠화재 대표 ""수익성 중심 전략으로 GA 신계약 30% 성장""",0.322,1,0,https://www.newsway.co.kr/news/view?ud=2026051418353064949
2026-05-14,‘호실적’ 이어간 메리츠금융…화재·증권 동반 성장,0.905,3,0,https://www.kukinews.com/article/view/kuk202605140192
2026-05-14,"메리츠화재 “양호한 손해율, 일시적 아닌 구조적 차이”",0.0,0,0,https://www.kukinews.com/article/view/kuk202605140187
2026-05-14,"[컨콜] 메리츠금융, 1Q 순익 6802억원…증권 30.2%↑",0.0,0,0,https://www.tleaves.co.kr/news/articleView.html?idxno=9267
2026-05-14,"메리츠금융지주, 1분기 순익 6802억…전년비 9.6%↑",0.0,0,0,http://www.whitepaper.co.kr/news/articleView.html?idxno=262524
2026-05-14,증시랠리에 연금 자산도 빨아들여…은행 넘보는 공룡 증권사들,0.0,0,0,https://www.sedaily.com/article/20044290?ref=naver
2026-05-14,"메리츠증권, 1분기 순익 3004억…'리테일' 확장 속도낸다",0.322,1,0,http://www.popcornnews.net/news/articleView.html?idxno=121376
2026-05-14,"메리츠금융, 1분기 순익 9.6% 증가한 6802억…화재·증권 쌍끌이",0.322,1,0,https://www.getnews.co.kr/news/articleView.html?idxno=870178
2026-05-14,"메리츠화재 ""GA 신계약 점유율 1위…수익성 확보된 계약만 집중""[IR종합...",0.583,1,0,https://www.news1.kr/finance/general-finance/6167150
2026-05-14,"메리츠화재, 1분기 매출 10% 증가…지주사는 '급성장'",0.322,1,0,https://biz.sbs.co.kr/article_hub/20000310478?division=NAVER
2026-05-14,"메리츠금융, 1분기 당기순이익 6802억···전년 대비 9.6% 증가",0.322,1,0,http://www.enewstoday.co.kr/news/articleView.html?idxno=2429585
2026-05-14,"메리츠금융, 화재가 받치고 증권이 밀었다…1분기 순익 6802억원",0.0,0,0,https://www.asiatoday.co.kr/kn/view.php?key=20260514010004010
2026-05-14,"메리츠금융, 1분기 순익 6802억원 '순항'",0.853,3,0,https://www.straightnews.co.kr/news/articleView.html?idxno=302523
2026-05-14,"“증권이 끌고 보험 받쳤다”…메리츠금융지주, 1분기 순익 6800억",0.0,0,0,https://www.ekn.kr/web/view.php?key=20260514025074848
2026-05-14,"메리츠화재, 1분기 순이익 4661억원…전년比 0.8%↑",0.261,1,0,https://www.ajunews.com/view/20260514174750168
2026-05-14,"메리츠금융, 1분기 순이익 9.6% 증가…메리츠증권 호조가 견인",0.0,0,0,https://www.thepublic.kr/news/articleView.html?idxno=304449
2026-05-14,메리츠금융 1분기 순익 6802억...증권 2543억,0.0,0,0,https://www.asiatime.co.kr/article/20260514500381
2026-05-14,주식활황 덕 본 삼성생명 … 전년대비 순익 2배 급증,0.322,1,0,https://www.mk.co.kr/article/12047883
2026-05-14,"메리츠금융, 1Q 순익 6802억 전년比 9.6% 늘어",0.0,0,0,https://it.chosun.com/news/articleView.html?idxno=2023092162124
2026-05-14,"메리츠증권, 체질개선 통했다…1분기 순이익 35%↑",0.462,1,0,https://www.newsway.co.kr/news/view?ud=2026051417184461637
2026-05-14,"메리츠화재 ""주주환원 지속할 것""",0.0,0,0,https://www.newspim.com/news/view/20260514001285
2026-05-14,"[컨콜-메리츠금융] 오종원 CRO ""환율·금리 변동성 대비 완료, 리스크 영...",0.0,0,0,https://www.fetv.co.kr/news/articleView.html?idxno=302404
2026-05-14,"[업앤다운]증권주 상승, NH투자증권↑·미래에셋증권↓",0.261,1,0,https://www.nspna.com/news/?mode=view&newsid=813172
2026-05-14,"메리츠금융, 1분기 당기순이익 6802억원… 전년比 9.6% ‘쑥’",0.0,0,0,https://biz.chosun.com/stock/finance/2026/05/14/RB6C2OWV2BFNBGEYFQBALCUYCA/?utm_source=naver&utm_medium=original&utm_campaign=biz
2026-05-14,"[컨콜] 메리츠금융, 올해 1분기 순이익 9.6%↑...""증권, 전 부문 성장""",0.322,1,0,https://www.pointe.co.kr/news/articleView.html?idxno=79487
2026-05-14,"메리츠금융, 1분기 순익 6802억원…화재 안정·증권 성장세",0.322,1,0,https://www.sentv.co.kr/article/view/sentv202605140146
2026-05-14,"메리츠금융, 1분기 순이익 6802억원… 전년비 9.6% 증가",0.0,0,0,http://www.thefirstmedia.net/news/articleView.html?idxno=199512
2026-05-14,"메리츠금융지주, 2026년 1분기 순익 6802억원 '역대급'… ""화재·증권 쌍...",0.645,2,0,http://www.dailysmart.co.kr/news/articleView.html?idxno=124081
2026-05-14,"메리츠금융, 1분기 순이익 6802억…화재·증권 쌍끌이 성장",0.322,1,0,http://www.srtimes.kr/news/articleView.html?idxno=203261
2026-05-14,메리츠금융 1분기 순이익 6천802억원…작년 동기대비 9.6%↑(종합2보),0.0,0,0,https://www.yna.co.kr/view/AKR20260514138052527?input=1195m
2026-05-14,"메리츠금융, 올해 1분기 순이익 6802억원…전년比 9.6%↑",0.0,0,0,https://www.pointdaily.co.kr/news/articleView.html?idxno=305010
2026-05-14,메리츠증권 1분기 순익 2522억원 전년비 36%↑,0.0,0,0,http://www.4th.kr/news/articleView.html?idxno=2111758
2026-05-14,"[마켓포인트] 메리츠금융, 1분기 순이익 6802억…증권·보험 고른 성장세",0.682,2,0,https://www.pinpointnews.co.kr/news/articleView.html?idxno=452818
2026-05-14,"메리츠금융, 1분기 당기순이익 6천800억원…전년 동기 比 9.6%↑",0.0,0,0,http://www.efnews.co.kr/news/articleView.html?idxno=129769
2026-05-14,"메리츠금융, 1분기 순익 6802억원…증권 성장·화재 선방",0.322,1,0,https://www.econovill.com/news/articleView.html?idxno=740091
2026-05-14,"메리츠화재, 1분기 순익 4661억…투자손익 13%↑",0.0,0,0,https://www.g-enews.com/view.php?ud=202605141640381838a6e8311f64_1
2026-05-14,"메리츠금융, 1분기 당기순익 6802억원…전년比 9.6%↑",0.0,0,0,http://www.joseilbo.com/news/news_read.php?uid=568293&class=18&grp=
2026-05-14,"메리츠금융 1분기 순이익 6802억으로 10% 늘어, 증권이 실적 확대 이끌어",0.322,1,0,https://www.businesspost.co.kr/BP?command=article_view&num=437852
2026-05-14,"메리츠금융, 1분기 순익 6802억⋯화재·증권 고른 성장 [종합]",0.322,1,0,https://www.etoday.co.kr/news/view/2584641
2026-05-14,"메리츠금융 1분기 순이익 6,802억원…1년 전보다 9.6%↑",0.0,0,0,http://www.yonhapnewstv.co.kr/news/AKR20260514171353MMF
2026-05-14,"“증시 덕 봤다”…메리츠금융, 1분기 순익 6802억원",0.823,2,0,https://www.ddaily.co.kr/page/view/2026051416570921030
2026-05-14,"[컨콜] [메리츠금융] ""호르무즈 관련 보험 총 16건…현재까지 손실 없어...",0.0,0,0,https://news.dealsitetv.com/articles/170390
2026-05-14,"'본업 주춤' 메리츠화재, 투자손익으로 실적 방어",0.0,0,0,https://news.bizwatch.co.kr/article/finance/2026/05/14/0034
2026-05-14,메리츠금융 1분기 순이익 6802억원…작년 동기대비 9.6%↑,0.322,1,0,https://www.ebn.co.kr/news/articleView.html?idxno=1708849
2026-05-14,"메리츠증권, 1분기 영업익 2556억…전년比 72.5%↑",0.0,0,0,https://www.cstimes.com/news/articleView.html?idxno=705793
2026-05-14,"메리츠금융지주, 1분기 순이익 6802억 원…전년比 9.6% 증가",0.0,0,0,https://www.sedaily.com/article/20044203?ref=naver
2026-05-14,"메리츠금융, 중동 리스크 뚫고 6802억 벌었다",0.322,1,0,https://www.shinailbo.co.kr/news/articleView.html?idxno=5020979
2026-05-14,"[Q&A] 메리츠금융 ""화재 킥스 180% 유지, 호르무즈 선박보험 30억원 이하...",0.0,0,0,https://www.ebn.co.kr/news/articleView.html?idxno=1708847
2026-05-14,[애프터마켓 브리핑] '8천피' 문턱 마감…코스닥 상승 전환,0.732,2,0,https://biz.sbs.co.kr/article_hub/20000310403?division=NAVER
2026-05-14,"메리츠금융지주, 1Q 순익 6802억…증권·화재 쌍끌이 실적 대박",0.0,0,0,http://www.thevaluenews.co.kr/news/view.php?idx=198753
2026-05-14,"메리츠금융, 1분기 순이익 6802억…전년비 9.6% 증가",0.0,0,0,https://www.nocutnews.co.kr/news/6517345?utm_source=naver&utm_medium=article&utm_campaign=20260514045836
2026-05-14,"국세청 조사4국, 하나금융·메리츠증권 동시 조사…업계 긴장감 확대",0.0,0,0,http://www.bizwnews.com/news/articleView.html?idxno=136544
2026-05-14,"메리츠금융, 1분기 순익 6802억원…증권·화재 호조에 ROE 25.4%",0.682,2,0,https://sateconomy.co.kr/news/view/1065598926598727
2026-05-14,"메리츠금융, 1분기 순이익 6802억원…전년 대비 9.6% 증가",0.583,1,0,https://www.industrynews.co.kr/news/articleView.html?idxno=81056
2026-05-14,"[컨콜] 메리츠금융 ""메리츠증권 실적, 체질개선·일부 일회성 환입""",0.0,0,0,https://www.asiaa.co.kr/news/articleView.html?idxno=249557
2026-05-14,국세청 '메리츠증권' 특별세무조사…조정호 회장 감액배당 논란 '수면 ...,0.0,0,0,https://www.100ssd.co.kr/news/articleView.html?idxno=209294
2026-05-14,"메리츠금융, 1분기 순익 6802억원…화재·증권 쌍끌이에 9.6% 성장",0.322,1,0,https://www.insightkorea.co.kr/news/articleView.html?idxno=246442
2026-05-14,"메리츠금융, 1분기 순익 6802억, 전년 대비 9.6%↑...증권 순익 '껑충'",0.0,0,0,http://www.newsroad.co.kr/news/articleView.html?idxno=59323
2026-05-14,"메리츠금융 1분기 순익 6802억, 9.6% 성장···증권·캐피탈 호조",0.322,1,0,https://www.womaneconomy.co.kr/news/articleView.html?idxno=253757
2026-05-14,메리츠금융 1분기 순이익 6천802억원…작년 동기대비 9.6%↑,0.0,0,0,http://www.fins.co.kr/news/articleView.html?idxno=108545
2026-05-14,"화재·증권 동반 성장…메리츠금융, 1분기 순익 9% 증가한 6802억",0.322,1,0,https://www.hankyung.com/article/2026051470336
2026-05-14,메리츠금융 1분기 순익 6802억원…증권 순익 35.7% 증가,0.0,0,0,https://www.newspost.kr/news/articleView.html?idxno=222948
2026-05-14,"메리츠금융, 1분기 순이익 6802억·9.6%↑…매출은 2배 급증",0.322,1,0,http://www.newsfc.co.kr/news/articleView.html?idxno=78697
2026-05-14,"메리츠금융, 1분기 순익 증가세 지속···""증권 성장 견인""",0.322,1,0,http://www.koreastocknews.com/news/articleView.html?idxno=118479
2026-05-14,"메리츠증권, 전 사업부 성장에 1분기 영업익 72% 증가",0.322,1,0,https://news.dealsitetv.com/articles/170378
2026-05-14,[오늘의 주요공시] 삼성화재ㆍ삼성생명ㆍ한국금융지주 등,0.0,0,0,https://www.etoday.co.kr/news/view/2584625
2026-05-14,"[컨콜] 메리츠금융 ""에쿼티 투자 강화...인재영입·AI본부 신설""",0.0,0,0,https://www.asiaa.co.kr/news/articleView.html?idxno=249555
2026-05-14,"메리츠금융, 1분기 순익 10% 증가…증권·캐피탈 견인",0.0,0,0,https://news.dealsitetv.com/articles/170381
2026-05-14,"메리츠증권, 1분기 영업이익 2556억원··· 전년비 72.5%↑",0.0,0,0,https://www.seoulfn.com/news/articleView.html?idxno=628837
2026-05-14,"“사업 체질 개선 성공”…메리츠증권 영업익, 1년 만에 72%↑",0.762,2,0,https://biz.heraldcorp.com/article/10738176?ref=naver
2026-05-14,메리츠금융 1분기 당기순이익 6802억…전년 比 9.6% ‘쑥’,0.322,1,0,https://www.dt.co.kr/article/12062534?ref=naver
2026-05-14,"또 최고치 경신한 코스피, 7981.41 마감… 삼성전자 5% 급등 ‘신고가’",0.732,2,0,https://www.womennews.co.kr/news/articleView.html?idxno=277483
2026-05-14,"[컨콜] 메리츠금융 ""양호한 손해율 지표, 리스크 관리·신계약 창출의 ...",0.0,0,0,https://www.asiaa.co.kr/news/articleView.html?idxno=249548
2026-05-14,"메리츠증권, 균형성장 빛났다..1분기 순익 35.7% 증가",0.322,1,0,https://kpenews.com/View.aspx?No=4078286
2026-05-14,"메리츠금융, 1분기 순이익 6802억원…전년比 9.6% 증가",0.0,0,0,https://news.tf.co.kr/read/economy/2322732.htm
2026-05-14,"메리츠금융, 1분기 순익 6802억원…화재·증권 '쌍끌이'에 전년 比 9.6%↑",0.322,1,0,https://www.businessplus.kr/news/articleView.html?idxno=111788
2026-05-14,"[컨콜] 메리츠금융 ""고환율·금리·물가 적극 헤지...영향 미미""",0.261,1,0,https://www.asiaa.co.kr/news/articleView.html?idxno=249537
2026-05-14,"메리츠금융, 1분기 순익 '기대치 상회'…'보험' 부진 '수수료'로 만회",0.583,1,0,http://www.popcornnews.net/news/articleView.html?idxno=121334
2026-05-14,"메리츠금융, 1분기 순익 6802억원…증권 회복에 ROE 25% 유지",0.0,0,0,http://www.ftoday.co.kr/news/articleView.html?idxno=358939
2026-05-14,"메리츠금융, 1분기 순이익 6802억…화재·증권 '쌍끌이' 성장",0.322,1,0,https://www.newsworks.co.kr/news/articleView.html?idxno=840787
2026-05-14,"메리츠금융, 1분기 순익 6802억…증권·캐피탈 성장에 9.6%↑",0.682,2,0,https://www.news2day.co.kr/article/20260514500184
2026-05-14,"메리츠금융, 1분기 당기순이익 6802억…전년 대비 9.6%↑",0.322,1,0,https://www.cnbnews.com/news/articleView.html?idxno=1001808
2026-05-14,메리츠금융 1분기 순이익 6천802억원…작년 동기대비 9.6%↑(종합),0.0,0,0,https://www.yna.co.kr/view/AKR20260514138051527?input=1195m
2026-05-14,메리츠금융 1분기 순익 6802억…화재·증권 동반 성장,0.322,1,0,https://www.sidae.com/article/2026051415572035063
2026-05-14,"메리츠금융, 1분기 순익 6802억…화재·증권 동반 성장에 '호실적'",0.762,2,0,http://www.opinionnews.co.kr/news/articleView.html?idxno=138430
2026-05-14,"메리츠금융지주, 1분기 순이익 6802억… 전년比 9.6% 증가",0.583,2,0,https://www.newspim.com/news/view/20260514001167
2026-05-14,"메리츠금융 1분기 순이익 6802억원, 9.6% 증가…매출 2배 급증",0.322,1,0,https://www.news1.kr/finance/insurance-card/6166949
2026-05-18,"""실적은 역대급인데 주가는 숨고르기""…증권주, 다시 날아오르나",0.261,1,0,https://www.ziksir.com/news/articleView.html?idxno=134030
2026-05-17,증권사 역대급 실적 발표에도 ‘증권주 ETF’는 빌빌,0.0,0,0,https://www.sedaily.com/article/20045023?ref=naver
2026-05-17,"""약탈 금융 근절"" 주문에…재계 저승사자 움직인다",0.0,0,0,http://www.yonhapnewstv.co.kr/news/MYH20260517133237gtG
2026-05-17,'1조 신기록' 미래에셋·'다크호스' 키움…불장에 증권사들 ‘어닝 파티...,0.0,0,0,http://www.edaily.co.kr/news/newspath.asp?newsid=01738406645449904
2026-05-17,다시 열린 회사채 시장…AA급 우량채 ‘출격’,0.0,0,0,http://www.edaily.co.kr/news/newspath.asp?newsid=01685926645449904
2026-05-17,[기업기상도] 구름 한 점 없는 기업 vs 이른 장마 맞은 기업,0.0,0,0,http://www.yonhapnewstv.co.kr/news/MYH20260516142830zkR
2026-05-17,조사국 뜨고 특사경 신설 '군기반장' 목소리 커진다...재계 초긴장,0.0,0,0,https://magazine.hankyung.com/business/article/202605171212b
2026-05-17,"‘경제 사정 당국’ 국세청·공정위·금감원, 민생 침해 행위 ‘정조준...",-0.408,0,1,https://biz.heraldcorp.com/article/10739335?ref=naver
2026-05-17,"[기자수첩] 조정호 겨눈 국세청, 우회 소급 우려…李 '신뢰 자산' 흔든다",0.0,0,0,https://www.apnews.kr/news/articleView.html?idxno=3048541
2026-05-17,李대통령 “약탈 금융 근절” 주문에…재계 ‘저승사자’들이 움직인다,0.0,0,0,https://www.segye.com/newsView/20260517501445?OutUrl=naver
2026-05-17,"이재명 대통령 '금융 담합·약탈 강력 대응' 선언, 경제 사정당국 총출...",0.0,0,0,https://www.tokenpost.kr/news/politics/360456
2026-05-17,"증권사 실적으로 입증된 증시 호황, '숨고르기' 마친 증권주 호재 이어...",0.0,0,0,https://www.businesspost.co.kr/BP?command=article_view&num=437953
2026-05-17,'민생 경제 사정' 속도전…공정위·국세청·금감원 '가속 페달',-0.408,0,1,https://www.yna.co.kr/view/AKR20260516051500002?input=1195m
2026-05-16,車보험에 발목 잡힌 손보사들…2분기 '5부제 특약' 부담까지 가중,0.0,0,0,https://www.newsworks.co.kr/news/articleView.html?idxno=840938
2026-05-16,"신한투자 ""메리츠금융지주, 이제는 추가 액션 필요""… ROE 방어 관건",0.0,0,0,https://www.pinpointnews.co.kr/news/articleView.html?idxno=453081
2026-05-19,"은행의 시대 저무나…증권, 금융의 중심축 됐다[돈의 질서가 바뀐다 中...",0.0,0,0,https://www.etoday.co.kr/news/view/2585444
2026-05-18,다 같은 호실적 아니다… 진짜 잘 번 증권사는 '미래·키움·한투',0.583,1,0,https://www.asiatoday.co.kr/kn/view.php?key=20260519010005044
2026-05-18,"하나금융, 두나무 지분 1조33억 인수…스테이블코인·블록체인 협력 본...",0.0,0,0,http://www.whitepaper.co.kr/news/articleView.html?idxno=262594
2026-05-18,"하나금융지주, 두나무 인수 주주에 호재라는데...이유는",0.0,0,0,https://www.ekn.kr/web/view.php?key=20260518022325728
2026-05-18,"하나금융, 두나무에 1조 베팅…디지털 금융 시장 선점 나서",0.0,0,0,https://www.pointdaily.co.kr/news/articleView.html?idxno=305266
2026-05-18,"[업앤다운]증권주 하락, 미래에셋증권↑·한국금융지주↓",0.0,1,1,https://www.nspna.com/news/?mode=view&newsid=813534
2026-05-18,"[마켓인]1조 두나무 지분 팔렸는데…판 곳도 산 곳도 주가 급락, 왜?",-0.645,0,2,http://www.edaily.co.kr/news/newspath.asp?newsid=04159046645450232
2026-05-18,"3위 탈환 급했나…KB운용, '경쟁사 실명 비교' 무리수에 금융당국 레이...",-0.408,0,1,https://www.ppss.kr/news/articleView.html?idxno=296323
2026-05-18,금융지주 투자 발목 잡는 '위험자산 규제',0.0,0,0,https://www.hankyung.com/article/2026051828851
2026-05-18,"하나증권, 홍콩 VIP 투자자 대상 '코리아 밸류업' 세일즈 강화",0.0,0,0,https://www.pinpointnews.co.kr/news/articleView.html?idxno=453486
2026-05-18,"미래에셋증권, 스페이스X 평가이익 힘입어 1Q 한투증권에 '판정승'",0.322,1,0,https://daily.hankooki.com/news/articleView.html?idxno=1368213
2026-05-18,"메리츠-홈플러스, 브릿지론 둘러싼 입장차…MBK ‘이행보증’ 할까",-0.462,0,1,https://www.ekn.kr/web/view.php?key=20260518027345633
2026-05-18,가상자산 약세인데…거래소 투자 확대하는 금융권,-0.322,0,1,http://www.newsprime.co.kr/news/article.html?no=733798
2026-05-18,삼성생명 '삼성전자 효과'에 독주…생보 '빅3' 웃고 지주계 '숨고르기',0.322,1,0,https://www.newsworks.co.kr/news/articleView.html?idxno=841055
2026-05-18,[테크M 이슈] '재계 저승사자' 조사4국 금융권 겨냥…하나금융·메리츠...,0.0,0,0,https://www.techm.kr/news/articleView.html?idxno=151920
2026-05-18,하나 다음은 KB·신한? … 금융지주 향한 '포용금융 세무 칼날',0.0,0,0,https://biz.newdaily.co.kr/site/data/html/2026/05/18/2026051800088.html
2026-05-18,코스피 시가총액 상위 15선_5월 18일,0.0,0,0,https://www.bigtanews.co.kr/article/view/big202605180004
2026-05-18,코스피 시가총액 상위 15선_5월 11일_오차율,0.0,0,0,https://www.bigtanews.co.kr/article/view/big202605180003
2026-05-18,7100까지 빠진 코스피에 증권주 동반 하락,-0.261,0,1,https://www.mt.co.kr/stock/2026/05/18/2026051809274146408
2026-05-18,강도 높은 금융권 세무조사에 공정위·금감원까지 '정조준'....금융권 '긴...,-0.408,0,1,http://www.intn.co.kr/news/articleView.html?idxno=2050783
2026-05-18,사법 리스크에 특별세무조사까지 겹친 메리츠證…컨콜서 '민감 이슈' 언...,0.0,0,0,http://www.economytalk.kr/news/articleView.html?idxno=421393
2026-05-18,실적은 '선방' 배당은 '신중'…보험사 곳간 열기 망설이는 이유,0.0,0,0,http://www.fins.co.kr/news/articleView.html?idxno=108575
2026-05-18,"[더벨]신한은행, 최대 2500억 규모 후순위채 발행",0.0,0,0,https://www.thebell.co.kr/free/content/ArticleView.asp?key=202605151047084160109110
2026-05-20,"[증권가 발행어음 2라운드③ 끝] '후발주자' 신한·하나·키움證, '차별...",0.0,0,0,http://www.the-biz.co.kr/news/articleView.html?idxno=720944
2026-05-20,"[허정수칼럼] 신한과 키움, 두 증권사의 생존법",0.0,0,0,https://www.bloter.net/news/articleView.html?idxno=662865
2026-05-19,"[업앤다운]증권주 3% 하락, 메리츠금융지주↑·미래에셋증권↓",0.0,1,1,https://www.nspna.com/news/?mode=view&newsid=813705
2026-05-19,"증권주, 변동성 장세의 수혜주⋯코스피 흔들릴수록 거래대금↑",0.261,1,0,https://www.etoday.co.kr/news/view/2586011
2026-05-19,3년 연속 2조 클럽·자사주 소각 1994억… '덜 빌리고 더 돌려준' 메리츠...,0.322,1,0,https://www.pressman.kr/news/articleView.html?idxno=101906
2026-05-19,[코스피 지수선물 옵션] 삼성전자 선물 거래 폭증…시장 방향성 놓고 공...,0.0,1,1,https://www.pinpointnews.co.kr/news/articleView.html?idxno=453866
2026-05-19,외국인 매도세에 코스피 7300선 내줘… SK하이닉스·SK스퀘어 5% 이상 급...,-0.462,0,1,https://www.womennews.co.kr/news/articleView.html?idxno=277687
2026-05-19,[증권사 전성시대] 전례없는 불장에 판 뒤집힌 금융권,0.0,0,0,http://www.segyebiz.com/newsView/20260519514245?OutUrl=naver
2026-05-19,증권주 랠리 속 홀로 주춤한 메리츠금융···반등 동력 찾기 고심,0.905,4,0,https://www.smartbizn.com/news/articleView.html?idxno=144260
2026-05-19,"메리츠증권, 있었는데 없습니다 [뷰파인더]",0.0,0,0,https://theviewers.co.kr/View.aspx?No=4083602
2026-05-19,"메리츠금융, 호실적에도 주가 횡보… 주주환원 전략 시험대 올라",0.823,3,1,https://www.ekoreanews.co.kr/news/articleView.html?idxno=86116
2026-05-19,"창간 16주년, 더나은미래가 던진 질문…‘부의 사회적 책임'",0.0,0,0,https://futurechosun.com/?p=149048
2026-05-19,"[테크M 이슈] ""사회공헌이 아니라 생존""…4대 금융지주의 포용금융 홍보...",0.0,0,0,https://www.techm.kr/news/articleView.html?idxno=151964
2026-05-19,"JP모건·블랙록 닦은 블록체인 길···韓 금융권, 온체인 전략 '각개전...",0.0,0,0,https://www.newsfreezone.co.kr/news/articleView.html?idxno=690440
2026-05-19,[핀테크핫이슈] 코스피 '숨고르기' 돌입…금융권 '포용금융' 압박,0.462,1,0,https://www.digitaltoday.co.kr/news/articleView.html?idxno=666915
2026-05-19,[더벨][하우스 분석 | 메리츠증권] 운용·리테일 동반 성장…1분기 영업...,0.322,1,0,https://www.thebell.co.kr/free/content/ArticleView.asp?key=202605150517519420109180
2026-05-19,[Invest]불장에 소외된 메리츠금융…실적 제자리에 주주환원도 '이젠 평...,0.0,0,0,https://www.investchosun.com/site/data/html_dir/2026/05/18/2026051880151.html
2026-05-21,외환거래 수천억 손실 난 증권가… '강달러' 실적 복병되나,0.0,0,0,https://it.chosun.com/news/articleView.html?idxno=2023092162510
2026-05-20,홈플러스 금융 지원 샅바 싸움 여전…메리츠 “부동산 가치 떨어져 지원...,0.0,0,0,https://www.mk.co.kr/article/12053535
2026-05-20,[단독] 메리츠 “홈플러스 부동산 담보가치 3분의 1토막” 주장,-0.462,0,1,https://www.hankyung.com/article/202605195951r
2026-05-20,"삼성전기 급등, LG전자 급락… 시가총액 상위주 흔들렸다",-0.067,2,2,https://www.pinpointnews.co.kr/news/articleView.html?idxno=454200
2026-05-20,"[단독] 메리츠 ""홈플러스 부동산 담보가치 3분의 1토막""",0.0,0,0,https://www.hankyung.com/article/2026052096881
2026-05-20,"[업앤다운]증권주 3% 하락, 미래에셋증권↓·키움증권↓",-0.261,0,1,https://www.nspna.com/news/?mode=view&newsid=813922
2026-05-20,[거래소 기관] 삼성전자 SK하이닉스 삼성전자 HD중공업 쓸어 담았다,0.0,0,0,https://www.pinpointnews.co.kr/news/articleView.html?idxno=454156
2026-05-20,‘제2의 로켓랩?’ 비트팜스 사건 내막,0.0,0,0,https://www.ilyosisa.co.kr/news/article.html?no=255944
2026-05-20,[대한금융DB] 2026년 1분기 국내 주요 증권사 별도 자기자본 현황,0.0,0,0,https://www.kbanker.co.kr/news/articleView.html?idxno=225006
2026-05-20,"코스피 '숨고르기' 중…증권주, 5월 상승분 '전부 반납'",-0.229,1,1,http://www.the-biz.co.kr/news/articleView.html?idxno=720987
2026-05-20,함영주의 선택은 두나무…하나금융 비은행 성장 전략 바뀌나,0.322,1,0,https://dealsite.co.kr/articles/162147
2026-05-20,"[더벨][Board Change] KDB생명, 매각 국면서 이사회 개편…예보 출신 첫 ...",0.0,0,0,https://www.thebell.co.kr/free/content/ArticleView.asp?key=202605141133294760107241
2026-05-20,③ 정재원 애널리스트 한미약품 100% 적중,0.0,0,0,https://www.bigtanews.co.kr/article/view/big202605190014
2026-05-20,[세리포트] 금융·플랫폼·식품까지…확대되는 조사4국 세무조사 '정책...,0.0,0,0,https://www.sejungilbo.com/news/articleView.html?idxno=58470
2026-05-22,[박종면칼럼] 하나·메리츠금융 특별 세무조사에 대한 우려,0.0,0,0,https://www.bloter.net/news/articleView.html?idxno=663174
2026-05-21,"[업앤다운]증권주 6% 상승, 키움증권↑·삼성증권↑",0.261,1,0,https://www.nspna.com/news/?mode=view&newsid=814075
2026-05-21,"[코스피 지수선물 옵션] 반도체 선물 광란 랠리…개미들 ""지금 안 타면 ...",0.537,2,0,https://www.pinpointnews.co.kr/news/articleView.html?idxno=454523
2026-05-21,"[마켓인]“브릿지론, 메리츠도 손해 아냐”…홈플러스, 최대 채권자에 ...",0.0,0,0,https://www.edaily.co.kr/news/newspath.asp?newsid=05680966645451216
2026-05-21,커지는 유암코 제3자 관리인 선임 요구…MBK 책임 회피 지적 잇따라 [홈...,0.0,0,0,http://www.fntimes.com/html/view.php?ud=2026052114133182068a55064dd1_18
2026-05-21,해외개미도 국내 ETF 산다…'중복상장 원칙금지' 기준 이달 공개,0.0,0,0,https://www.mt.co.kr/stock/2026/05/21/2026052111392129348
2026-05-21,메리츠 “홈플러스 담보가치 하락”…DIP 금융 협상 난항,-0.261,0,1,https://mdtoday.co.kr/news/view/1065585938120818
2026-05-21,"[마켓인]백기 든 MBK, 홈플러스 이행보증 추가…메리츠 “수용 불가”",0.0,0,0,https://www.edaily.co.kr/news/newspath.asp?newsid=04880646645451216
2026-05-21,"KCGI자산운용, AUM 6조원 돌파…5개월간 2조 순유입 [넘버스]",0.261,1,0,https://www.bloter.net/news/articleView.html?idxno=663070
2026-05-21,"홈플러스 부동산 가치, 2년만에 1조원대 폭락?…메리츠 ‘시각차’",-0.583,0,1,https://biz.heraldcorp.com/article/10742416?ref=naver
2026-05-21,[오늘의 IR] 기아ㆍ한국금융지주ㆍ누보 등,0.0,0,0,https://www.etoday.co.kr/news/view/2586545
2026-05-21,"NH투자증권, 브로커리지 강세vsIB 성장 둔화",0.583,2,0,https://www.fetv.co.kr/news/articleView.html?idxno=302772
2026-05-24,"[업앤다운]증권주 상승, 삼성증권↑·키움증권↓",0.0,1,1,https://www.nspna.com/news/?mode=view&newsid=814292
2026-05-24,[기원상의 금융기업가정신=김용범 메리츠금융지주 부회장] '수익을 설계...,0.0,0,0,https://www.ajunews.com/view/20260518155038050
2026-05-23,[주간 100대 기업] 주성엔지니어링·이오테크닉스 급등...시총 100대 기업...,0.408,1,0,https://www.pinpointnews.co.kr/news/articleView.html?idxno=454918
2026-05-23,"""부동산 담보도 개인 보증도 무용지물""…홈플러스 '연명 금융'에 MBK 책임...",0.0,0,0,https://www.newsis.com/view/NISX20260522_0003641427
