Date,Open,High,Low,Close,Volume,"('Close', '^N225')","('High', '^N225')","('Low', '^N225')","('Open', '^N225')","('Volume', '^N225')","('Close', '^N225').1","('High', '^N225').1","('Low', '^N225').1","('Open', '^N225').1","('Volume', '^N225').1"
2023-03-31,28009.220703125,28124.619140625,27986.619140625,28041.48046875,91100000.0,,,,,,,,,,
2023-04-03,28203.349609375,28258.91015625,28120.7109375,28188.150390625,75000000.0,,,,,,,,,,
2023-04-04,28213.9296875,28287.419921875,28139.119140625,28287.419921875,73300000.0,,,,,,,,,,
2023-04-05,28111.0390625,28133.5703125,27788.76953125,27813.259765625,74300000.0,,,,,,,,,,
2023-04-06,27589.140625,27609.859375,27427.66015625,27472.630859375,73200000.0,,,,,,,,,,
2023-04-07,27554.369140625,27591.150390625,27456.25,27518.310546875,49100000.0,,,,,,,,,,
2023-04-10,27658.51953125,27737.490234375,27597.1796875,27633.66015625,48000000.0,,,,,,,,,,
2023-04-11,27895.900390625,28068.390625,27854.8203125,27923.369140625,64800000.0,,,,,,,,,,
2023-04-12,27985.9296875,28121.4609375,27983.970703125,28082.69921875,62700000.0,,,,,,,,,,
2023-04-13,27952.580078125,28163.869140625,27952.009765625,28156.970703125,59900000.0,,,,,,,,,,
2023-04-14,28321.5390625,28515.509765625,28282.8203125,28493.470703125,72900000.0,,,,,,,,,,
2023-04-17,28537.990234375,28599.75,28414.98046875,28514.779296875,58000000.0,,,,,,,,,,
2023-04-18,28567.5390625,28698.220703125,28520.759765625,28658.830078125,62300000.0,,,,,,,,,,
2023-04-19,28619.83984375,28677.220703125,28531.5390625,28606.759765625,58000000.0,,,,,,,,,,
2023-04-20,28472.0,28694.25,28442.44921875,28657.5703125,56700000.0,,,,,,,,,,
2023-04-21,28590.55078125,28778.369140625,28527.80078125,28564.369140625,61400000.0,,,,,,,,,,
2023-04-24,28631.779296875,28680.650390625,28567.240234375,28593.51953125,50000000.0,,,,,,,,,,
2023-04-25,28697.73046875,28806.689453125,28609.76953125,28620.0703125,59300000.0,,,,,,,,,,
2023-04-26,28478.51953125,28551.609375,28319.76953125,28416.470703125,68700000.0,,,,,,,,,,
2023-04-27,28340.58984375,28459.73046875,28241.669921875,28457.6796875,73600000.0,,,,,,,,,,
2023-04-28,28705.91015625,28879.240234375,28499.509765625,28856.439453125,104000000.0,,,,,,,,,,
2023-05-01,29058.05078125,29145.890625,29016.830078125,29123.1796875,73400000.0,,,,,,,,,,
2023-05-02,29278.80078125,29278.80078125,29083.130859375,29157.94921875,63900000.0,,,,,,,,,,
2023-05-08,29095.4609375,29144.119140625,28931.810546875,28949.880859375,74100000.0,,,,,,,,,,
2023-05-09,29020.630859375,29262.359375,29020.630859375,29242.8203125,86400000.0,,,,,,,,,,
2023-05-10,29189.41015625,29195.16015625,29070.109375,29122.1796875,87300000.0,,,,,,,,,,
2023-05-11,29110.7890625,29165.58984375,29028.7109375,29126.720703125,82200000.0,,,,,,,,,,
2023-05-12,29199.30078125,29426.060546875,29141.51953125,29388.30078125,106100000.0,,,,,,,,,,
2023-05-15,29547.0390625,29629.470703125,29475.970703125,29626.33984375,88600000.0,,,,,,,,,,
2023-05-16,29838.009765625,29916.560546875,29779.0703125,29842.990234375,107400000.0,,,,,,,,,,
2023-05-17,29912.439453125,30115.3203125,29912.439453125,30093.58984375,93100000.0,,,,,,,,,,
2023-05-18,30432.5390625,30667.130859375,30381.900390625,30573.9296875,90500000.0,,,,,,,,,,
2023-05-19,30847.359375,30924.5703125,30679.16015625,30808.349609375,80500000.0,,,,,,,,,,
2023-05-22,30735.7109375,31086.8203125,30689.26953125,31086.8203125,75400000.0,,,,,,,,,,
2023-05-23,31245.720703125,31352.529296875,30828.73046875,30957.76953125,92200000.0,,,,,,,,,,
2023-05-24,30728.689453125,30856.919921875,30566.830078125,30682.6796875,81700000.0,,,,,,,,,,
2023-05-25,30599.26953125,30889.98046875,30558.140625,30801.130859375,84000000.0,,,,,,,,,,
2023-05-26,30909.609375,31101.599609375,30864.490234375,30916.310546875,78300000.0,,,,,,,,,,
2023-05-29,31388.009765625,31560.4296875,31164.0,31233.5390625,78300000.0,,,,,,,,,,
2023-05-30,31196.240234375,31374.830078125,31064.189453125,31328.16015625,71800000.0,,,,,,,,,,
2023-05-31,31057.08984375,31142.779296875,30785.98046875,30887.880859375,184600000.0,,,,,,,,,,
2023-06-01,30886.009765625,31185.05078125,30853.439453125,31148.009765625,95100000.0,,,,,,,,,,
2023-06-02,31300.720703125,31555.5390625,31257.009765625,31524.220703125,90700000.0,,,,,,,,,,
2023-06-05,31864.119140625,32217.4296875,31798.720703125,32217.4296875,98800000.0,,,,,,,,,,
2023-06-06,31988.369140625,32534.470703125,31933.869140625,32506.779296875,82500000.0,,,,,,,,,,
2023-06-07,32618.779296875,32708.529296875,31913.740234375,31913.740234375,111900000.0,,,,,,,,,,
2023-06-08,31877.7890625,32035.94921875,31420.44921875,31641.26953125,86000000.0,,,,,,,,,,
2023-06-09,31927.380859375,32304.0390625,31898.75,32265.169921875,101500000.0,,,,,,,,,,
2023-06-12,32412.119140625,32517.6796875,32280.5390625,32434.0,68700000.0,,,,,,,,,,
2023-06-13,32668.94921875,33127.359375,32638.2109375,33018.6484375,89500000.0,,,,,,,,,,
2023-06-14,33331.46875,33665.51953125,33203.94921875,33502.421875,111600000.0,,,,,,,,,,
2023-06-15,33493.69140625,33767.12890625,33386.01171875,33485.48828125,105800000.0,,,,,,,,,,
2023-06-16,33399.1484375,33772.76171875,33186.9296875,33706.078125,132000000.0,,,,,,,,,,
2023-06-19,33768.69140625,33772.890625,33231.55859375,33370.421875,82900000.0,,,,,,,,,,
2023-06-20,33269.5703125,33474.73828125,33089.01953125,33388.91015625,82400000.0,,,,,,,,,,
2023-06-21,33200.62890625,33657.87109375,33154.6796875,33575.140625,82000000.0,,,,,,,,,,
2023-06-22,33438.01171875,33641.4609375,33232.19140625,33264.87890625,94700000.0,,,,,,,,,,
2023-06-23,33458.3515625,33533.46875,32575.560546875,32781.5390625,103600000.0,,,,,,,,,,
2023-06-26,32647.080078125,32884.73046875,32392.720703125,32698.810546875,74100000.0,,,,,,,,,,
2023-06-27,32629.9609375,32689.099609375,32306.990234375,32538.330078125,79600000.0,,,,,,,,,,
2023-06-28,32807.83984375,33193.98828125,32642.869140625,33193.98828125,91100000.0,,,,,,,,,,
2023-06-29,33306.83984375,33527.98046875,33185.19921875,33234.140625,117900000.0,,,,,,,,,,
2023-06-30,33068.359375,33232.890625,32918.76953125,33189.0390625,111300000.0,,,,,,,,,,
2023-07-03,33517.6015625,33762.80859375,33510.55078125,33753.328125,95400000.0,,,,,,,,,,
2023-07-04,33512.26171875,33576.44921875,33338.78125,33422.51953125,99400000.0,,,,,,,,,,
2023-07-05,33165.05859375,33389.21875,33041.140625,33338.69921875,95100000.0,,,,,,,,,,
2023-07-06,33058.3984375,33079.44921875,32637.720703125,32773.01953125,100600000.0,,,,,,,,,,
2023-07-07,32450.640625,32730.25,32327.900390625,32388.419921875,105100000.0,,,,,,,,,,
2023-07-10,32393.4609375,32558.98046875,32065.630859375,32189.73046875,101200000.0,,,,,,,,,,
2023-07-11,32434.669921875,32468.69921875,32084.419921875,32203.5703125,87200000.0,,,,,,,,,,
2023-07-12,32280.05078125,32312.029296875,31791.7109375,31943.9296875,88400000.0,,,,,,,,,,
2023-07-13,32106.05078125,32484.400390625,31952.98046875,32419.330078125,77800000.0,,,,,,,,,,
2023-07-14,32587.900390625,32780.62890625,32225.369140625,32391.259765625,90300000.0,,,,,,,,,,
2023-07-18,32457.1796875,32714.58984375,32338.30078125,32493.890625,81100000.0,,,,,,,,,,
2023-07-19,32812.359375,32896.03125,32671.029296875,32896.03125,81900000.0,,,,,,,,,,
2023-07-20,32803.3515625,32861.01953125,32462.859375,32490.51953125,75600000.0,,,,,,,,,,
2023-07-21,32336.859375,32462.439453125,32080.94921875,32304.25,79400000.0,,,,,,,,,,
2023-07-24,32648.140625,32793.76953125,32554.4609375,32700.939453125,83500000.0,,,,,,,,,,
2023-07-25,32705.390625,32715.560546875,32509.939453125,32682.509765625,101000000.0,,,,,,,,,,
2023-07-26,32704.9609375,32724.25,32488.51953125,32668.33984375,85200000.0,,,,,,,,,,
2023-07-27,32523.689453125,32938.58984375,32503.689453125,32891.16015625,90900000.0,,,,,,,,,,
2023-07-28,32444.419921875,32846.96875,32037.55078125,32759.23046875,170500000.0,,,,,,,,,,
2023-07-31,33128.828125,33402.078125,33025.9296875,33172.21875,134300000.0,,,,,,,,,,
2023-08-01,33292.30859375,33488.76953125,33203.87890625,33476.578125,110800000.0,,,,,,,,,,
2023-08-02,33123.12109375,33158.578125,32628.2890625,32707.689453125,124200000.0,,,,,,,,,,
2023-08-03,32375.849609375,32467.060546875,32142.25,32159.279296875,120300000.0,,,,,,,,,,
2023-08-04,32019.060546875,32294.69921875,31934.349609375,32192.75,106600000.0,,,,,,,,,,
2023-08-07,31921.279296875,32306.869140625,31830.23046875,32254.560546875,94100000.0,,,,,,,,,,
2023-08-08,32430.609375,32539.880859375,32238.58984375,32377.2890625,91800000.0,,,,,,,,,,
2023-08-09,32346.3203125,32407.849609375,32175.640625,32204.330078125,104500000.0,,,,,,,,,,
2023-08-10,32015.9609375,32504.849609375,32015.9609375,32473.650390625,108000000.0,,,,,,,,,,
2023-08-14,32456.720703125,32613.990234375,32031.5390625,32059.91015625,95600000.0,,,,,,,,,,
2023-08-15,32372.529296875,32403.9296875,32217.51953125,32238.890625,75100000.0,,,,,,,,,,
2023-08-16,31965.580078125,31997.279296875,31766.8203125,31766.8203125,84800000.0,,,,,,,,,,
2023-08-17,31621.98046875,31704.080078125,31309.6796875,31626.0,87700000.0,,,,,,,,,,
2023-08-18,31321.259765625,31644.890625,31275.25,31450.759765625,74800000.0,,,,,,,,,,
2023-08-21,31552.849609375,31758.69921875,31409.859375,31565.640625,69500000.0,,,,,,,,,,
2023-08-22,31792.599609375,31906.099609375,31693.759765625,31856.7109375,70200000.0,,,,,,,,,,
2023-08-23,31717.91015625,32039.599609375,31717.91015625,32010.259765625,65100000.0,,,,,,,,,,
2023-08-24,32130.51953125,32297.91015625,32063.140625,32287.2109375,73400000.0,,,,,,,,,,
2023-08-25,31840.91015625,31885.529296875,31572.060546875,31624.279296875,65700000.0,,,,,,,,,,
2023-08-28,31915.6796875,32205.48046875,31881.9296875,32169.990234375,69900000.0,,,,,,,,,,
2023-08-29,32280.5703125,32389.119140625,32186.5703125,32226.970703125,77500000.0,,,,,,,,,,
2023-08-30,32432.94921875,32557.44921875,32300.560546875,32333.4609375,89100000.0,,,,,,,,,,
2023-08-31,32361.01953125,32692.759765625,32359.150390625,32619.33984375,114600000.0,,,,,,,,,,
2023-09-01,32521.150390625,32845.4609375,32499.439453125,32710.619140625,88400000.0,,,,,,,,,,
2023-09-04,32797.3203125,32939.1796875,32714.939453125,32939.1796875,89600000.0,,,,,,,,,,
2023-09-05,32941.41015625,33036.76171875,32784.3203125,33036.76171875,91300000.0,,,,,,,,,,
2023-09-06,33115.05859375,33282.1484375,33088.21875,33241.01953125,94200000.0,,,,,,,,,,
2023-09-07,33118.55078125,33322.44921875,32986.3515625,32991.078125,100200000.0,,,,,,,,,,
2023-09-08,32916.25,32920.4296875,32512.80078125,32606.83984375,114100000.0,,,,,,,,,,
2023-09-11,32690.5390625,32746.140625,32391.689453125,32467.759765625,84200000.0,,,,,,,,,,
2023-09-12,32629.16015625,32799.69140625,32486.48046875,32776.37109375,94000000.0,,,,,,,,,,
2023-09-13,32742.2890625,32872.44140625,32616.650390625,32706.51953125,98100000.0,,,,,,,,,,
2023-09-14,32925.5390625,33244.44921875,32851.23828125,33168.1015625,112100000.0,,,,,,,,,,
2023-09-15,33428.44140625,33634.30859375,33391.4609375,33533.08984375,166600000.0,,,,,,,,,,
2023-09-19,33296.23046875,33337.23046875,33128.859375,33242.58984375,117200000.0,,,,,,,,,,
2023-09-20,33261.3515625,33267.140625,32988.6484375,33023.78125,113500000.0,,,,,,,,,,
2023-09-21,32865.55859375,32939.890625,32550.650390625,32571.029296875,107900000.0,,,,,,,,,,
2023-09-22,32189.3203125,32535.669921875,32154.529296875,32402.41015625,109800000.0,,,,,,,,,,
2023-09-25,32517.259765625,32722.220703125,32388.279296875,32678.619140625,82100000.0,,,,,,,,,,
2023-09-26,32640.05078125,32643.41015625,32315.05078125,32315.05078125,86500000.0,,,,,,,,,,
2023-09-27,32023.369140625,32371.900390625,31960.3203125,32371.900390625,105600000.0,,,,,,,,,,
2023-09-28,32119.369140625,32164.44921875,31674.419921875,31872.51953125,115900000.0,,,,,,,,,,
2023-09-29,32018.640625,32027.4609375,31717.740234375,31857.619140625,132000000.0,,,,,,,,,,
2023-10-02,32101.970703125,32401.580078125,31759.880859375,31759.880859375,103100000.0,,,,,,,,,,
2023-10-03,31607.970703125,31607.970703125,31157.400390625,31237.939453125,109600000.0,,,,,,,,,,
2023-10-04,30765.029296875,30830.849609375,30487.669921875,30526.880859375,137200000.0,,,,,,,,,,
2023-10-05,30733.650390625,31083.900390625,30565.3203125,31075.359375,114200000.0,,,,,,,,,,
2023-10-06,31003.94921875,31160.44921875,30928.16015625,30994.669921875,94600000.0,,,,,,,,,,
2023-10-10,31314.669921875,31818.259765625,31314.669921875,31746.529296875,101000000.0,,,,,,,,,,
2023-10-11,31847.099609375,32037.0703125,31804.08984375,31936.509765625,89500000.0,,,,,,,,,,
2023-10-12,32120.939453125,32494.66015625,32120.939453125,32494.66015625,100600000.0,,,,,,,,,,
2023-10-13,32328.390625,32533.080078125,32249.029296875,32315.990234375,91500000.0,,,,,,,,,,
2023-10-16,31983.0390625,31999.7890625,31564.310546875,31659.029296875,84500000.0,,,,,,,,,,
2023-10-17,32063.7890625,32260.76953125,31901.390625,32040.2890625,75600000.0,,,,,,,,,,
2023-10-18,32033.810546875,32101.470703125,31866.94921875,32042.25,83200000.0,,,,,,,,,,
2023-10-19,31579.5390625,31669.419921875,31399.169921875,31430.619140625,80700000.0,,,,,,,,,,
2023-10-20,31164.890625,31428.970703125,31093.900390625,31259.359375,84500000.0,,,,,,,,,,
2023-10-23,31151.98046875,31177.41015625,30974.259765625,30999.55078125,73500000.0,,,,,,,,,,
2023-10-24,31157.009765625,31210.259765625,30551.669921875,31062.349609375,97900000.0,,,,,,,,,,
2023-10-25,31302.509765625,31466.919921875,31195.580078125,31269.919921875,78700000.0,,,,,,,,,,
2023-10-26,30902.919921875,30943.330078125,30567.609375,30601.779296875,85600000.0,,,,,,,,,,
2023-10-27,30713.7890625,31081.48046875,30687.330078125,30991.689453125,89100000.0,,,,,,,,,,
2023-10-30,30663.48046875,30762.5,30538.2890625,30696.9609375,187000000.0,,,,,,,,,,
2023-10-31,30694.9609375,30973.66015625,30552.650390625,30858.849609375,134300000.0,,,,,,,,,,
2023-11-01,31311.220703125,31601.650390625,31301.509765625,31601.650390625,130100000.0,,,,,,,,,,
2023-11-02,31987.01953125,32087.130859375,31878.359375,31949.890625,121100000.0,,,,,,,,,,
2023-11-06,32450.8203125,32766.5390625,32395.5,32708.48046875,139400000.0,,,,,,,,,,
2023-11-07,32551.76953125,32591.109375,32250.9296875,32271.8203125,106700000.0,,,,,,,,,,
2023-11-08,32457.23046875,32512.169921875,32049.33984375,32166.48046875,156200000.0,,,,,,,,,,
2023-11-09,32316.390625,32723.7109375,32193.19921875,32646.4609375,115500000.0,,,,,,,,,,
2023-11-10,32491.240234375,32598.9296875,32248.240234375,32568.109375,111300000.0,,,,,,,,,,
2023-11-13,32818.1484375,32913.30859375,32499.279296875,32585.109375,90600000.0,,,,,,,,,,
2023-11-14,32760.509765625,32836.26953125,32667.400390625,32695.9296875,88100000.0,,,,,,,,,,
2023-11-15,33112.30859375,33556.51953125,33096.9296875,33519.69921875,123800000.0,,,,,,,,,,
2023-11-16,33399.58984375,33614.12890625,33233.83984375,33424.41015625,94200000.0,,,,,,,,,,
2023-11-17,33344.8515625,33599.62890625,33263.671875,33585.19921875,93200000.0,,,,,,,,,,
2023-11-20,33559.62109375,33853.4609375,33352.69140625,33388.03125,94900000.0,,,,,,,,,,
2023-11-21,33453.1484375,33460.3203125,33254.73046875,33354.140625,91900000.0,,,,,,,,,,
2023-11-22,33182.98828125,33593.5,33182.98828125,33451.828125,75600000.0,,,,,,,,,,
2023-11-24,33752.05078125,33817.859375,33622.5703125,33625.53125,80700000.0,,,,,,,,,,
2023-11-27,33710.03125,33811.41015625,33397.0390625,33447.671875,82700000.0,,,,,,,,,,
2023-11-28,33520.390625,33545.8515625,33298.0390625,33408.390625,84100000.0,,,,,,,,,,
2023-11-29,33244.4296875,33516.23046875,33179.0703125,33321.21875,89200000.0,,,,,,,,,,
2023-11-30,33260.140625,33486.890625,33161.0703125,33486.890625,152200000.0,,,,,,,,,,
2023-12-01,33537.44140625,33551.5703125,33397.421875,33431.51171875,87600000.0,,,,,,,,,,
2023-12-04,33318.0703125,33324.37890625,33023.0390625,33231.26953125,87300000.0,,,,,,,,,,
2023-12-05,33022.37890625,33089.8203125,32726.6796875,32775.8203125,86100000.0,,,,,,,,,,
2023-12-06,32928.921875,33452.12890625,32914.08984375,33445.8984375,91200000.0,,,,,,,,,,
2023-12-07,33165.71875,33195.87109375,32814.69140625,32858.30859375,105100000.0,,,,,,,,,,
2023-12-08,32600.470703125,32604.349609375,32205.380859375,32307.859375,144200000.0,,,,,,,,,,
2023-12-11,32665.08984375,32933.078125,32650.099609375,32791.80078125,105800000.0,,,,,,,,,,
2023-12-12,33107.6484375,33172.12890625,32800.23828125,32843.69921875,98100000.0,,,,,,,,,,
2023-12-13,32973.46875,33104.46875,32864.37890625,32926.3515625,100000000.0,,,,,,,,,,
2023-12-14,33032.30078125,33120.55078125,32515.0390625,32686.25,133400000.0,,,,,,,,,,
2023-12-15,32760.560546875,33122.328125,32732.66015625,32970.55078125,141100000.0,,,,,,,,,,
2023-12-18,32769.23046875,32790.578125,32541.23046875,32758.98046875,106900000.0,,,,,,,,,,
2023-12-19,32774.2109375,33219.390625,32654.4296875,33219.390625,106300000.0,,,,,,,,,,
2023-12-20,33467.3203125,33824.05859375,33467.3203125,33675.94140625,118000000.0,,,,,,,,,,
2023-12-21,33276.80859375,33337.83984375,33097.7890625,33140.46875,95600000.0,,,,,,,,,,
2023-12-22,33257.94921875,33375.19140625,33151.69921875,33169.05078125,89400000.0,,,,,,,,,,
2023-12-25,33414.51171875,33414.51171875,33221.5703125,33254.03125,58900000.0,,,,,,,,,,
2023-12-26,33295.6796875,33312.26171875,33181.359375,33305.8515625,68300000.0,,,,,,,,,,
2023-12-27,33532.96875,33755.75,33521.51953125,33681.23828125,93700000.0,,,,,,,,,,
2023-12-28,33477.46875,33571.73046875,33411.23828125,33539.62109375,73300000.0,,,,,,,,,,
2023-12-29,33458.640625,33652.7109375,33305.171875,33464.171875,89000000.0,,,,,,,,,,
2024-01-04,33193.05078125,33299.390625,32693.1796875,33288.2890625,117300000.0,,,,,,,,,,
2024-01-05,33397.51953125,33568.0390625,33257.4296875,33377.421875,115300000.0,,,,,,,,,,
2024-01-09,33704.828125,33990.28125,33600.3203125,33763.1796875,112100000.0,,,,,,,,,,
2024-01-10,33896.328125,34539.01953125,33885.73828125,34441.71875,106000000.0,,,,,,,,,,
2024-01-11,34871.328125,35157.55859375,34849.5703125,35049.859375,130100000.0,,,,,,,,,,
2024-01-12,35601.6484375,35839.6484375,35362.23828125,35577.109375,129200000.0,,,,,,,,,,
2024-01-15,35634.12109375,36008.23046875,35544.3203125,35901.7890625,105700000.0,,,,,,,,,,
2024-01-16,35909.19921875,35955.6796875,35587.53125,35619.1796875,103400000.0,,,,,,,,,,
2024-01-17,35850.1796875,36239.21875,35476.51953125,35477.75,139500000.0,,,,,,,,,,
2024-01-18,35371.25,35728.08984375,35371.25,35466.171875,100300000.0,,,,,,,,,,
2024-01-19,35913.71875,36076.23046875,35790.0703125,35963.26953125,104100000.0,,,,,,,,,,
2024-01-22,36294.1015625,36571.80078125,36225.91015625,36546.94921875,100000000.0,,,,,,,,,,
2024-01-23,36605.30078125,36984.51171875,36436.0703125,36517.5703125,111500000.0,,,,,,,,,,
2024-01-24,36415.66015625,36471.390625,36104.890625,36226.48046875,108600000.0,,,,,,,,,,
2024-01-25,36213.140625,36312.359375,35912.5390625,36236.46875,94600000.0,,,,,,,,,,
2024-01-26,36003.0,36060.3984375,35687.578125,35751.0703125,109600000.0,,,,,,,,,,
2024-01-29,35814.2890625,36186.87109375,35813.76953125,36026.94140625,95500000.0,,,,,,,,,,
2024-01-30,36196.640625,36249.03125,36039.30859375,36065.859375,87900000.0,,,,,,,,,,
2024-01-31,35747.890625,36292.53125,35704.578125,36286.7109375,111100000.0,,,,,,,,,,
2024-02-01,36008.55859375,36146.359375,35924.6015625,36011.4609375,118100000.0,,,,,,,,,,
2024-02-02,36249.98828125,36441.08984375,36083.609375,36158.01953125,114800000.0,,,,,,,,,,
2024-02-05,36419.33984375,36452.62109375,36213.0,36354.16015625,130500000.0,,,,,,,,,,
2024-02-06,36249.078125,36294.48046875,36065.98046875,36160.66015625,134700000.0,,,,,,,,,,
2024-02-07,36002.98828125,36195.5,35854.62890625,36119.921875,126500000.0,,,,,,,,,,
2024-02-08,36258.83984375,36956.96875,36206.19921875,36863.28125,151000000.0,,,,,,,,,,
2024-02-09,36915.44140625,37287.26171875,36807.03125,36897.421875,146800000.0,,,,,,,,,,
2024-02-13,37248.359375,38010.69140625,37184.1015625,37963.96875,140500000.0,,,,,,,,,,
2024-02-14,37712.87109375,37825.8515625,37594.46875,37703.3203125,120300000.0,,,,,,,,,,
2024-02-15,38017.828125,38188.73828125,37935.359375,38157.94140625,130000000.0,,,,,,,,,,
2024-02-16,38517.37109375,38865.05859375,38361.55078125,38487.23828125,151700000.0,,,,,,,,,,
2024-02-19,38473.41015625,38555.83984375,38281.69921875,38470.37890625,102000000.0,,,,,,,,,,
2024-02-20,38510.37109375,38742.328125,38288.0390625,38363.609375,108500000.0,,,,,,,,,,
2024-02-21,38191.96875,38339.69921875,38095.1484375,38262.16015625,104700000.0,,,,,,,,,,
2024-02-22,38508.0703125,39156.96875,38508.0703125,39098.6796875,122900000.0,,,,,,,,,,
2024-02-26,39320.640625,39388.078125,39181.03125,39233.7109375,125700000.0,,,,,,,,,,
2024-02-27,39260.78125,39426.2890625,39113.03125,39239.51953125,119100000.0,,,,,,,,,,
2024-02-28,39189.21875,39283.94921875,39075.46875,39208.03125,119900000.0,,,,,,,,,,
2024-02-29,38935.53125,39250.12109375,38876.80859375,39166.19140625,166000000.0,,,,,,,,,,
2024-03-01,39254.69140625,39990.23046875,39224.640625,39910.8203125,122800000.0,,,,,,,,,,
2024-03-04,40201.76171875,40314.640625,40001.55078125,40109.23046875,119400000.0,,,,,,,,,,
2024-03-05,39881.73046875,40226.98828125,39840.33984375,40097.62890625,115200000.0,,,,,,,,,,
2024-03-06,39792.37109375,40147.76953125,39769.0390625,40090.78125,112900000.0,,,,,,,,,,
2024-03-07,40331.05859375,40472.109375,39518.3984375,39598.7109375,137200000.0,,,,,,,,,,
2024-03-08,39809.55859375,39989.328125,39551.6015625,39688.94140625,143300000.0,,,,,,,,,,
2024-03-11,39232.140625,39241.28125,38496.66015625,38820.48828125,132900000.0,,,,,,,,,,
2024-03-12,38470.390625,38841.80078125,38271.37890625,38797.51171875,112900000.0,,,,,,,,,,
2024-03-13,39059.94921875,39147.80078125,38452.5703125,38695.96875,105400000.0,,,,,,,,,,
2024-03-14,38591.73046875,38840.328125,38400.171875,38807.37890625,111100000.0,,,,,,,,,,
2024-03-15,38548.16015625,38808.6796875,38519.94140625,38707.640625,167100000.0,,,,,,,,,,
2024-03-18,38960.98828125,39769.109375,38935.46875,39740.44140625,128700000.0,,,,,,,,,,
2024-03-19,39622.578125,40003.6015625,39407.5,40003.6015625,134700000.0,,,,,,,,,,
2024-03-21,40511.55078125,40823.3203125,40452.19140625,40815.66015625,157200000.0,,,,,,,,,,
2024-03-22,40942.87890625,41087.75,40714.140625,40888.4296875,136100000.0,,,,,,,,,,
2024-03-25,40798.9609375,40837.1796875,40414.12109375,40414.12109375,101500000.0,,,,,,,,,,
2024-03-26,40345.0390625,40529.53125,40280.8515625,40398.03125,101400000.0,,,,,,,,,,
2024-03-27,40517.171875,40979.359375,40452.2109375,40762.73046875,121300000.0,,,,,,,,,,
2024-03-28,40324.421875,40482.01953125,40054.05859375,40168.0703125,135600000.0,,,,,,,,,,
2024-03-29,40277.44921875,40521.7109375,40268.109375,40369.44140625,122000000.0,,,,,,,,,,
2024-04-01,40646.69921875,40697.21875,39706.44921875,39803.08984375,134500000.0,,,,,,,,,,
2024-04-02,39892.58984375,40151.05078125,39707.87109375,39838.91015625,115800000.0,,,,,,,,,,
2024-04-03,39503.71875,39625.8984375,39217.0390625,39451.8515625,123200000.0,,,,,,,,,,
2024-04-04,39928.328125,40243.01953125,39773.140625,39773.140625,145100000.0,,,,,,,,,,
2024-04-05,39237.390625,39274.76171875,38774.23828125,38992.078125,129600000.0,,,,,,,,,,
2024-04-08,39391.98046875,39617.359375,39197.0,39347.0390625,108300000.0,,,,,,,,,,
2024-04-09,39496.94921875,39773.12890625,39476.12890625,39773.12890625,105900000.0,,,,,,,,,,
2024-04-10,39582.328125,39708.69921875,39510.48046875,39581.80859375,97400000.0,,,,,,,,,,
2024-04-11,39090.6796875,39473.48046875,39065.30859375,39442.62890625,107000000.0,,,,,,,,,,
2024-04-12,39722.01953125,39774.8203125,39457.73046875,39523.55078125,107100000.0,,,,,,,,,,
2024-04-15,39056.9296875,39232.80078125,38820.94921875,39232.80078125,107000000.0,,,,,,,,,,
2024-04-16,38750.671875,38764.8203125,38322.3203125,38471.19921875,133000000.0,,,,,,,,,,
2024-04-17,38587.46875,38587.609375,37961.80078125,37961.80078125,120600000.0,,,,,,,,,,
2024-04-18,37745.0390625,38216.75,37644.91015625,38079.69921875,105800000.0,,,,,,,,,,
2024-04-19,37724.46875,37749.48046875,36733.05859375,37068.3515625,155400000.0,,,,,,,,,,
2024-04-22,37240.9296875,37511.80078125,37052.62890625,37438.609375,119400000.0,,,,,,,,,,
2024-04-23,37797.05859375,37817.78125,37397.26953125,37552.16015625,95900000.0,,,,,,,,,,
2024-04-24,37871.921875,38460.078125,37857.46875,38460.078125,121100000.0,,,,,,,,,,
2024-04-25,38065.91015625,38129.53125,37604.23046875,37628.48046875,113900000.0,,,,,,,,,,
2024-04-26,37725.609375,38097.5390625,37550.69921875,37934.76171875,124900000.0,,,,,,,,,,
2024-04-30,38312.66015625,38608.171875,38182.109375,38405.66015625,151400000.0,,,,,,,,,,
2024-05-01,38107.37890625,38433.33984375,38036.23828125,38274.05078125,108500000.0,,,,,,,,,,
2024-05-02,38004.01171875,38355.6015625,37958.19140625,38236.0703125,101900000.0,,,,,,,,,,
2024-05-07,38636.23046875,38863.140625,38541.96875,38835.1015625,115200000.0,,,,,,,,,,
2024-05-08,38677.5703125,38749.3515625,38159.8515625,38202.37109375,120100000.0,,,,,,,,,,
2024-05-09,38242.921875,38429.80859375,38072.23828125,38073.98046875,118600000.0,,,,,,,,,,
2024-05-10,38361.7890625,38741.87890625,38126.91015625,38229.109375,167300000.0,,,,,,,,,,
2024-05-13,38211.609375,38273.3984375,37969.578125,38179.4609375,128700000.0,,,,,,,,,,
2024-05-14,38287.98828125,38477.6796875,38084.7109375,38356.05859375,143300000.0,,,,,,,,,,
2024-05-15,38533.08984375,38816.6015625,38335.609375,38385.73046875,146300000.0,,,,,,,,,,
2024-05-16,38645.9609375,38949.37890625,38513.328125,38920.26171875,157900000.0,,,,,,,,,,
2024-05-17,38561.0390625,38842.48828125,38539.55859375,38787.37890625,133300000.0,,,,,,,,,,
2024-05-20,38761.7109375,39437.16015625,38703.69921875,39069.6796875,127400000.0,,,,,,,,,,
2024-05-21,39232.16015625,39346.1484375,38942.28125,38946.9296875,106700000.0,,,,,,,,,,
2024-05-22,38823.91015625,38854.98828125,38592.94140625,38617.1015625,105500000.0,,,,,,,,,,
2024-05-23,38803.12890625,39129.46875,38617.4296875,39103.21875,107800000.0,,,,,,,,,,
2024-05-24,38506.03125,38740.8203125,38367.69921875,38646.109375,96300000.0,,,,,,,,,,
2024-05-27,38766.2109375,38900.01953125,38667.9296875,38900.01953125,94200000.0,,,,,,,,,,
2024-05-28,38879.1484375,38981.96875,38756.12890625,38855.37109375,101200000.0,,,,,,,,,,
2024-05-29,38880.5,39141.98828125,38524.23828125,38556.87109375,123900000.0,,,,,,,,,,
2024-05-30,38112.76953125,38138.03125,37617.0,38054.12890625,117300000.0,,,,,,,,,,
2024-05-31,38173.21875,38526.9296875,38087.609375,38487.8984375,211000000.0,,,,,,,,,,
2024-06-03,38734.94921875,39032.5,38734.94921875,38923.03125,115900000.0,,,,,,,,,,
2024-06-04,38702.5390625,38895.05859375,38591.7890625,38837.4609375,117900000.0,,,,,,,,,,
2024-06-05,38654.08984375,38656.41015625,38343.98046875,38490.171875,119400000.0,,,,,,,,,,
2024-06-06,38841.66015625,39011.9296875,38693.5,38703.51171875,118900000.0,,,,,,,,,,
2024-06-07,38597.55078125,38747.26953125,38560.8515625,38683.9296875,96200000.0,,,,,,,,,,
2024-06-10,38689.78125,39081.5390625,38689.78125,39038.16015625,89200000.0,,,,,,,,,,
2024-06-11,39175.58984375,39336.66015625,39074.87890625,39134.7890625,93300000.0,,,,,,,,,,
2024-06-12,38865.1484375,38945.98828125,38809.359375,38876.7109375,108200000.0,,,,,,,,,,
2024-06-13,39182.05859375,39252.44140625,38689.7890625,38720.46875,115900000.0,,,,,,,,,,
2024-06-14,38587.5703125,39025.69921875,38554.75,38814.55859375,157100000.0,,,,,,,,,,
2024-06-17,38440.98046875,38442.69921875,37950.19921875,38102.44140625,107500000.0,,,,,,,,,,
2024-06-18,38433.48046875,38519.01953125,38332.890625,38482.109375,97100000.0,,,,,,,,,,
2024-06-19,38653.91015625,38797.96875,38453.41015625,38570.76171875,93600000.0,,,,,,,,,,
2024-06-20,38410.3203125,38637.62109375,38263.078125,38633.01953125,88000000.0,,,,,,,,,,
2024-06-21,38608.66015625,38795.6796875,38532.12890625,38596.46875,140800000.0,,,,,,,,,,
2024-06-24,38497.421875,38905.46875,38416.0703125,38804.6484375,93500000.0,,,,,,,,,,
2024-06-25,38833.8984375,39215.0703125,38758.0703125,39173.1484375,108300000.0,,,,,,,,,,
2024-06-26,39364.73046875,39788.62890625,39233.55859375,39667.0703125,108900000.0,,,,,,,,,,
2024-06-27,39434.46875,39439.23828125,39193.51171875,39341.5390625,115000000.0,,,,,,,,,,
2024-06-28,39593.01171875,39783.69921875,39485.73046875,39583.078125,124300000.0,,,,,,,,,,
2024-07-01,39839.8203125,39942.69140625,39537.1015625,39631.05859375,118800000.0,,,,,,,,,,
2024-07-02,39543.609375,40113.48046875,39457.62109375,40074.69140625,135100000.0,,,,,,,,,,
2024-07-03,40225.828125,40694.2109375,40172.8515625,40580.76171875,125600000.0,,,,,,,,,,
2024-07-04,40747.58984375,40971.23046875,40604.1484375,40913.6484375,118000000.0,,,,,,,,,,
2024-07-05,41009.359375,41100.12890625,40746.890625,40912.37109375,114200000.0,,,,,,,,,,
2024-07-08,40863.140625,41112.23828125,40780.69921875,40780.69921875,113000000.0,,,,,,,,,,
2024-07-09,40953.41015625,41769.3515625,40942.44140625,41580.171875,118200000.0,,,,,,,,,,
2024-07-10,41444.328125,41889.16015625,41430.37890625,41831.98828125,134400000.0,,,,,,,,,,
2024-07-11,42343.71875,42426.76953125,42102.4609375,42224.01953125,123000000.0,,,,,,,,,,
2024-07-12,41668.859375,41754.76171875,41188.2890625,41190.6796875,130400000.0,,,,,,,,,,
2024-07-16,41366.7890625,41520.0703125,41220.6484375,41275.078125,100800000.0,,,,,,,,,,
2024-07-17,41416.1796875,41466.44921875,41054.71875,41097.69140625,109900000.0,,,,,,,,,,
2024-07-18,40521.7109375,40587.62890625,40104.21875,40126.3515625,117600000.0,,,,,,,,,,
2024-07-19,39965.91015625,40212.8984375,39824.578125,40063.7890625,99800000.0,,,,,,,,,,
2024-07-22,39947.94921875,39973.19921875,39519.390625,39599.0,82700000.0,,,,,,,,,,
2024-07-23,39864.08984375,39927.890625,39519.91015625,39594.390625,88300000.0,,,,,,,,,,
2024-07-24,39336.73828125,39643.26953125,39096.5,39154.8515625,110300000.0,,,,,,,,,,
2024-07-25,38524.19921875,38557.7890625,37825.578125,37869.51171875,143000000.0,,,,,,,,,,
2024-07-26,37792.87109375,38105.9609375,37611.19140625,37667.41015625,124000000.0,,,,,,,,,,
2024-07-29,38139.12109375,38719.69921875,38010.01171875,38468.62890625,107300000.0,,,,,,,,,,
2024-07-30,38241.3515625,38531.16015625,38076.69921875,38525.94921875,109700000.0,,,,,,,,,,
2024-07-31,38140.76953125,39188.37109375,37954.37890625,39101.8203125,146400000.0,,,,,,,,,,
2024-08-01,38781.55859375,38781.55859375,37737.87890625,38126.328125,178800000.0,,,,,,,,,,
2024-08-02,37444.171875,37471.51953125,35880.1484375,35909.69921875,204300000.0,,,,,,,,,,
2024-08-05,35249.359375,35301.1796875,31156.119140625,31458.419921875,285600000.0,,,,,,,,,,
2024-08-06,32077.330078125,34911.80078125,32077.330078125,34675.4609375,251200000.0,,,,,,,,,,
2024-08-07,34122.3515625,35849.76953125,33739.4609375,35089.62109375,242800000.0,,,,,,,,,,
2024-08-08,34645.7890625,35379.6484375,34207.16015625,34831.1484375,165300000.0,,,,,,,,,,
2024-08-09,35272.33984375,35671.30859375,34445.5703125,35025.0,176900000.0,,,,,,,,,,
2024-08-13,35490.578125,36232.51171875,35476.7890625,36232.51171875,140700000.0,,,,,,,,,,
2024-08-14,36535.6015625,36683.890625,36074.7109375,36442.4296875,135600000.0,,,,,,,,,,
2024-08-15,36381.3984375,36885.16015625,36381.3984375,36726.640625,119700000.0,,,,,,,,,,
2024-08-16,37304.9296875,38143.55078125,37304.9296875,38062.671875,129500000.0,,,,,,,,,,
2024-08-19,37863.76171875,38125.26953125,37318.0390625,37388.62109375,107800000.0,,,,,,,,,,
2024-08-20,37847.8515625,38236.390625,37738.30078125,38062.921875,110600000.0,,,,,,,,,,
2024-08-21,37653.33984375,38026.01953125,37605.828125,37951.80078125,94800000.0,,,,,,,,,,
2024-08-22,38033.78125,38408.19140625,37883.859375,38211.01171875,92800000.0,,,,,,,,,,
2024-08-23,38278.1796875,38424.26953125,38053.46875,38364.26953125,89800000.0,,,,,,,,,,
2024-08-26,38156.41015625,38204.80859375,37825.30859375,38110.21875,91700000.0,,,,,,,,,,
2024-08-27,38066.30859375,38365.640625,37911.3203125,38288.62109375,84300000.0,,,,,,,,,,
2024-08-28,38221.37890625,38399.91015625,38141.48828125,38371.76171875,88700000.0,,,,,,,,,,
2024-08-29,38119.94921875,38401.1484375,37970.19921875,38362.53125,106500000.0,,,,,,,,,,
2024-08-30,38388.0390625,38669.7890625,38316.87109375,38647.75,136600000.0,,,,,,,,,,
2024-09-02,39025.30859375,39080.640625,38476.51171875,38700.87109375,87100000.0,,,,,,,,,,
2024-09-03,38745.76171875,38967.55859375,38581.55078125,38686.30859375,91200000.0,,,,,,,,,,
2024-09-04,38039.91015625,38080.01953125,36879.328125,37047.609375,144400000.0,,,,,,,,,,
2024-09-05,36536.25,37099.9609375,36359.23046875,36657.08984375,111300000.0,,,,,,,,,,
2024-09-06,36815.0,36898.28125,36235.609375,36391.46875,111700000.0,,,,,,,,,,
2024-09-09,35805.8203125,36248.12109375,35247.87109375,36215.75,118200000.0,,,,,,,,,,
2024-09-10,36386.12109375,36537.03125,36001.578125,36159.16015625,112300000.0,,,,,,,,,,
2024-09-11,36029.8984375,36056.87109375,35253.4296875,35619.76953125,127600000.0,,,,,,,,,,
2024-09-12,36185.62109375,36902.2109375,36172.26171875,36833.26953125,126300000.0,,,,,,,,,,
2024-09-13,36882.41015625,36887.3984375,36441.33984375,36581.76171875,115900000.0,,,,,,,,,,
2024-09-17,36601.9296875,36663.1796875,35828.5390625,36203.21875,127300000.0,,,,,,,,,,
2024-09-18,36546.0390625,36675.0703125,36127.44921875,36380.171875,99900000.0,,,,,,,,,,
2024-09-19,36958.9296875,37394.51953125,36958.9296875,37155.328125,114100000.0,,,,,,,,,,
2024-09-20,37714.0703125,37974.71875,37654.109375,37723.91015625,162600000.0,,,,,,,,,,
2024-09-24,38171.359375,38427.1484375,37902.98828125,37940.58984375,113500000.0,,,,,,,,,,
2024-09-25,37947.3515625,38109.23828125,37868.83984375,37870.26171875,108200000.0,,,,,,,,,,
2024-09-26,38266.7890625,38925.62890625,38240.6484375,38925.62890625,141000000.0,,,,,,,,,,
2024-09-27,39108.26953125,39829.55859375,38917.98046875,39829.55859375,161900000.0,,,,,,,,,,
2024-09-30,39117.828125,39126.359375,37797.91015625,37919.55078125,190500000.0,,,,,,,,,,
2024-10-01,38232.46875,38718.12890625,38232.46875,38651.96875,132100000.0,,,,,,,,,,
2024-10-02,38136.19921875,38213.5390625,37651.0703125,37808.76171875,139600000.0,,,,,,,,,,
2024-10-03,38459.12890625,38856.75,38457.62109375,38552.05859375,126800000.0,,,,,,,,,,
2024-10-04,38594.73046875,38735.2890625,38501.8203125,38635.62109375,121200000.0,,,,,,,,,,
2024-10-07,39239.921875,39560.78125,39195.9296875,39332.73828125,128000000.0,,,,,,,,,,
2024-10-08,39021.12890625,39117.08984375,38817.5390625,38937.5390625,120400000.0,,,,,,,,,,
2024-10-09,39385.48828125,39456.28125,39115.62890625,39277.9609375,106800000.0,,,,,,,,,,
2024-10-10,39575.80078125,39616.58984375,39282.19140625,39380.890625,103500000.0,,,,,,,,,,
2024-10-11,39636.87109375,39668.9296875,39415.26171875,39605.80078125,110900000.0,,,,,,,,,,
2024-10-15,40047.1484375,40257.33984375,39910.55078125,39910.55078125,129000000.0,,,,,,,,,,
2024-10-16,39362.62890625,39362.62890625,39062.8515625,39180.30078125,108100000.0,,,,,,,,,,
2024-10-17,39263.8203125,39299.73828125,38911.19140625,38911.19140625,107200000.0,,,,,,,,,,
2024-10-18,39092.46875,39186.640625,38893.51953125,38981.75,95700000.0,,,,,,,,,,
2024-10-21,38960.19921875,39119.671875,38775.58984375,38954.6015625,99000000.0,,,,,,,,,,
2024-10-22,38933.6015625,38995.03125,38200.8203125,38411.9609375,110400000.0,,,,,,,,,,
2024-10-23,38397.28125,38514.328125,37987.62109375,38104.859375,95400000.0,,,,,,,,,,
2024-10-24,37804.51953125,38320.390625,37712.19140625,38143.2890625,108700000.0,,,,,,,,,,
2024-10-25,37954.78125,38028.140625,37713.0,37913.921875,90700000.0,,,,,,,,,,
2024-10-28,37757.94921875,38740.171875,37757.94921875,38605.53125,116600000.0,,,,,,,,,,
2024-10-29,38524.30078125,38903.6796875,38416.8515625,38903.6796875,97400000.0,,,,,,,,,,
2024-10-30,39102.890625,39417.87890625,39094.30078125,39277.390625,221800000.0,,,,,,,,,,
2024-10-31,39179.71875,39249.2109375,38832.2109375,39081.25,144300000.0,,,,,,,,,,
2024-11-01,38504.3515625,38512.828125,37946.66015625,38053.671875,130300000.0,,,,,,,,,,
2024-11-05,38274.21875,38620.19140625,38159.73046875,38474.8984375,120000000.0,,,,,,,,,,
2024-11-06,38677.94921875,39664.53125,38662.171875,39480.671875,170600000.0,,,,,,,,,,
2024-11-07,39745.23046875,39884.01171875,39020.21875,39381.41015625,190000000.0,,,,,,,,,,
2024-11-08,39783.44921875,39818.41015625,39377.87109375,39500.37109375,159300000.0,,,,,,,,,,
2024-11-11,39417.2109375,39598.73828125,39315.609375,39533.3203125,122700000.0,,,,,,,,,,
2024-11-12,39642.78125,39866.71875,39137.890625,39376.08984375,163000000.0,,,,,,,,,,
2024-11-13,39317.1484375,39377.23828125,38600.26171875,38721.66015625,150400000.0,,,,,,,,,,
2024-11-14,38911.0390625,39084.44140625,38535.69921875,38535.69921875,133800000.0,,,,,,,,,,
2024-11-15,38749.55859375,39101.640625,38642.91015625,38642.91015625,143900000.0,,,,,,,,,,
2024-11-18,38259.58984375,38548.30078125,38150.390625,38220.8515625,106000000.0,,,,,,,,,,
2024-11-19,38396.71875,38560.1015625,38246.359375,38414.4296875,109200000.0,,,,,,,,,,
2024-11-20,38475.69921875,38520.44921875,38180.1484375,38352.33984375,103500000.0,,,,,,,,,,
2024-11-21,38352.87109375,38374.69140625,37945.2109375,38026.171875,101900000.0,,,,,,,,,,
2024-11-22,38146.98046875,38420.62890625,38085.12890625,38283.8515625,103300000.0,,,,,,,,,,
2024-11-25,38679.9296875,39053.640625,38672.171875,38780.140625,192400000.0,,,,,,,,,,
2024-11-26,38596.76171875,38596.76171875,38020.078125,38442.0,122800000.0,,,,,,,,,,
2024-11-27,38327.859375,38332.44921875,37988.98828125,38134.96875,120500000.0,,,,,,,,,,
2024-11-28,37935.94140625,38478.3203125,37801.62109375,38349.05859375,103400000.0,,,,,,,,,,
2024-11-29,38205.078125,38270.05859375,37986.96875,38208.03125,102300000.0,,,,,,,,,,
2024-12-02,38216.94921875,38552.41015625,37958.55078125,38513.01953125,110500000.0,,,,,,,,,,
2024-12-03,38748.6484375,39427.37109375,38746.05078125,39248.859375,142200000.0,,,,,,,,,,
2024-12-04,39354.0,39417.078125,39062.03125,39276.390625,119100000.0,,,,,,,,,,
2024-12-05,39610.4296875,39632.30078125,39323.0390625,39395.6015625,116400000.0,,,,,,,,,,
2024-12-06,39371.55859375,39468.46875,38940.44140625,39091.171875,101500000.0,,,,,,,,,,
2024-12-09,39332.55078125,39332.55078125,38972.78125,39160.5,113100000.0,,,,,,,,,,
2024-12-10,39375.48828125,39465.140625,39171.69140625,39367.578125,110300000.0,,,,,,,,,,
2024-12-11,39357.76953125,39401.9296875,39112.80078125,39372.23046875,105800000.0,,,,,,,,,,
2024-12-12,39849.96875,40091.55078125,39827.58984375,39849.140625,121100000.0,,,,,,,,,,
2024-12-13,39624.05078125,39734.98828125,39247.41015625,39470.44140625,123900000.0,,,,,,,,,,
2024-12-16,39551.21875,39632.171875,39371.421875,39457.48828125,87500000.0,,,,,,,,,,
2024-12-17,39589.6484375,39796.21875,39364.6796875,39364.6796875,115700000.0,,,,,,,,,,
2024-12-18,39176.87890625,39382.69140625,39081.7109375,39081.7109375,132200000.0,,,,,,,,,,
2024-12-19,38522.26953125,38913.0703125,38355.51953125,38813.578125,147700000.0,,,,,,,,,,
2024-12-20,38950.28125,39039.6796875,38701.8984375,38701.8984375,184500000.0,,,,,,,,,,
2024-12-23,39040.71875,39210.171875,38847.12890625,39161.33984375,103200000.0,,,,,,,,,,
2024-12-24,39210.23046875,39245.75,38995.76171875,39036.8515625,116200000.0,,,,,,,,,,
2024-12-25,39168.51953125,39180.58984375,38927.16015625,39130.4296875,116100000.0,,,,,,,,,,
2024-12-26,39129.30859375,39592.28125,39110.921875,39568.05859375,131400000.0,,,,,,,,,,
2024-12-27,39672.1484375,40398.23046875,39669.390625,40281.16015625,159500000.0,,,,,,,,,,
2024-12-30,40325.78125,40325.78125,39864.4609375,39894.5390625,110600000.0,,,,,,,,,,
2025-01-06,39945.421875,39993.5,39232.78125,39307.05078125,137900000.0,,,,,,,,,,
2025-01-07,39584.359375,40288.80078125,39584.359375,40083.30078125,127000000.0,,,,,,,,,,
2025-01-08,39879.359375,40105.71875,39705.80859375,39981.05859375,118800000.0,,,,,,,,,,
2025-01-09,39888.91015625,39930.0703125,39385.05078125,39605.08984375,117000000.0,,,,,,,,,,
2025-01-10,39550.25,39591.4609375,39166.05078125,39190.3984375,113200000.0,,,,,,,,,,
2025-01-14,39010.9609375,39054.3515625,38305.91015625,38474.30078125,126900000.0,,,,,,,,,,
2025-01-15,38721.609375,38774.98828125,38316.01171875,38444.578125,100700000.0,,,,,,,,,,
2025-01-16,38732.6484375,38932.5390625,38426.19921875,38572.6015625,114200000.0,,,,,,,,,,
2025-01-17,38454.1015625,38503.94140625,38055.6796875,38451.4609375,115300000.0,,,,,,,,,,
2025-01-20,38671.76953125,39032.9296875,38671.76953125,38902.5,87500000.0,,,,,,,,,,
2025-01-21,39163.53125,39238.2109375,38643.83984375,39027.98046875,93300000.0,,,,,,,,,,
2025-01-22,39355.21875,39694.5703125,39332.62890625,39646.25,108500000.0,,,,,,,,,,
2025-01-23,39810.05859375,40036.0703125,39677.21875,39958.87109375,119100000.0,,,,,,,,,,
2025-01-24,40060.48828125,40279.7890625,39806.69140625,39931.98046875,122600000.0,,,,,,,,,,
2025-01-27,40127.73828125,40255.6796875,39520.7890625,39565.80078125,117200000.0,,,,,,,,,,
2025-01-28,39400.01953125,39448.55078125,38886.05078125,39016.87109375,132000000.0,,,,,,,,,,
2025-01-29,39273.80078125,39448.23828125,39129.140625,39414.78125,108600000.0,,,,,,,,,,
2025-01-30,39302.8515625,39600.9296875,39221.359375,39513.96875,107900000.0,,,,,,,,,,
2025-01-31,39574.37890625,39681.8203125,39458.94921875,39572.48828125,123300000.0,,,,,,,,,,
2025-02-03,38932.66015625,38948.609375,38401.8203125,38520.08984375,169200000.0,,,,,,,,,,
2025-02-04,39078.66015625,39192.51171875,38590.9609375,38798.37109375,144300000.0,,,,,,,,,,
2025-02-05,38979.2109375,39118.94921875,38682.1796875,38831.48046875,151200000.0,,,,,,,,,,
2025-02-06,38977.578125,39190.12890625,38851.51171875,39066.53125,154700000.0,,,,,,,,,,
2025-02-07,38907.76171875,39007.94140625,38753.19921875,38787.01953125,148700000.0,,,,,,,,,,
2025-02-10,38736.37109375,38895.73828125,38606.3203125,38801.171875,134600000.0,,,,,,,,,,
2025-02-12,39049.12109375,39102.6484375,38794.23828125,38963.69921875,175500000.0,,,,,,,,,,
2025-02-13,39225.5,39581.46875,39112.171875,39461.46875,130400000.0,,,,,,,,,,
2025-02-14,39419.25,39543.9296875,39133.94140625,39149.4296875,132900000.0,,,,,,,,,,
2025-02-17,39094.08984375,39238.75,39021.23046875,39174.25,111300000.0,,,,,,,,,,
2025-02-18,39187.98828125,39508.55078125,39151.7109375,39270.3984375,116000000.0,,,,,,,,,,
2025-02-19,39230.62109375,39298.05078125,38994.69921875,39164.609375,124300000.0,,,,,,,,,,
2025-02-20,38942.91015625,38967.01171875,38468.71875,38678.0390625,125200000.0,,,,,,,,,,
2025-02-21,38523.0703125,38808.80859375,38456.53125,38776.94140625,130100000.0,,,,,,,,,,
2025-02-25,38359.671875,38485.94921875,38131.7890625,38237.7890625,132900000.0,,,,,,,,,,
2025-02-26,38143.6796875,38175.23828125,37742.76171875,38142.37109375,120800000.0,,,,,,,,,,
2025-02-27,38251.109375,38369.9609375,38061.94140625,38256.171875,121600000.0,,,,,,,,,,
2025-02-28,37853.48046875,37925.28125,36840.12109375,37155.5,191600000.0,,,,,,,,,,
2025-03-03,37617.5,37827.62109375,37372.26171875,37785.46875,115800000.0,,,,,,,,,,
2025-03-04,37532.01171875,37587.48828125,36816.16015625,37331.1796875,138200000.0,,,,,,,,,,
2025-03-05,37345.73828125,37606.33984375,37178.71875,37418.23828125,130900000.0,,,,,,,,,,
2025-03-06,37654.94921875,37874.37890625,37580.87890625,37704.9296875,137700000.0,,,,,,,,,,
2025-03-07,37198.30078125,37221.6484375,36813.62109375,36887.171875,136800000.0,,,,,,,,,,
2025-03-10,36972.58984375,37113.48046875,36705.01953125,37028.26953125,109800000.0,,,,,,,,,,
2025-03-11,36584.37109375,36793.109375,35987.12890625,36793.109375,153600000.0,,,,,,,,,,
2025-03-12,36763.1015625,36956.328125,36658.859375,36819.08984375,128700000.0,,,,,,,,,,
2025-03-13,37081.640625,37326.26953125,36776.94140625,36790.03125,119300000.0,,,,,,,,,,
2025-03-14,36606.78125,37154.390625,36594.0390625,37053.1015625,134800000.0,,,,,,,,,,
2025-03-17,37453.828125,37563.26953125,37377.55078125,37396.51953125,120300000.0,,,,,,,,,,
2025-03-18,37868.5703125,38004.19921875,37822.87109375,37845.421875,133500000.0,,,,,,,,,,
2025-03-19,37839.390625,38128.578125,37751.87890625,37751.87890625,116800000.0,,,,,,,,,,
2025-03-21,37619.37109375,37968.01953125,37619.37109375,37677.05859375,181800000.0,,,,,,,,,,
2025-03-24,37841.6796875,37841.6796875,37608.48828125,37608.48828125,101600000.0,,,,,,,,,,
2025-03-25,37953.1484375,38115.6484375,37686.26171875,37780.5390625,107300000.0,,,,,,,,,,
2025-03-26,38106.66015625,38220.69140625,37873.28125,38027.2890625,117100000.0,,,,,,,,,,
2025-03-27,37750.66015625,37859.05859375,37556.75,37799.96875,140000000.0,,,,,,,,,,
2025-03-28,37357.51953125,37359.94921875,36864.9296875,37120.328125,133200000.0,,,,,,,,,,
2025-03-31,36440.1796875,36440.1796875,35541.71875,35617.55859375,168400000.0,,,,,,,,,,
2025-04-01,35961.19140625,36052.5390625,35537.859375,35624.48046875,123600000.0,,,,,,,,,,
2025-04-02,35751.01953125,35778.8984375,35426.328125,35725.87109375,128700000.0,,,,,,,,,,
2025-04-03,35041.671875,35044.73046875,34102.0,34735.9296875,195800000.0,,,,,,,,,,
2025-04-04,34304.66015625,34320.109375,33259.76171875,33780.578125,227600000.0,,,,,,,,,,
2025-04-07,33154.96875,33158.87109375,30792.740234375,31136.580078125,266700000.0,,,,,,,,,,
2025-04-08,31729.109375,33257.16015625,31703.689453125,33012.578125,191900000.0,,,,,,,,,,
2025-04-09,32529.23046875,32565.83984375,31258.1796875,31714.029296875,199300000.0,,,,,,,,,,
2025-04-10,32321.2109375,34639.390625,32320.66015625,34609.0,201600000.0,,,,,,,,,,
2025-04-11,33951.25,33953.2890625,32626.580078125,33585.578125,182600000.0,,,,,,,,,,
2025-04-14,34006.37109375,34325.58984375,33887.69921875,33982.359375,118800000.0,,,,,,,,,,
2025-04-15,34349.01171875,34459.0,34266.30859375,34267.5390625,113800000.0,,,,,,,,,,
2025-04-16,34249.8203125,34329.26953125,33658.46875,33920.3984375,115600000.0,,,,,,,,,,
2025-04-17,33987.01171875,34379.12890625,33931.53125,34377.6015625,111200000.0,,,,,,,,,,
2025-04-18,34353.87890625,34758.96875,34224.5703125,34730.28125,102000000.0,,,,,,,,,,
2025-04-21,34556.23046875,34610.6015625,34216.98046875,34279.921875,96400000.0,,,,,,,,,,
2025-04-22,34111.140625,34340.5703125,34109.8515625,34220.6015625,99400000.0,,,,,,,,,,
2025-04-23,34787.9296875,35142.12109375,34682.28125,34868.62890625,133400000.0,,,,,,,,,,
2025-04-24,35194.7109375,35287.94921875,34960.6484375,35039.1484375,137100000.0,,,,,,,,,,
2025-04-25,35387.671875,35835.28125,35337.98046875,35705.73828125,134700000.0,,,,,,,,,,
2025-04-28,35962.80078125,36075.26171875,35773.48828125,35839.98828125,132400000.0,,,,,,,,,,
2025-04-30,35946.87890625,36056.51953125,35793.328125,36045.37890625,167100000.0,,,,,,,,,,
2025-05-01,36197.0390625,36544.1484375,36040.05078125,36452.30078125,131600000.0,,,,,,,,,,
2025-05-02,36636.55078125,36976.51171875,36606.578125,36830.69140625,141000000.0,,,,,,,,,,
2025-05-07,36903.66015625,36942.37890625,36731.390625,36779.66015625,156300000.0,,,,,,,,,,
2025-05-08,36863.37890625,36977.3515625,36606.7109375,36928.62890625,137300000.0,,,,,,,,,,
2025-05-09,37332.5703125,37557.41015625,37219.03125,37503.328125,201400000.0,,,,,,,,,,
2025-05-12,37697.28125,37726.44140625,37417.390625,37644.26171875,142900000.0,,,,,,,,,,
2025-05-13,38149.53125,38494.05859375,38124.19921875,38183.26171875,177400000.0,,,,,,,,,,
2025-05-14,38199.03125,38325.87890625,37851.80078125,38128.12890625,152100000.0,,,,,,,,,,
2025-05-15,37832.359375,37876.83984375,37633.359375,37755.51171875,134800000.0,,,,,,,,,,
2025-05-16,37748.578125,37786.4296875,37479.2109375,37753.71875,128100000.0,,,,,,,,,,
2025-05-19,37572.359375,37656.23046875,37445.9296875,37498.62890625,107600000.0,,,,,,,,,,
2025-05-20,37723.6015625,37921.80859375,37455.69921875,37529.48828125,125800000.0,,,,,,,,,,
2025-05-21,37590.1484375,37659.94140625,37298.98046875,37298.98046875,121300000.0,,,,,,,,,,
2025-05-22,36931.890625,37100.44921875,36855.828125,36985.87109375,110900000.0,,,,,,,,,,
2025-05-23,37161.73828125,37373.91015625,37111.62890625,37160.46875,105300000.0,,,,,,,,,,
2025-05-26,37209.26171875,37531.53125,37167.01171875,37531.53125,89900000.0,,,,,,,,,,
2025-05-27,37523.37109375,37769.05078125,37411.6796875,37724.109375,86200000.0,,,,,,,,,,
2025-05-28,38094.7890625,38178.73046875,37709.7109375,37722.3984375,122600000.0,,,,,,,,,,
2025-05-29,38046.96875,38454.0703125,38035.3203125,38432.98046875,133200000.0,,,,,,,,,,
2025-05-30,37912.48828125,38114.46875,37748.171875,37965.1015625,204300000.0,,,,,,,,,,
2025-06-02,37651.1796875,37651.1796875,37320.71875,37470.671875,109600000.0,,,,,,,,,,
2025-06-03,37598.30859375,37729.44921875,37446.80859375,37446.80859375,109300000.0,,,,,,,,,,
2025-06-04,37686.66015625,37868.421875,37672.46875,37747.44921875,106700000.0,,,,,,,,,,
2025-06-05,37590.390625,37732.87890625,37527.87890625,37554.48828125,113800000.0,,,,,,,,,,
2025-06-06,37590.44140625,37756.1484375,37590.421875,37741.609375,98100000.0,,,,,,,,,,
2025-06-09,38028.7109375,38178.01171875,38018.21875,38088.5703125,85700000.0,,,,,,,,,,
2025-06-10,38278.171875,38495.69921875,38139.1015625,38211.51171875,106000000.0,,,,,,,,,,
2025-06-11,38431.1015625,38529.640625,38288.28125,38421.19140625,109300000.0,,,,,,,,,,
2025-06-12,38324.9296875,38407.5703125,38102.05078125,38173.08984375,104500000.0,,,,,,,,,,
2025-06-13,38130.25,38141.58984375,37540.19921875,37834.25,143500000.0,,,,,,,,,,
2025-06-16,38056.859375,38342.51953125,38055.51953125,38311.328125,104700000.0,,,,,,,,,,
2025-06-17,38366.6796875,38581.25,38333.3515625,38536.73828125,103600000.0,,,,,,,,,,
2025-06-18,38364.16015625,38885.1484375,38364.16015625,38885.1484375,110000000.0,,,,,,,,,,
2025-06-19,38858.51953125,38870.55078125,38488.33984375,38488.33984375,89300000.0,,,,,,,,,,
2025-06-20,38472.25,38646.16015625,38362.5390625,38403.23046875,183900000.0,,,,,,,,,,
2025-06-23,38260.69140625,38368.21875,38026.3203125,38354.08984375,95800000.0,,,,,,,,,,
2025-06-24,38779.1796875,38990.109375,38665.609375,38790.55859375,100800000.0,,,,,,,,,,
2025-06-25,38904.1796875,38944.76953125,38711.109375,38942.0703125,102900000.0,,,,,,,,,,
2025-06-26,39072.140625,39615.58984375,39056.140625,39584.578125,123600000.0,,,,,,,,,,
2025-06-27,39866.359375,40267.83984375,39847.30859375,40150.7890625,156100000.0,,,,,,,,,,
2025-06-30,40550.7890625,40852.5390625,40322.5390625,40487.390625,143900000.0,,,,,,,,,,
2025-07-01,40340.640625,40345.87109375,39885.37890625,39986.328125,124000000.0,,,,,,,,,,
2025-07-02,39631.171875,39943.62109375,39444.69921875,39762.48046875,127600000.0,,,,,,,,,,
2025-07-03,39796.75,39865.890625,39667.8203125,39785.8984375,135400000.0,,,,,,,,,,
2025-07-04,39994.640625,40012.66015625,39693.3984375,39810.87890625,96600000.0,,,,,,,,,,
2025-07-07,39729.55859375,39829.37890625,39524.25,39587.6796875,93400000.0,,,,,,,,,,
2025-07-08,39542.0703125,39816.26953125,39510.48046875,39688.80859375,136600000.0,,,,,,,,,,
2025-07-09,39942.80078125,39971.05859375,39573.33984375,39821.28125,129000000.0,,,,,,,,,,
2025-07-10,39795.75,39795.75,39530.94921875,39646.359375,129300000.0,,,,,,,,,,
2025-07-11,39886.5390625,39957.80078125,39497.69921875,39569.6796875,115900000.0,,,,,,,,,,
2025-07-14,39416.1015625,39608.01953125,39288.8984375,39459.62109375,91500000.0,,,,,,,,,,
2025-07-15,39525.828125,39678.01953125,39379.3203125,39678.01953125,98800000.0,,,,,,,,,,
2025-07-16,39734.73828125,39923.609375,39520.9609375,39663.3984375,96400000.0,,,,,,,,,,
2025-07-17,39492.01953125,39910.9609375,39370.4296875,39901.19140625,101500000.0,,,,,,,,,,
2025-07-18,40072.390625,40087.58984375,39745.421875,39819.109375,92000000.0,,,,,,,,,,
2025-07-22,39864.62890625,40275.890625,39586.53125,39774.921875,112100000.0,,,,,,,,,,
2025-07-23,40189.1796875,41342.58984375,40087.859375,41171.3203125,221100000.0,,,,,,,,,,
2025-07-24,41657.98046875,42065.828125,41554.1796875,41826.33984375,149400000.0,,,,,,,,,,
2025-07-25,41760.578125,41773.69921875,41389.7890625,41456.23046875,117500000.0,,,,,,,,,,
2025-07-28,41515.91015625,41534.2109375,40997.87109375,40998.26953125,106500000.0,,,,,,,,,,
2025-07-29,40767.76953125,40792.8515625,40563.53125,40674.55078125,101000000.0,,,,,,,,,,
2025-07-30,40744.53125,40744.53125,40556.609375,40654.69921875,123700000.0,,,,,,,,,,
2025-07-31,40693.0,41151.25,40639.3203125,41069.8203125,134800000.0,,,,,,,,,,
2025-08-01,41029.83984375,41064.73046875,40588.171875,40799.6015625,148400000.0,,,,,,,,,,
2025-08-04,40118.80859375,40332.25,39850.51953125,40290.69921875,130800000.0,,,,,,,,,,
2025-08-05,40521.0,40649.37890625,40421.87890625,40549.5390625,145300000.0,,,,,,,,,,
2025-08-06,40430.4609375,40850.890625,40423.12890625,40794.859375,145500000.0,,,,,,,,,,
2025-08-07,40668.19140625,41164.109375,40668.19140625,41059.1484375,154000000.0,,,,,,,,,,
2025-08-08,41283.69921875,42033.921875,41248.05078125,41820.48046875,183300000.0,,,,,,,,,,
2025-08-12,42098.3203125,42999.7109375,42083.578125,42718.171875,176100000.0,,,,,,,,,,
2025-08-13,43090.91015625,43451.4609375,43008.19921875,43274.671875,154100000.0,,,,,,,,,,
2025-08-14,43129.1796875,43199.828125,42606.73046875,42649.26171875,127800000.0,,,,,,,,,,
2025-08-15,42866.37890625,43405.4296875,42736.859375,43378.30859375,134500000.0,,,,,,,,,,
2025-08-18,43452.8984375,43835.12109375,43390.21875,43714.30859375,124200000.0,,,,,,,,,,
2025-08-19,43846.55078125,43876.421875,43411.96875,43546.2890625,117100000.0,,,,,,,,,,
2025-08-20,43400.66015625,43425.78125,42724.1484375,42888.55078125,116700000.0,,,,,,,,,,
2025-08-21,42783.26171875,42926.109375,42564.30078125,42610.171875,103100000.0,,,,,,,,,,
2025-08-22,42629.80859375,42720.5703125,42331.390625,42633.2890625,97800000.0,,,,,,,,,,
2025-08-25,42977.26953125,43201.421875,42681.37109375,42807.8203125,102200000.0,,,,,,,,,,
2025-08-26,42619.66015625,42703.26953125,42137.62109375,42394.3984375,162600000.0,,,,,,,,,,
2025-08-27,42476.08984375,42628.0390625,42270.1796875,42520.26953125,108400000.0,,,,,,,,,,
2025-08-28,42308.140625,42828.7890625,42299.7890625,42828.7890625,112700000.0,,,,,,,,,,
2025-08-29,42774.2890625,42807.03125,42611.30859375,42718.46875,114900000.0,,,,,,,,,,
2025-09-01,42362.7109375,42454.98828125,41835.171875,42188.7890625,96600000.0,,,,,,,,,,
2025-09-02,42299.62890625,42473.671875,42084.78125,42310.48828125,99800000.0,,,,,,,,,,
2025-09-03,42085.66015625,42293.5390625,41863.19921875,41938.890625,130200000.0,,,,,,,,,,
2025-09-04,42093.69921875,42608.80078125,42066.58984375,42580.26953125,110300000.0,,,,,,,,,,
2025-09-05,42983.46875,43220.94140625,42783.5390625,43018.75,118300000.0,,,,,,,,,,
2025-09-08,43451.0703125,43838.6015625,43343.578125,43643.80859375,115500000.0,,,,,,,,,,
2025-09-09,43907.55078125,44185.73046875,43452.73828125,43459.2890625,117500000.0,,,,,,,,,,
2025-09-10,43513.16015625,43848.76953125,43509.01953125,43837.671875,115700000.0,,,,,,,,,,
2025-09-11,43876.21875,44396.94921875,43870.5390625,44372.5,107300000.0,,,,,,,,,,
2025-09-12,44803.30078125,44888.01953125,44548.5703125,44768.12109375,124900000.0,,,,,,,,,,
2025-09-16,44948.8515625,45055.37890625,44616.3203125,44902.26953125,111700000.0,,,,,,,,,,
2025-09-17,44751.83984375,45033.33984375,44612.0703125,44790.37890625,104600000.0,,,,,,,,,,
2025-09-18,44910.5,45508.671875,44815.3984375,45303.4296875,113700000.0,,,,,,,,,,
2025-09-19,45634.2890625,45852.75,44495.4609375,45045.80859375,208600000.0,,,,,,,,,,
2025-09-22,45193.76953125,45757.73828125,45193.76953125,45493.66015625,116600000.0,,,,,,,,,,
2025-09-24,45484.41015625,45693.28125,45205.46875,45630.30859375,131700000.0,,,,,,,,,,
2025-09-25,45600.0703125,45824.69140625,45503.30859375,45754.9296875,127200000.0,,,,,,,,,,
2025-09-26,45634.19921875,45766.76953125,45354.98828125,45354.98828125,147500000.0,,,,,,,,,,
2025-09-29,45113.2890625,45152.69921875,44890.19921875,45043.75,130500000.0,,,,,,,,,,
2025-09-30,45054.9609375,45126.23046875,44733.6015625,44932.62890625,160600000.0,,,,,,,,,,
2025-10-01,44831.94921875,44874.421875,44357.6484375,44550.8515625,136700000.0,,,,,,,,,,
2025-10-02,44736.03125,45125.9609375,44659.21875,44936.73046875,131100000.0,,,,,,,,,,
2025-10-03,45042.5390625,45778.66015625,45042.5390625,45769.5,117600000.0,,,,,,,,,,
2025-10-06,46636.0703125,48150.0390625,46592.98828125,47944.76171875,178300000.0,,,,,,,,,,
2025-10-07,48281.12109375,48527.328125,47904.37890625,47950.87890625,154200000.0,,,,,,,,,,
2025-10-08,47925.21875,48181.12109375,47728.26953125,47734.98828125,142200000.0,,,,,,,,,,
2025-10-09,48035.421875,48597.078125,47995.21875,48580.44140625,138500000.0,,,,,,,,,,
2025-10-10,48510.71875,48510.71875,47962.609375,48088.80078125,150700000.0,,,,,,,,,,
2025-10-14,47446.73046875,47865.6484375,46544.05078125,46847.3203125,170300000.0,,,,,,,,,,
2025-10-15,47002.30078125,47774.828125,46910.828125,47672.671875,118400000.0,,,,,,,,,,
2025-10-16,48107.44140625,48317.33984375,47937.71875,48277.73828125,121100000.0,,,,,,,,,,
2025-10-17,47820.96875,48140.8984375,47494.30859375,47582.1484375,124800000.0,,,,,,,,,,
2025-10-20,48332.7109375,49185.5,48254.828125,49185.5,121000000.0,,,,,,,,,,
2025-10-21,49675.4296875,49945.94921875,49127.19921875,49316.05859375,124500000.0,,,,,,,,,,
2025-10-22,49252.03125,49458.28125,48613.69921875,49307.7890625,141100000.0,,,,,,,,,,
2025-10-23,48866.578125,48866.578125,48399.05078125,48641.609375,107600000.0,,,,,,,,,,
2025-10-24,49095.26953125,49435.30859375,48965.78125,49299.6484375,109100000.0,,,,,,,,,,
2025-10-27,49905.80078125,50549.6015625,49838.98046875,50512.3203125,122100000.0,,,,,,,,,,
2025-10-28,50357.1484375,50485.80078125,50107.76953125,50219.1796875,119500000.0,,,,,,,,,,
2025-10-29,50453.640625,51412.96875,50365.62109375,51307.6484375,129700000.0,,,,,,,,,,
2025-10-30,51146.26953125,51657.28125,50972.55859375,51325.609375,230900000.0,,,,,,,,,,
2025-10-31,51629.80078125,52411.33984375,51613.03125,52411.33984375,180300000.0,,,,,,,,,,
2025-11-04,52294.30859375,52636.87109375,51497.19921875,51497.19921875,190100000.0,,,,,,,,,,
2025-11-05,51291.390625,51422.421875,49073.578125,50212.26953125,219700000.0,,,,,,,,,,
2025-11-06,50792.55078125,51248.28125,50594.19140625,50883.6796875,171300000.0,,,,,,,,,,
2025-11-07,50524.30859375,50642.7890625,49640.55859375,50276.37109375,146700000.0,,,,,,,,,,
2025-11-10,50645.26953125,50969.5,50392.44140625,50911.76171875,129700000.0,,,,,,,,,,
2025-11-11,51314.0390625,51513.16015625,50581.171875,50842.9296875,125900000.0,,,,,,,,,,
2025-11-12,50988.53125,51072.26171875,50537.5,51063.30859375,150400000.0,,,,,,,,,,
2025-11-13,51013.1484375,51338.890625,50954.26953125,51281.828125,135700000.0,,,,,,,,,,
2025-11-14,50767.73828125,50767.73828125,50246.6015625,50376.53125,149300000.0,,,,,,,,,,
2025-11-17,50282.390625,50398.16015625,49845.859375,50323.91015625,126000000.0,,,,,,,,,,
2025-11-18,49812.94921875,49971.55078125,48661.51953125,48702.98046875,137400000.0,,,,,,,,,,
2025-11-19,48822.87890625,49087.109375,48235.30078125,48537.69921875,136500000.0,,,,,,,,,,
2025-11-20,49129.2890625,50574.8203125,49113.390625,49823.94140625,139400000.0,,,,,,,,,,
2025-11-21,49251.26171875,49459.58984375,48490.03125,48625.87890625,212200000.0,,,,,,,,,,
2025-11-25,49113.8203125,49182.3203125,48511.94921875,48659.51953125,144500000.0,,,,,,,,,,
2025-11-26,49012.25,49749.58984375,48964.19140625,49559.0703125,134100000.0,,,,,,,,,,
2025-11-27,49868.7890625,50322.140625,49865.171875,50167.1015625,99300000.0,,,,,,,,,,
2025-11-28,50218.9609375,50258.25,49989.5390625,50253.91015625,98200000.0,,,,,,,,,,
2025-12-01,50318.58984375,50366.73828125,49215.9609375,49303.28125,118200000.0,,,,,,,,,,
2025-12-02,49494.578125,49636.7890625,49243.55078125,49303.44921875,127100000.0,,,,,,,,,,
2025-12-03,49540.640625,50138.6015625,49521.23046875,49864.6796875,119500000.0,,,,,,,,,,
2025-12-04,49942.94140625,51028.421875,49910.05859375,51028.421875,127300000.0,,,,,,,,,,
2025-12-05,50530.33984375,50634.8515625,50215.41015625,50491.87109375,119300000.0,,,,,,,,,,
2025-12-08,50643.08984375,50678.05078125,50224.6484375,50581.94140625,104400000.0,,,,,,,,,,
2025-12-09,50677.359375,50793.69140625,50417.109375,50655.1015625,107100000.0,,,,,,,,,,
2025-12-10,50878.66015625,51107.76953125,50329.26953125,50602.80078125,125100000.0,,,,,,,,,,
2025-12-11,50818.390625,50875.98046875,49926.26953125,50148.8203125,109900000.0,,,,,,,,,,
2025-12-12,50480.23046875,51127.69140625,50457.421875,50836.55078125,152200000.0,,,,,,,,,,
2025-12-15,50352.08984375,50432.1015625,49965.6796875,50168.109375,121900000.0,,,,,,,,,,
2025-12-16,50051.23828125,50051.23828125,49355.87109375,49383.2890625,124600000.0,,,,,,,,,,
2025-12-17,49413.19140625,49571.5,49077.80859375,49512.28125,113200000.0,,,,,,,,,,
2025-12-18,49058.30859375,49169.7890625,48643.78125,49001.5,116200000.0,,,,,,,,,,
2025-12-19,49387.7109375,49766.9609375,49257.1484375,49507.2109375,163300000.0,,,,,,,,,,
2025-12-22,50084.55078125,50590.87890625,49982.19921875,50402.390625,112900000.0,,,,,,,,,,
2025-12-23,50374.48046875,50544.55859375,50264.421875,50412.87109375,92700000.0,,,,,,,,,,
2025-12-24,50475.48046875,50636.94921875,50323.921875,50344.1015625,83200000.0,,,,,,,,,,
2025-12-25,50450.1796875,50510.109375,50283.76171875,50407.7890625,58300000.0,,,,,,,,,,
2025-12-26,50527.12890625,50941.890625,50527.12890625,50750.390625,81100000.0,,,,,,,,,,
2025-12-29,50691.21875,50707.23046875,50347.6484375,50526.921875,98000000.0,,,,,,,,,,
2025-12-30,50312.8515625,50534.640625,50198.96875,50339.48046875,93700000.0,,,,,,,,,,
2026-01-05,51010.28125,52033.23828125,50995.671875,51832.80078125,139400000.0,,,,,,,,,,
2026-01-06,52157.21875,52523.76953125,52024.62109375,52518.078125,151900000.0,,,,,,,,,,
2026-01-07,52144.640625,52404.109375,51830.3984375,51961.98046875,138600000.0,,,,,,,,,,
2026-01-08,51769.828125,51866.19140625,51052.828125,51117.26171875,135400000.0,,,,,,,,,,
2026-01-09,51367.98046875,51986.91015625,51189.140625,51939.890625,133100000.0,,,,,,,,,,
2026-01-13,52808.2890625,53814.7890625,52741.640625,53549.16015625,168500000.0,,,,,,,,,,
2026-01-14,53827.23828125,54487.3203125,53792.6796875,54341.23046875,144500000.0,,,,,,,,,,
2026-01-15,54039.3984375,54153.609375,53709.87109375,54110.5,150900000.0,,,,,,,,,,
2026-01-16,54071.28125,54130.6015625,53706.7890625,53936.171875,144300000.0,,,,,,,,,,
2026-01-19,53390.05078125,53583.5703125,53091.44921875,53583.5703125,122900000.0,,,,,,,,,,
2026-01-20,53348.58984375,53408.3515625,52852.8984375,52991.1015625,126800000.0,,,,,,,,,,
2026-01-21,52228.078125,52848.78125,52194.80859375,52774.640625,139000000.0,,,,,,,,,,
2026-01-22,53327.390625,53922.53125,53242.37890625,53688.890625,150900000.0,,,,,,,,,,
2026-01-23,53898.44921875,54050.83984375,53603.6796875,53846.87109375,129500000.0,,,,,,,,,,
2026-01-26,53023.28125,53138.671875,52656.0,52885.25,138300000.0,,,,,,,,,,
2026-01-27,52847.5390625,53334.03125,52637.66015625,53333.5390625,136700000.0,,,,,,,,,,
2026-01-28,53023.87890625,53507.1796875,52788.1015625,53358.7109375,149800000.0,,,,,,,,,,
2026-01-29,53301.26171875,53742.69140625,52990.421875,53375.6015625,154500000.0,,,,,,,,,,
2026-01-30,53434.73046875,53590.23828125,52923.12109375,53322.8515625,156800000.0,,,,,,,,,,
2026-02-02,53575.37109375,54247.1484375,52655.1796875,52655.1796875,153800000.0,,,,,,,,,,
2026-02-03,53332.1796875,54782.828125,53307.73828125,54720.66015625,156900000.0,,,,,,,,,,
2026-02-04,54250.41015625,54459.41015625,53965.51171875,54293.359375,186300000.0,,,,,,,,,,
2026-02-05,54289.05078125,54459.078125,53653.05859375,53818.0390625,213200000.0,,,,,,,,,,
2026-02-06,53435.37109375,54253.6796875,52950.1484375,54253.6796875,188900000.0,,,,,,,,,,
2026-02-09,55130.62890625,57337.0703125,55018.5703125,56363.94140625,205000000.0,,,,,,,,,,
2026-02-10,56812.01171875,57960.19140625,56812.01171875,57650.5390625,191500000.0,,,,,,,,,,
2026-02-12,57864.73828125,58015.078125,57554.48828125,57639.83984375,190000000.0,,,,,,,,,,
2026-02-13,57197.328125,57407.25,56652.48046875,56941.96875,210000000.0,,,,,,,,,,
2026-02-16,57212.96875,57219.19921875,56748.1796875,56806.41015625,137400000.0,,,,,,,,,,
2026-02-17,56819.37109375,56926.23828125,56135.12109375,56566.48828125,132600000.0,,,,,,,,,,
2026-02-18,56734.26953125,57392.890625,56734.26953125,57143.83984375,130100000.0,,,,,,,,,,
2026-02-19,57472.078125,57709.8203125,57362.01171875,57467.828125,135500000.0,,,,,,,,,,
2026-02-20,56979.73828125,56979.73828125,56680.87890625,56825.69921875,152400000.0,,,,,,,,,,
2026-02-23,56764.140625,57421.671875,56732.9296875,57321.08984375,157800000.0,,,,,,,,,,
2026-02-24,56764.140625,57421.671875,56732.9296875,57321.08984375,157800000.0,,,,,,,,,,
2026-02-25,57695.3984375,58875.171875,57656.5,58583.12109375,167100000.0,,,,,,,,,,
2026-02-26,58995.390625,59332.4296875,58577.83984375,58753.390625,155300000.0,,,,,,,,,,
2026-02-27,58606.03125,58924.171875,58130.5703125,58850.26953125,192400000.0,,,,,,,,,,
2026-03-02,57976.19921875,58365.2109375,57285.76953125,58057.23828125,162400000.0,,,,,,,,,,
2026-03-03,57729.80078125,57890.76171875,56091.5390625,56279.05078125,179000000.0,,,,,,,,,,
2026-03-04,55470.87890625,55701.26953125,53618.19921875,54245.5390625,214000000.0,,,,,,,,,,
2026-03-05,55204.16015625,56619.98046875,54910.328125,55278.05859375,184900000.0,,,,,,,,,,
2026-03-06,54674.6015625,55686.55859375,54513.4296875,55620.83984375,142800000.0,,,,,,,,,,
2026-03-09,54608.62890625,54608.62890625,51407.66015625,52728.71875,219400000.0,,,,,,,,,,
2026-03-10,53524.08984375,54694.890625,53487.19140625,54248.390625,162500000.0,,,,,,,,,,
2026-03-11,54917.9296875,55745.37890625,54882.578125,55025.37109375,146900000.0,,,,,,,,,,
2026-03-12,54387.8984375,54733.078125,53796.01171875,54452.9609375,154100000.0,,,,,,,,,,
2026-03-13,53587.30078125,54065.30859375,53286.69140625,53819.609375,169000000.0,,,,,,,,,,
2026-03-16,53627.859375,53983.51171875,53113.94921875,53751.1484375,128800000.0,,,,,,,,,,
2026-03-17,54286.26171875,54388.4296875,53482.58984375,53700.390625,117800000.0,,,,,,,,,,
2026-03-18,54148.83984375,55239.3984375,54148.83984375,55239.3984375,136700000.0,,,,,,,,,,
2026-03-19,54287.80078125,54333.01953125,53190.1796875,53372.53125,200600000.0,,,,,,,,,,
2026-03-23,52468.71875,52479.80859375,50688.76171875,51515.48828125,177100000.0,,,,,,,,,,
2026-03-24,52380.6015625,52701.98828125,51645.1484375,52252.28125,131800000.0,,,,,,,,,,
2026-03-25,53015.80078125,54022.87890625,53015.80078125,53749.62109375,133700000.0,,,,,,,,,,
2026-03-26,53855.12890625,54175.80078125,53176.76953125,53603.6484375,124500000.0,,,,,,,,,,
2026-03-27,53239.58984375,53714.8984375,52516.921875,53373.0703125,170500000.0,,,,,,,,,,
2026-03-30,52054.6796875,52054.6796875,50566.98828125,51885.8515625,183100000.0,,,,,,,,,,
2026-03-31,51382.53125,52169.01171875,50558.91015625,51063.71875,174500000.0,,,,,,,,,,
2026-04-01,51959.46875,53739.6796875,51902.83984375,53739.6796875,165900000.0,,,,,,,,,,
2026-04-02,54066.828125,54258.48046875,52273.0703125,52463.26953125,163200000.0,,,,,,,,,,
2026-04-03,53039.3984375,53426.30859375,52925.1015625,53123.48828125,104100000.0,,,,,,,,,,
2026-04-06,53205.9296875,54039.33984375,53205.9296875,53413.6796875,102500000.0,,,,,,,,,,
2026-04-07,53571.28125,53916.3515625,53156.94140625,53429.55859375,118800000.0,,,,,,,,,,
2026-04-08,54386.6484375,56424.62890625,54380.01953125,56308.421875,186700000.0,,,,,,,,,,
2026-04-09,56199.859375,56406.48828125,55763.05078125,55895.3203125,154700000.0,,,,,,,,,,
2026-04-10,56265.76953125,57012.76953125,56251.1796875,56924.109375,165000000.0,,,,,,,,,,
2026-04-13,56421.4609375,56765.71875,56232.78125,56502.76953125,135300000.0,,,,,,,,,,
2026-04-14,57085.6484375,57979.8203125,57010.1796875,57877.390625,143700000.0,,,,,,,,,,
2026-04-15,58265.1796875,58585.94921875,58028.75,58134.23828125,161000000.0,,,,,,,,,,
2026-04-16,58479.828125,59688.1015625,58428.19140625,59518.33984375,150300000.0,,,,,,,,,,
2026-04-17,59255.08984375,59381.25,58475.8984375,58475.8984375,140000000.0,,,,,,,,,,
2026-04-20,58821.16015625,59169.12890625,58687.9609375,58824.890625,121500000.0,,,,,,,,,,
2026-04-21,59031.51171875,59611.91015625,59004.76171875,59349.171875,129500000.0,,,,,,,,,,
2026-04-22,59104.109375,59708.2109375,59005.48046875,59585.859375,145700000.0,,,,,,,,,,
2026-04-23,59758.640625,60013.98046875,58621.48046875,59140.23046875,165300000.0,,,,,,,,,,
2026-04-24,59407.44140625,59763.6796875,59225.37109375,59716.1796875,141400000.0,,,,,,,,,,
2026-04-27,59880.7109375,60903.94921875,59608.62890625,60537.359375,148900000.0,,,,,,,,,,
2026-04-28,60531.78125,60634.66015625,59701.83984375,59917.4609375,174500000.0,,,,,,,,,,
2026-04-30,59484.7109375,59560.5703125,58928.19921875,59284.921875,201600000.0,,,,,,,,,,
2026-05-01,59379.12109375,59706.69921875,59263.5,59513.12109375,150700000.0,,,,,,,,,,
2026-05-07,60241.30859375,63091.140625,60213.01953125,62833.83984375,230800000.0,,,,,,,,,,
2026-05-08,62654.01171875,62724.359375,62137.94921875,62713.6484375,213500000.0,,,,,,,,,,
2026-05-11,63203.44140625,63385.0390625,62380.62109375,62417.87890625,202300000.0,,,,,,,,,,
2026-05-12,62618.71875,63218.51171875,62158.4296875,62742.5703125,189200000.0,,,,,,,,,,
2026-05-13,62398.01953125,63347.91015625,62318.87109375,63272.109375,181000000.0,,,,,,,,,,
2026-05-14,63263.4609375,63799.3203125,62654.05078125,62654.05078125,207700000.0,,,,,,,,,,
2026-05-15,62878.7109375,63235.76953125,60937.30078125,61409.2890625,213900000.0,,,,,,,,,,
2026-05-18,61299.87109375,61478.55078125,60376.98046875,60815.94921875,168100000.0,,,,,,,,,,
2026-05-19,61202.83984375,61456.30859375,60256.328125,60550.58984375,175800000.0,,,,,,,,,,
2026-05-20,60567.26953125,60567.26953125,59292.25,59804.41015625,182500000.0,,,,,,,,,,
2026-05-21,60374.83984375,62043.53125,60282.3515625,61684.140625,166600000.0,,,,,,,,,,
2026-05-22,61913.359375,63432.41015625,61842.55859375,63339.0703125,158800000.0,,,,,,,,,,
